Running without Marker API. Activate Marker API with -m on commandline.
INFO: Using maximum configured thread group size 30
[AUTO TUNE] Any selected values for time block and number of frontlines are ignored
[AUTO TUNE] [AUTO TUNE] Allocated based on diam width: 72
[AUTO TUNE] Tuning case(s) [22] (thread group size, th_z, th_y, th_x, th_c): (1, 1, 1, 1, 1) (2, 1, 1, 2, 1) (2, 1, 2, 1, 1) (2, 2, 1, 1, 1) (3, 1, 1, 3, 1) (3, 3, 1, 1, 1) (5, 5, 1, 1, 1) (6, 1, 2, 3, 1) (6, 2, 1, 3, 1) (6, 3, 1, 2, 1) (6, 3, 2, 1, 1) (6, 6, 1, 1, 1) (10, 5, 1, 2, 1) (10, 5, 2, 1, 1) (10, 10, 1, 1, 1) (15, 5, 1, 3, 1) (15, 15, 1, 1, 1) (30, 5, 2, 3, 1) (30, 10, 1, 3, 1) (30, 15, 1, 2, 1) (30, 15, 2, 1, 1) (30, 30, 1, 1, 1) 

[AUTO TUNE] START tune case #00: Thread group size:01  thc:01  thx:01  thy:01  thz:01  Possilbe diam width: 8
[AUTO TUNE]   Diamond width:08  [wavefronts #: pefromance (MLUPS/s)]
OMP: Info #277: omp_set_nested routine deprecated, please use omp_set_max_active_levels instead.
[AUTO TUNE]     [001: 28507.70]  time:2.045763e-01  MLUPS:005832  cache block size:28500kiB  reps:1  perf err: 100.0%
OMP: Info #277: omp_set_nested routine deprecated, please use omp_set_max_active_levels instead.
[AUTO TUNE]     [001: 22560.90]  time:6.031674e-01  MLUPS:013608  cache block size:28500kiB  reps:2  perf err: 26.4%
OMP: Info #277: omp_set_nested routine deprecated, please use omp_set_max_active_levels instead.
[AUTO TUNE]     [001: 20947.78]  time:1.020824e+00  MLUPS:021384  cache block size:28500kiB  reps:3  perf err:  7.7%
OMP: Info #277: omp_set_nested routine deprecated, please use omp_set_max_active_levels instead.
[AUTO TUNE]     [001: 20314.66]  time:1.435417e+00  MLUPS:029160  cache block size:28500kiB  reps:4  perf err:  3.1%
OMP: Info #277: omp_set_nested routine deprecated, please use omp_set_max_active_levels instead.
[AUTO TUNE]     [001: 20050.11]  time:1.842184e+00  MLUPS:036936  cache block size:28500kiB  reps:5  perf err:  1.3%
OMP: Info #277: omp_set_nested routine deprecated, please use omp_set_max_active_levels instead.
[AUTO TUNE]     [002: 28913.80]  time:2.017030e-01  MLUPS:005832  cache block size:34200kiB  reps:1  perf err: 100.0%
OMP: Info #277: omp_set_nested routine deprecated, please use omp_set_max_active_levels instead.
[AUTO TUNE]     [002: 21863.94]  time:6.223946e-01  MLUPS:013608  cache block size:34200kiB  reps:2  perf err: 32.2%
OMP: Info #277: omp_set_nested routine deprecated, please use omp_set_max_active_levels instead.
[AUTO TUNE]     [002: 20998.93]  time:1.018337e+00  MLUPS:021384  cache block size:34200kiB  reps:3  perf err:  4.1%
OMP: Info #277: omp_set_nested routine deprecated, please use omp_set_max_active_levels instead.
[AUTO TUNE]     [002: 20220.42]  time:1.442107e+00  MLUPS:029160  cache block size:34200kiB  reps:4  perf err:  3.9%
OMP: Info #277: omp_set_nested routine deprecated, please use omp_set_max_active_levels instead.
[AUTO TUNE]     [002: 19938.51]  time:1.852496e+00  MLUPS:036936  cache block size:34200kiB  reps:5  perf err:  1.4%
[AUTO TUNE] COMPLETE tune case #00: Thread group size:01  thc:01  thx:01  thy:01  thz:01  t_dim:01  bs_z:01  perf:20050.11 MLUP/s

[AUTO TUNE] START tune case #01: Thread group size:02  thc:01  thx:02  thy:01  thz:01  Possilbe diam width: 8
[AUTO TUNE]   Diamond width:08  [wavefronts #: pefromance (MLUPS/s)]
OMP: Info #277: omp_set_nested routine deprecated, please use omp_set_max_active_levels instead.
[AUTO TUNE]     [001: 23112.16]  time:2.523347e-01  MLUPS:005832  cache block size:14250kiB  reps:1  perf err: 100.0%
OMP: Info #277: omp_set_nested routine deprecated, please use omp_set_max_active_levels instead.
[AUTO TUNE]     [001: 18054.98]  time:7.536978e-01  MLUPS:013608  cache block size:14250kiB  reps:2  perf err: 28.0%
OMP: Info #277: omp_set_nested routine deprecated, please use omp_set_max_active_levels instead.
[AUTO TUNE]     [001: 16750.89]  time:1.276589e+00  MLUPS:021384  cache block size:14250kiB  reps:3  perf err:  7.8%
OMP: Info #277: omp_set_nested routine deprecated, please use omp_set_max_active_levels instead.
[AUTO TUNE]     [001: 16533.41]  time:1.763702e+00  MLUPS:029160  cache block size:14250kiB  reps:4  perf err:  1.3%
OMP: Info #277: omp_set_nested routine deprecated, please use omp_set_max_active_levels instead.
[AUTO TUNE]     [002: 22044.36]  time:2.645575e-01  MLUPS:005832  cache block size:17100kiB  reps:1  perf err: 100.0%
OMP: Info #277: omp_set_nested routine deprecated, please use omp_set_max_active_levels instead.
[AUTO TUNE]     [002: 16904.75]  time:8.049809e-01  MLUPS:013608  cache block size:17100kiB  reps:2  perf err: 30.4%
OMP: Info #277: omp_set_nested routine deprecated, please use omp_set_max_active_levels instead.
[AUTO TUNE]     [002: 16112.74]  time:1.327148e+00  MLUPS:021384  cache block size:17100kiB  reps:3  perf err:  4.9%
OMP: Info #277: omp_set_nested routine deprecated, please use omp_set_max_active_levels instead.
[AUTO TUNE]     [002: 15639.72]  time:1.864484e+00  MLUPS:029160  cache block size:17100kiB  reps:4  perf err:  3.0%
OMP: Info #277: omp_set_nested routine deprecated, please use omp_set_max_active_levels instead.
[AUTO TUNE]     [002: 15371.26]  time:2.402927e+00  MLUPS:036936  cache block size:17100kiB  reps:5  perf err:  1.7%
[AUTO TUNE] COMPLETE tune case #01: Thread group size:02  thc:01  thx:02  thy:01  thz:01  t_dim:01  bs_z:01  perf:16533.41 MLUP/s

[AUTO TUNE] START tune case #02: Thread group size:02  thc:01  thx:01  thy:02  thz:01  Possilbe diam width: 8
[AUTO TUNE]   Diamond width:08  [wavefronts #: pefromance (MLUPS/s)]
OMP: Info #277: omp_set_nested routine deprecated, please use omp_set_max_active_levels instead.
[AUTO TUNE]     [001: 21714.75]  time:2.685732e-01  MLUPS:005832  cache block size:14250kiB  reps:1  perf err: 100.0%
OMP: Info #277: omp_set_nested routine deprecated, please use omp_set_max_active_levels instead.
[AUTO TUNE]     [001: 17882.23]  time:7.609790e-01  MLUPS:013608  cache block size:14250kiB  reps:2  perf err: 21.4%
OMP: Info #277: omp_set_nested routine deprecated, please use omp_set_max_active_levels instead.
[AUTO TUNE]     [001: 16796.80]  time:1.273099e+00  MLUPS:021384  cache block size:14250kiB  reps:3  perf err:  6.5%
OMP: Info #277: omp_set_nested routine deprecated, please use omp_set_max_active_levels instead.
[AUTO TUNE]     [001: 16445.11]  time:1.773171e+00  MLUPS:029160  cache block size:14250kiB  reps:4  perf err:  2.1%
OMP: Info #277: omp_set_nested routine deprecated, please use omp_set_max_active_levels instead.
[AUTO TUNE]     [002: 21375.02]  time:2.728419e-01  MLUPS:005832  cache block size:17100kiB  reps:1  perf err: 100.0%
OMP: Info #277: omp_set_nested routine deprecated, please use omp_set_max_active_levels instead.
[AUTO TUNE]     [002: 17397.75]  time:7.821701e-01  MLUPS:013608  cache block size:17100kiB  reps:2  perf err: 22.9%
OMP: Info #277: omp_set_nested routine deprecated, please use omp_set_max_active_levels instead.
[AUTO TUNE]     [002: 16460.09]  time:1.299142e+00  MLUPS:021384  cache block size:17100kiB  reps:3  perf err:  5.7%
OMP: Info #277: omp_set_nested routine deprecated, please use omp_set_max_active_levels instead.
[AUTO TUNE]     [002: 16034.24]  time:1.818608e+00  MLUPS:029160  cache block size:17100kiB  reps:4  perf err:  2.7%
OMP: Info #277: omp_set_nested routine deprecated, please use omp_set_max_active_levels instead.
[AUTO TUNE]     [002: 15911.61]  time:2.321323e+00  MLUPS:036936  cache block size:17100kiB  reps:5  perf err:  0.8%
[AUTO TUNE] COMPLETE tune case #02: Thread group size:02  thc:01  thx:01  thy:02  thz:01  t_dim:01  bs_z:01  perf:16445.11 MLUP/s

[AUTO TUNE] START tune case #03: Thread group size:02  thc:01  thx:01  thy:01  thz:02  Possilbe diam width: 8
[AUTO TUNE]   Diamond width:08  [wavefronts #: pefromance (MLUPS/s)]
OMP: Info #277: omp_set_nested routine deprecated, please use omp_set_max_active_levels instead.
[AUTO TUNE]     [002: 19300.48]  time:3.021687e-01  MLUPS:005832  cache block size:17100kiB  reps:1  perf err: 100.0%
OMP: Info #277: omp_set_nested routine deprecated, please use omp_set_max_active_levels instead.
[AUTO TUNE]     [002: 14807.75]  time:9.189780e-01  MLUPS:013608  cache block size:17100kiB  reps:2  perf err: 30.3%
OMP: Info #277: omp_set_nested routine deprecated, please use omp_set_max_active_levels instead.
[AUTO TUNE]     [002: 13833.88]  time:1.545771e+00  MLUPS:021384  cache block size:17100kiB  reps:3  perf err:  7.0%
OMP: Info #277: omp_set_nested routine deprecated, please use omp_set_max_active_levels instead.
[AUTO TUNE]     [002: 13432.27]  time:2.170891e+00  MLUPS:029160  cache block size:17100kiB  reps:4  perf err:  3.0%
OMP: Info #277: omp_set_nested routine deprecated, please use omp_set_max_active_levels instead.
[AUTO TUNE]     [002: 13207.46]  time:2.796602e+00  MLUPS:036936  cache block size:17100kiB  reps:5  perf err:  1.7%
OMP: Info #277: omp_set_nested routine deprecated, please use omp_set_max_active_levels instead.
[AUTO TUNE]     [004: 17908.54]  time:3.256546e-01  MLUPS:005832  cache block size:22800kiB  reps:1  perf err: 100.0%
OMP: Info #277: omp_set_nested routine deprecated, please use omp_set_max_active_levels instead.
[AUTO TUNE]     [004: 13800.93]  time:9.860206e-01  MLUPS:013608  cache block size:22800kiB  reps:2  perf err: 29.8%
OMP: Info #277: omp_set_nested routine deprecated, please use omp_set_max_active_levels instead.
[AUTO TUNE]     [004: 12940.90]  time:1.652435e+00  MLUPS:021384  cache block size:22800kiB  reps:3  perf err:  6.6%
OMP: Info #277: omp_set_nested routine deprecated, please use omp_set_max_active_levels instead.
[AUTO TUNE]     [004: 12589.83]  time:2.316155e+00  MLUPS:029160  cache block size:22800kiB  reps:4  perf err:  2.8%
OMP: Info #277: omp_set_nested routine deprecated, please use omp_set_max_active_levels instead.
[AUTO TUNE]     [004: 12409.96]  time:2.976319e+00  MLUPS:036936  cache block size:22800kiB  reps:5  perf err:  1.4%
[AUTO TUNE] COMPLETE tune case #03: Thread group size:02  thc:01  thx:01  thy:01  thz:02  t_dim:01  bs_z:02  perf:13207.46 MLUP/s

[AUTO TUNE] START tune case #04: Thread group size:03  thc:01  thx:03  thy:01  thz:01  Possilbe diam width: 8 24
[AUTO TUNE]   Diamond width:08  [wavefronts #: pefromance (MLUPS/s)]
OMP: Info #277: omp_set_nested routine deprecated, please use omp_set_max_active_levels instead.
[AUTO TUNE]     [001: 18660.10]  time:3.125386e-01  MLUPS:005832  cache block size:9500kiB  reps:1  perf err: 100.0%
OMP: Info #277: omp_set_nested routine deprecated, please use omp_set_max_active_levels instead.
[AUTO TUNE]     [001: 14376.38]  time:9.465526e-01  MLUPS:013608  cache block size:9500kiB  reps:2  perf err: 29.8%
OMP: Info #277: omp_set_nested routine deprecated, please use omp_set_max_active_levels instead.
[AUTO TUNE]     [001: 13627.23]  time:1.569212e+00  MLUPS:021384  cache block size:9500kiB  reps:3  perf err:  5.5%
OMP: Info #277: omp_set_nested routine deprecated, please use omp_set_max_active_levels instead.
[AUTO TUNE]     [001: 13249.50]  time:2.200837e+00  MLUPS:029160  cache block size:9500kiB  reps:4  perf err:  2.9%
OMP: Info #277: omp_set_nested routine deprecated, please use omp_set_max_active_levels instead.
[AUTO TUNE]     [001: 13059.81]  time:2.828218e+00  MLUPS:036936  cache block size:9500kiB  reps:5  perf err:  1.5%
OMP: Info #277: omp_set_nested routine deprecated, please use omp_set_max_active_levels instead.
[AUTO TUNE]     [002: 18629.32]  time:3.130549e-01  MLUPS:005832  cache block size:11400kiB  reps:1  perf err: 100.0%
OMP: Info #277: omp_set_nested routine deprecated, please use omp_set_max_active_levels instead.
[AUTO TUNE]     [002: 14338.50]  time:9.490533e-01  MLUPS:013608  cache block size:11400kiB  reps:2  perf err: 29.9%
OMP: Info #277: omp_set_nested routine deprecated, please use omp_set_max_active_levels instead.
[AUTO TUNE]     [002: 13693.30]  time:1.561640e+00  MLUPS:021384  cache block size:11400kiB  reps:3  perf err:  4.7%
OMP: Info #277: omp_set_nested routine deprecated, please use omp_set_max_active_levels instead.
[AUTO TUNE]     [002: 13083.43]  time:2.228774e+00  MLUPS:029160  cache block size:11400kiB  reps:4  perf err:  4.7%
OMP: Info #277: omp_set_nested routine deprecated, please use omp_set_max_active_levels instead.
[AUTO TUNE]     [002: 12981.26]  time:2.845333e+00  MLUPS:036936  cache block size:11400kiB  reps:5  perf err:  0.8%
[AUTO TUNE]   Diamond width:24  [wavefronts #: pefromance (MLUPS/s)]
OMP: Info #277: omp_set_nested routine deprecated, please use omp_set_max_active_levels instead.
[AUTO TUNE]     [001: 27840.75]  time:4.887799e-01  MLUPS:013608  cache block size:67260kiB  reps:1  perf err: 100.0%
OMP: Info #277: omp_set_nested routine deprecated, please use omp_set_max_active_levels instead.
[AUTO TUNE]     [001: 25426.63]  time:1.452651e+00  MLUPS:036936  cache block size:67260kiB  reps:2  perf err:  9.5%
OMP: Info #277: omp_set_nested routine deprecated, please use omp_set_max_active_levels instead.
[AUTO TUNE]     [001: 25211.92]  time:2.390298e+00  MLUPS:060264  cache block size:67260kiB  reps:3  perf err:  0.9%
OMP: Info #277: omp_set_nested routine deprecated, please use omp_set_max_active_levels instead.
[AUTO TUNE]     [002: 27842.53]  time:4.887487e-01  MLUPS:013608  cache block size:72200kiB  reps:1  perf err: 100.0%
OMP: Info #277: omp_set_nested routine deprecated, please use omp_set_max_active_levels instead.
[AUTO TUNE]     [002: 26001.97]  time:1.420508e+00  MLUPS:036936  cache block size:72200kiB  reps:2  perf err:  7.1%
OMP: Info #277: omp_set_nested routine deprecated, please use omp_set_max_active_levels instead.
[AUTO TUNE]     [002: 26012.37]  time:2.316744e+00  MLUPS:060264  cache block size:72200kiB  reps:3  perf err:  0.0%
OMP: Info #277: omp_set_nested routine deprecated, please use omp_set_max_active_levels instead.
[AUTO TUNE]     [003: 28143.30]  time:4.835254e-01  MLUPS:013608  cache block size:77140kiB  reps:1  perf err: 100.0%
OMP: Info #277: omp_set_nested routine deprecated, please use omp_set_max_active_levels instead.
[AUTO TUNE]     [003: 25982.45]  time:1.421575e+00  MLUPS:036936  cache block size:77140kiB  reps:2  perf err:  8.3%
OMP: Info #277: omp_set_nested routine deprecated, please use omp_set_max_active_levels instead.
[AUTO TUNE]     [003: 25949.51]  time:2.322356e+00  MLUPS:060264  cache block size:77140kiB  reps:3  perf err:  0.1%
[AUTO TUNE] COMPLETE tune case #04: Thread group size:03  thc:01  thx:03  thy:01  thz:01  t_dim:05  bs_z:02  perf:26012.37 MLUP/s

[AUTO TUNE] START tune case #05: Thread group size:03  thc:01  thx:01  thy:01  thz:03  Possilbe diam width: 8 24
[AUTO TUNE]   Diamond width:08  [wavefronts #: pefromance (MLUPS/s)]
OMP: Info #277: omp_set_nested routine deprecated, please use omp_set_max_active_levels instead.
[AUTO TUNE]     [003: 20429.68]  time:2.854670e-01  MLUPS:005832  cache block size:13300kiB  reps:1  perf err: 100.0%
OMP: Info #277: omp_set_nested routine deprecated, please use omp_set_max_active_levels instead.
[AUTO TUNE]     [003: 15909.97]  time:8.553129e-01  MLUPS:013608  cache block size:13300kiB  reps:2  perf err: 28.4%
OMP: Info #277: omp_set_nested routine deprecated, please use omp_set_max_active_levels instead.
[AUTO TUNE]     [003: 15001.94]  time:1.425416e+00  MLUPS:021384  cache block size:13300kiB  reps:3  perf err:  6.1%
OMP: Info #277: omp_set_nested routine deprecated, please use omp_set_max_active_levels instead.
[AUTO TUNE]     [003: 14640.24]  time:1.991771e+00  MLUPS:029160  cache block size:13300kiB  reps:4  perf err:  2.5%
OMP: Info #277: omp_set_nested routine deprecated, please use omp_set_max_active_levels instead.
[AUTO TUNE]     [006: 19946.68]  time:2.923794e-01  MLUPS:005832  cache block size:19000kiB  reps:1  perf err: 100.0%
OMP: Info #277: omp_set_nested routine deprecated, please use omp_set_max_active_levels instead.
[AUTO TUNE]     [006: 15417.99]  time:8.826051e-01  MLUPS:013608  cache block size:19000kiB  reps:2  perf err: 29.4%
OMP: Info #277: omp_set_nested routine deprecated, please use omp_set_max_active_levels instead.
[AUTO TUNE]     [006: 14910.53]  time:1.434154e+00  MLUPS:021384  cache block size:19000kiB  reps:3  perf err:  3.4%
OMP: Info #277: omp_set_nested routine deprecated, please use omp_set_max_active_levels instead.
[AUTO TUNE]     [006: 14521.47]  time:2.008061e+00  MLUPS:029160  cache block size:19000kiB  reps:4  perf err:  2.7%
OMP: Info #277: omp_set_nested routine deprecated, please use omp_set_max_active_levels instead.
[AUTO TUNE]     [006: 14261.16]  time:2.589971e+00  MLUPS:036936  cache block size:19000kiB  reps:5  perf err:  1.8%
[AUTO TUNE]   Diamond width:24  [wavefronts #: pefromance (MLUPS/s)]
OMP: Info #277: omp_set_nested routine deprecated, please use omp_set_max_active_levels instead.
[AUTO TUNE]     [003: 22501.32]  time:6.047646e-01  MLUPS:013608  cache block size:77140kiB  reps:1  perf err: 100.0%
OMP: Info #277: omp_set_nested routine deprecated, please use omp_set_max_active_levels instead.
[AUTO TUNE]     [003: 21195.62]  time:1.742624e+00  MLUPS:036936  cache block size:77140kiB  reps:2  perf err:  6.2%
OMP: Info #277: omp_set_nested routine deprecated, please use omp_set_max_active_levels instead.
[AUTO TUNE]     [003: 20890.47]  time:2.884761e+00  MLUPS:060264  cache block size:77140kiB  reps:3  perf err:  1.5%
OMP: Info #277: omp_set_nested routine deprecated, please use omp_set_max_active_levels instead.
[AUTO TUNE]     [006: 24722.03]  time:5.504402e-01  MLUPS:013608  cache block size:91960kiB  reps:1  perf err: 100.0%
OMP: Info #277: omp_set_nested routine deprecated, please use omp_set_max_active_levels instead.
[AUTO TUNE]     [006: 23650.89]  time:1.561717e+00  MLUPS:036936  cache block size:91960kiB  reps:2  perf err:  4.5%
OMP: Info #277: omp_set_nested routine deprecated, please use omp_set_max_active_levels instead.
[AUTO TUNE]     [006: 23198.50]  time:2.597754e+00  MLUPS:060264  cache block size:91960kiB  reps:3  perf err:  2.0%
OMP: Info #277: omp_set_nested routine deprecated, please use omp_set_max_active_levels instead.
[AUTO TUNE]     [009: 25085.75]  time:5.424593e-01  MLUPS:013608  cache block size:106780kiB  reps:1  perf err: 100.0%
OMP: Info #277: omp_set_nested routine deprecated, please use omp_set_max_active_levels instead.
[AUTO TUNE]     [009: 25584.95]  time:1.443661e+00  MLUPS:036936  cache block size:106780kiB  reps:2  perf err:  2.0%
OMP: Info #277: omp_set_nested routine deprecated, please use omp_set_max_active_levels instead.
[AUTO TUNE]     [012: 28418.37]  time:4.788451e-01  MLUPS:013608  cache block size:121600kiB  reps:1  perf err: 100.0%
OMP: Info #277: omp_set_nested routine deprecated, please use omp_set_max_active_levels instead.
[AUTO TUNE]     [012: 28248.78]  time:1.307526e+00  MLUPS:036936  cache block size:121600kiB  reps:2  perf err:  0.6%
OMP: Info #277: omp_set_nested routine deprecated, please use omp_set_max_active_levels instead.
[AUTO TUNE]     [015: 32306.75]  time:4.212123e-01  MLUPS:013608  cache block size:136420kiB  reps:1  perf err: 100.0%
OMP: Info #277: omp_set_nested routine deprecated, please use omp_set_max_active_levels instead.
[AUTO TUNE]     [015: 29156.52]  time:1.266818e+00  MLUPS:036936  cache block size:136420kiB  reps:2  perf err: 10.8%
OMP: Info #277: omp_set_nested routine deprecated, please use omp_set_max_active_levels instead.
[AUTO TUNE]     [015: 29414.48]  time:2.048787e+00  MLUPS:060264  cache block size:136420kiB  reps:3  perf err:  0.9%
OMP: Info #277: omp_set_nested routine deprecated, please use omp_set_max_active_levels instead.
[AUTO TUNE]     [018: 29651.16]  time:4.589365e-01  MLUPS:013608  cache block size:151240kiB  reps:1  perf err: 100.0%
OMP: Info #277: omp_set_nested routine deprecated, please use omp_set_max_active_levels instead.
[AUTO TUNE]     [018: 30650.41]  time:1.205074e+00  MLUPS:036936  cache block size:151240kiB  reps:2  perf err:  3.3%
OMP: Info #277: omp_set_nested routine deprecated, please use omp_set_max_active_levels instead.
[AUTO TUNE]     [018: 30684.68]  time:1.963977e+00  MLUPS:060264  cache block size:151240kiB  reps:3  perf err:  0.1%
OMP: Info #277: omp_set_nested routine deprecated, please use omp_set_max_active_levels instead.
[AUTO TUNE]     [021: 29184.05]  time:4.662821e-01  MLUPS:013608  cache block size:166060kiB  reps:1  perf err: 100.0%
OMP: Info #277: omp_set_nested routine deprecated, please use omp_set_max_active_levels instead.
[AUTO TUNE]     [021: 30445.62]  time:1.213179e+00  MLUPS:036936  cache block size:166060kiB  reps:2  perf err:  4.1%
OMP: Info #277: omp_set_nested routine deprecated, please use omp_set_max_active_levels instead.
[AUTO TUNE]     [021: 30290.24]  time:1.989552e+00  MLUPS:060264  cache block size:166060kiB  reps:3  perf err:  0.5%
[AUTO TUNE] COMPLETE tune case #05: Thread group size:03  thc:01  thx:01  thy:01  thz:03  t_dim:05  bs_z:18  perf:30684.68 MLUP/s

[AUTO TUNE] START tune case #06: Thread group size:05  thc:01  thx:01  thy:01  thz:05  Possilbe diam width: 8 24
[AUTO TUNE]   Diamond width:08  [wavefronts #: pefromance (MLUPS/s)]
OMP: Info #277: omp_set_nested routine deprecated, please use omp_set_max_active_levels instead.
[AUTO TUNE]     [005: 18459.03]  time:3.159430e-01  MLUPS:005832  cache block size:10260kiB  reps:1  perf err: 100.0%
OMP: Info #277: omp_set_nested routine deprecated, please use omp_set_max_active_levels instead.
[AUTO TUNE]     [005: 14464.02]  time:9.408176e-01  MLUPS:013608  cache block size:10260kiB  reps:2  perf err: 27.6%
OMP: Info #277: omp_set_nested routine deprecated, please use omp_set_max_active_levels instead.
[AUTO TUNE]     [005: 13775.11]  time:1.552365e+00  MLUPS:021384  cache block size:10260kiB  reps:3  perf err:  5.0%
OMP: Info #277: omp_set_nested routine deprecated, please use omp_set_max_active_levels instead.
[AUTO TUNE]     [005: 13451.76]  time:2.167745e+00  MLUPS:029160  cache block size:10260kiB  reps:4  perf err:  2.4%
OMP: Info #277: omp_set_nested routine deprecated, please use omp_set_max_active_levels instead.
[AUTO TUNE]     [010: 19269.88]  time:3.026485e-01  MLUPS:005832  cache block size:15960kiB  reps:1  perf err: 100.0%
OMP: Info #277: omp_set_nested routine deprecated, please use omp_set_max_active_levels instead.
[AUTO TUNE]     [010: 15158.28]  time:8.977271e-01  MLUPS:013608  cache block size:15960kiB  reps:2  perf err: 27.1%
OMP: Info #277: omp_set_nested routine deprecated, please use omp_set_max_active_levels instead.
[AUTO TUNE]     [010: 14308.80]  time:1.494465e+00  MLUPS:021384  cache block size:15960kiB  reps:3  perf err:  5.9%
OMP: Info #277: omp_set_nested routine deprecated, please use omp_set_max_active_levels instead.
[AUTO TUNE]     [010: 13908.23]  time:2.096601e+00  MLUPS:029160  cache block size:15960kiB  reps:4  perf err:  2.9%
OMP: Info #277: omp_set_nested routine deprecated, please use omp_set_max_active_levels instead.
[AUTO TUNE]     [010: 13739.91]  time:2.688228e+00  MLUPS:036936  cache block size:15960kiB  reps:5  perf err:  1.2%
OMP: Info #277: omp_set_nested routine deprecated, please use omp_set_max_active_levels instead.
[AUTO TUNE]     [015: 17753.80]  time:3.284931e-01  MLUPS:005832  cache block size:21660kiB  reps:1  perf err: 100.0%
OMP: Info #277: omp_set_nested routine deprecated, please use omp_set_max_active_levels instead.
[AUTO TUNE]     [015: 13970.75]  time:9.740350e-01  MLUPS:013608  cache block size:21660kiB  reps:2  perf err: 27.1%
OMP: Info #277: omp_set_nested routine deprecated, please use omp_set_max_active_levels instead.
[AUTO TUNE]     [015: 13125.12]  time:1.629243e+00  MLUPS:021384  cache block size:21660kiB  reps:3  perf err:  6.4%
OMP: Info #277: omp_set_nested routine deprecated, please use omp_set_max_active_levels instead.
[AUTO TUNE]     [015: 12750.69]  time:2.286936e+00  MLUPS:029160  cache block size:21660kiB  reps:4  perf err:  2.9%
OMP: Info #277: omp_set_nested routine deprecated, please use omp_set_max_active_levels instead.
[AUTO TUNE]     [015: 12579.47]  time:2.936212e+00  MLUPS:036936  cache block size:21660kiB  reps:5  perf err:  1.4%
[AUTO TUNE]   Diamond width:24  [wavefronts #: pefromance (MLUPS/s)]
OMP: Info #277: omp_set_nested routine deprecated, please use omp_set_max_active_levels instead.
[AUTO TUNE]     [005: 17519.32]  time:7.767425e-01  MLUPS:013608  cache block size:52212kiB  reps:1  perf err: 100.0%
OMP: Info #277: omp_set_nested routine deprecated, please use omp_set_max_active_levels instead.
[AUTO TUNE]     [005: 16241.89]  time:2.274119e+00  MLUPS:036936  cache block size:52212kiB  reps:2  perf err:  7.9%
OMP: Info #277: omp_set_nested routine deprecated, please use omp_set_max_active_levels instead.
[AUTO TUNE]     [005: 15992.98]  time:3.768154e+00  MLUPS:060264  cache block size:52212kiB  reps:3  perf err:  1.6%
OMP: Info #277: omp_set_nested routine deprecated, please use omp_set_max_active_levels instead.
[AUTO TUNE]     [010: 24027.47]  time:5.663518e-01  MLUPS:013608  cache block size:67032kiB  reps:1  perf err: 100.0%
OMP: Info #277: omp_set_nested routine deprecated, please use omp_set_max_active_levels instead.
[AUTO TUNE]     [010: 22397.56]  time:1.649108e+00  MLUPS:036936  cache block size:67032kiB  reps:2  perf err:  7.3%
OMP: Info #277: omp_set_nested routine deprecated, please use omp_set_max_active_levels instead.
[AUTO TUNE]     [010: 21960.81]  time:2.744161e+00  MLUPS:060264  cache block size:67032kiB  reps:3  perf err:  2.0%
OMP: Info #277: omp_set_nested routine deprecated, please use omp_set_max_active_levels instead.
[AUTO TUNE]     [015: 28000.87]  time:4.859849e-01  MLUPS:013608  cache block size:81852kiB  reps:1  perf err: 100.0%
OMP: Info #277: omp_set_nested routine deprecated, please use omp_set_max_active_levels instead.
[AUTO TUNE]     [015: 26232.89]  time:1.408003e+00  MLUPS:036936  cache block size:81852kiB  reps:2  perf err:  6.7%
OMP: Info #277: omp_set_nested routine deprecated, please use omp_set_max_active_levels instead.
[AUTO TUNE]     [015: 26091.29]  time:2.309737e+00  MLUPS:060264  cache block size:81852kiB  reps:3  perf err:  0.5%
OMP: Info #277: omp_set_nested routine deprecated, please use omp_set_max_active_levels instead.
[AUTO TUNE]     [020: 30989.78]  time:4.391125e-01  MLUPS:013608  cache block size:96672kiB  reps:1  perf err: 100.0%
OMP: Info #277: omp_set_nested routine deprecated, please use omp_set_max_active_levels instead.
[AUTO TUNE]     [020: 29607.28]  time:1.247531e+00  MLUPS:036936  cache block size:96672kiB  reps:2  perf err:  4.7%
OMP: Info #277: omp_set_nested routine deprecated, please use omp_set_max_active_levels instead.
[AUTO TUNE]     [020: 29133.16]  time:2.068571e+00  MLUPS:060264  cache block size:96672kiB  reps:3  perf err:  1.6%
OMP: Info #277: omp_set_nested routine deprecated, please use omp_set_max_active_levels instead.
[AUTO TUNE]     [025: 32886.30]  time:4.137894e-01  MLUPS:013608  cache block size:111492kiB  reps:1  perf err: 100.0%
OMP: Info #277: omp_set_nested routine deprecated, please use omp_set_max_active_levels instead.
[AUTO TUNE]     [025: 31681.28]  time:1.165862e+00  MLUPS:036936  cache block size:111492kiB  reps:2  perf err:  3.8%
OMP: Info #277: omp_set_nested routine deprecated, please use omp_set_max_active_levels instead.
[AUTO TUNE]     [025: 31000.56]  time:1.943965e+00  MLUPS:060264  cache block size:111492kiB  reps:3  perf err:  2.2%
OMP: Info #277: omp_set_nested routine deprecated, please use omp_set_max_active_levels instead.
[AUTO TUNE]     [030: 34778.46]  time:3.912767e-01  MLUPS:013608  cache block size:126312kiB  reps:1  perf err: 100.0%
OMP: Info #277: omp_set_nested routine deprecated, please use omp_set_max_active_levels instead.
[AUTO TUNE]     [030: 33338.87]  time:1.107896e+00  MLUPS:036936  cache block size:126312kiB  reps:2  perf err:  4.3%
OMP: Info #277: omp_set_nested routine deprecated, please use omp_set_max_active_levels instead.
[AUTO TUNE]     [030: 33008.80]  time:1.825695e+00  MLUPS:060264  cache block size:126312kiB  reps:3  perf err:  1.0%
OMP: Info #277: omp_set_nested routine deprecated, please use omp_set_max_active_levels instead.
[AUTO TUNE]     [035: 35001.45]  time:3.887839e-01  MLUPS:013608  cache block size:141132kiB  reps:1  perf err: 100.0%
OMP: Info #277: omp_set_nested routine deprecated, please use omp_set_max_active_levels instead.
[AUTO TUNE]     [035: 33661.68]  time:1.097271e+00  MLUPS:036936  cache block size:141132kiB  reps:2  perf err:  4.0%
OMP: Info #277: omp_set_nested routine deprecated, please use omp_set_max_active_levels instead.
[AUTO TUNE]     [035: 33207.10]  time:1.814793e+00  MLUPS:060264  cache block size:141132kiB  reps:3  perf err:  1.4%
OMP: Info #277: omp_set_nested routine deprecated, please use omp_set_max_active_levels instead.
[AUTO TUNE]     [040: 34387.23]  time:3.957283e-01  MLUPS:013608  cache block size:155952kiB  reps:1  perf err: 100.0%
OMP: Info #277: omp_set_nested routine deprecated, please use omp_set_max_active_levels instead.
[AUTO TUNE]     [040: 33504.98]  time:1.102403e+00  MLUPS:036936  cache block size:155952kiB  reps:2  perf err:  2.6%
OMP: Info #277: omp_set_nested routine deprecated, please use omp_set_max_active_levels instead.
[AUTO TUNE]     [040: 32440.02]  time:1.857706e+00  MLUPS:060264  cache block size:155952kiB  reps:3  perf err:  3.3%
OMP: Info #277: omp_set_nested routine deprecated, please use omp_set_max_active_levels instead.
[AUTO TUNE]     [040: 32834.22]  time:2.545880e+00  MLUPS:083592  cache block size:155952kiB  reps:4  perf err:  1.2%
[AUTO TUNE] COMPLETE tune case #06: Thread group size:05  thc:01  thx:01  thy:01  thz:05  t_dim:05  bs_z:35  perf:33207.10 MLUP/s

[AUTO TUNE] START tune case #07: Thread group size:06  thc:01  thx:03  thy:02  thz:01  Possilbe diam width: 8 24
[AUTO TUNE]   Diamond width:08  [wavefronts #: pefromance (MLUPS/s)]
OMP: Info #277: omp_set_nested routine deprecated, please use omp_set_max_active_levels instead.
[AUTO TUNE]     [001: 15373.07]  time:3.793648e-01  MLUPS:005832  cache block size:4750kiB  reps:1  perf err: 100.0%
OMP: Info #277: omp_set_nested routine deprecated, please use omp_set_max_active_levels instead.
[AUTO TUNE]     [001: 12125.96]  time:1.122220e+00  MLUPS:013608  cache block size:4750kiB  reps:2  perf err: 26.8%
OMP: Info #277: omp_set_nested routine deprecated, please use omp_set_max_active_levels instead.
[AUTO TUNE]     [001: 11402.27]  time:1.875415e+00  MLUPS:021384  cache block size:4750kiB  reps:3  perf err:  6.3%
OMP: Info #277: omp_set_nested routine deprecated, please use omp_set_max_active_levels instead.
[AUTO TUNE]     [001: 11141.07]  time:2.617342e+00  MLUPS:029160  cache block size:4750kiB  reps:4  perf err:  2.3%
OMP: Info #277: omp_set_nested routine deprecated, please use omp_set_max_active_levels instead.
[AUTO TUNE]     [002: 16343.60]  time:3.568369e-01  MLUPS:005832  cache block size:5700kiB  reps:1  perf err: 100.0%
OMP: Info #277: omp_set_nested routine deprecated, please use omp_set_max_active_levels instead.
[AUTO TUNE]     [002: 12926.57]  time:1.052715e+00  MLUPS:013608  cache block size:5700kiB  reps:2  perf err: 26.4%
OMP: Info #277: omp_set_nested routine deprecated, please use omp_set_max_active_levels instead.
[AUTO TUNE]     [002: 12156.01]  time:1.759130e+00  MLUPS:021384  cache block size:5700kiB  reps:3  perf err:  6.3%
OMP: Info #277: omp_set_nested routine deprecated, please use omp_set_max_active_levels instead.
[AUTO TUNE]     [002: 11822.21]  time:2.466544e+00  MLUPS:029160  cache block size:5700kiB  reps:4  perf err:  2.8%
OMP: Info #277: omp_set_nested routine deprecated, please use omp_set_max_active_levels instead.
[AUTO TUNE]     [002: 11692.09]  time:3.159059e+00  MLUPS:036936  cache block size:5700kiB  reps:5  perf err:  1.1%
OMP: Info #277: omp_set_nested routine deprecated, please use omp_set_max_active_levels instead.
[AUTO TUNE]     [003: 16741.91]  time:3.483473e-01  MLUPS:005832  cache block size:6650kiB  reps:1  perf err: 100.0%
OMP: Info #277: omp_set_nested routine deprecated, please use omp_set_max_active_levels instead.
[AUTO TUNE]     [003: 13081.29]  time:1.040265e+00  MLUPS:013608  cache block size:6650kiB  reps:2  perf err: 28.0%
OMP: Info #277: omp_set_nested routine deprecated, please use omp_set_max_active_levels instead.
[AUTO TUNE]     [003: 12416.43]  time:1.722235e+00  MLUPS:021384  cache block size:6650kiB  reps:3  perf err:  5.4%
OMP: Info #277: omp_set_nested routine deprecated, please use omp_set_max_active_levels instead.
[AUTO TUNE]     [003: 12095.07]  time:2.410900e+00  MLUPS:029160  cache block size:6650kiB  reps:4  perf err:  2.7%
OMP: Info #277: omp_set_nested routine deprecated, please use omp_set_max_active_levels instead.
[AUTO TUNE]     [003: 11896.98]  time:3.104653e+00  MLUPS:036936  cache block size:6650kiB  reps:5  perf err:  1.7%
OMP: Info #277: omp_set_nested routine deprecated, please use omp_set_max_active_levels instead.
[AUTO TUNE]     [004: 16969.05]  time:3.436846e-01  MLUPS:005832  cache block size:7600kiB  reps:1  perf err: 100.0%
OMP: Info #277: omp_set_nested routine deprecated, please use omp_set_max_active_levels instead.
[AUTO TUNE]     [004: 13037.95]  time:1.043722e+00  MLUPS:013608  cache block size:7600kiB  reps:2  perf err: 30.2%
OMP: Info #277: omp_set_nested routine deprecated, please use omp_set_max_active_levels instead.
[AUTO TUNE]     [004: 12278.59]  time:1.741569e+00  MLUPS:021384  cache block size:7600kiB  reps:3  perf err:  6.2%
OMP: Info #277: omp_set_nested routine deprecated, please use omp_set_max_active_levels instead.
[AUTO TUNE]     [004: 12064.75]  time:2.416959e+00  MLUPS:029160  cache block size:7600kiB  reps:4  perf err:  1.8%
OMP: Info #277: omp_set_nested routine deprecated, please use omp_set_max_active_levels instead.
[AUTO TUNE]     [005: 16734.76]  time:3.484962e-01  MLUPS:005832  cache block size:8550kiB  reps:1  perf err: 100.0%
OMP: Info #277: omp_set_nested routine deprecated, please use omp_set_max_active_levels instead.
[AUTO TUNE]     [005: 12965.29]  time:1.049572e+00  MLUPS:013608  cache block size:8550kiB  reps:2  perf err: 29.1%
OMP: Info #277: omp_set_nested routine deprecated, please use omp_set_max_active_levels instead.
[AUTO TUNE]     [005: 12244.71]  time:1.746386e+00  MLUPS:021384  cache block size:8550kiB  reps:3  perf err:  5.9%
OMP: Info #277: omp_set_nested routine deprecated, please use omp_set_max_active_levels instead.
[AUTO TUNE]     [005: 12010.76]  time:2.427823e+00  MLUPS:029160  cache block size:8550kiB  reps:4  perf err:  1.9%
[AUTO TUNE]   Diamond width:24  [wavefronts #: pefromance (MLUPS/s)]
OMP: Info #277: omp_set_nested routine deprecated, please use omp_set_max_active_levels instead.
[AUTO TUNE]     [001: 21978.60]  time:6.191476e-01  MLUPS:013608  cache block size:33630kiB  reps:1  perf err: 100.0%
OMP: Info #277: omp_set_nested routine deprecated, please use omp_set_max_active_levels instead.
[AUTO TUNE]     [001: 20435.03]  time:1.807484e+00  MLUPS:036936  cache block size:33630kiB  reps:2  perf err:  7.6%
OMP: Info #277: omp_set_nested routine deprecated, please use omp_set_max_active_levels instead.
[AUTO TUNE]     [001: 20059.43]  time:3.004272e+00  MLUPS:060264  cache block size:33630kiB  reps:3  perf err:  1.9%
OMP: Info #277: omp_set_nested routine deprecated, please use omp_set_max_active_levels instead.
[AUTO TUNE]     [002: 24131.76]  time:5.639041e-01  MLUPS:013608  cache block size:36100kiB  reps:1  perf err: 100.0%
OMP: Info #277: omp_set_nested routine deprecated, please use omp_set_max_active_levels instead.
[AUTO TUNE]     [002: 22552.09]  time:1.637809e+00  MLUPS:036936  cache block size:36100kiB  reps:2  perf err:  7.0%
OMP: Info #277: omp_set_nested routine deprecated, please use omp_set_max_active_levels instead.
[AUTO TUNE]     [002: 22200.09]  time:2.714584e+00  MLUPS:060264  cache block size:36100kiB  reps:3  perf err:  1.6%
OMP: Info #277: omp_set_nested routine deprecated, please use omp_set_max_active_levels instead.
[AUTO TUNE]     [003: 25158.68]  time:5.408868e-01  MLUPS:013608  cache block size:38570kiB  reps:1  perf err: 100.0%
OMP: Info #277: omp_set_nested routine deprecated, please use omp_set_max_active_levels instead.
[AUTO TUNE]     [003: 23570.46]  time:1.567047e+00  MLUPS:036936  cache block size:38570kiB  reps:2  perf err:  6.7%
OMP: Info #277: omp_set_nested routine deprecated, please use omp_set_max_active_levels instead.
[AUTO TUNE]     [003: 23188.42]  time:2.598884e+00  MLUPS:060264  cache block size:38570kiB  reps:3  perf err:  1.6%
OMP: Info #277: omp_set_nested routine deprecated, please use omp_set_max_active_levels instead.
[AUTO TUNE]     [004: 25526.20]  time:5.330993e-01  MLUPS:013608  cache block size:41040kiB  reps:1  perf err: 100.0%
OMP: Info #277: omp_set_nested routine deprecated, please use omp_set_max_active_levels instead.
[AUTO TUNE]     [004: 24167.94]  time:1.528306e+00  MLUPS:036936  cache block size:41040kiB  reps:2  perf err:  5.6%
OMP: Info #277: omp_set_nested routine deprecated, please use omp_set_max_active_levels instead.
[AUTO TUNE]     [004: 23628.34]  time:2.550496e+00  MLUPS:060264  cache block size:41040kiB  reps:3  perf err:  2.3%
OMP: Info #277: omp_set_nested routine deprecated, please use omp_set_max_active_levels instead.
[AUTO TUNE]     [005: 25876.17]  time:5.258892e-01  MLUPS:013608  cache block size:43510kiB  reps:1  perf err: 100.0%
OMP: Info #277: omp_set_nested routine deprecated, please use omp_set_max_active_levels instead.
[AUTO TUNE]     [005: 24261.58]  time:1.522407e+00  MLUPS:036936  cache block size:43510kiB  reps:2  perf err:  6.7%
OMP: Info #277: omp_set_nested routine deprecated, please use omp_set_max_active_levels instead.
[AUTO TUNE]     [005: 23953.17]  time:2.515910e+00  MLUPS:060264  cache block size:43510kiB  reps:3  perf err:  1.3%
OMP: Info #277: omp_set_nested routine deprecated, please use omp_set_max_active_levels instead.
[AUTO TUNE]     [006: 26387.11]  time:5.157064e-01  MLUPS:013608  cache block size:45980kiB  reps:1  perf err: 100.0%
OMP: Info #277: omp_set_nested routine deprecated, please use omp_set_max_active_levels instead.
[AUTO TUNE]     [006: 24490.63]  time:1.508169e+00  MLUPS:036936  cache block size:45980kiB  reps:2  perf err:  7.7%
OMP: Info #277: omp_set_nested routine deprecated, please use omp_set_max_active_levels instead.
[AUTO TUNE]     [006: 24097.40]  time:2.500851e+00  MLUPS:060264  cache block size:45980kiB  reps:3  perf err:  1.6%
OMP: Info #277: omp_set_nested routine deprecated, please use omp_set_max_active_levels instead.
[AUTO TUNE]     [007: 26308.01]  time:5.172569e-01  MLUPS:013608  cache block size:48450kiB  reps:1  perf err: 100.0%
OMP: Info #277: omp_set_nested routine deprecated, please use omp_set_max_active_levels instead.
[AUTO TUNE]     [007: 24553.53]  time:1.504305e+00  MLUPS:036936  cache block size:48450kiB  reps:2  perf err:  7.1%
OMP: Info #277: omp_set_nested routine deprecated, please use omp_set_max_active_levels instead.
[AUTO TUNE]     [007: 24282.44]  time:2.481794e+00  MLUPS:060264  cache block size:48450kiB  reps:3  perf err:  1.1%
OMP: Info #277: omp_set_nested routine deprecated, please use omp_set_max_active_levels instead.
[AUTO TUNE]     [008: 26466.06]  time:5.141680e-01  MLUPS:013608  cache block size:50920kiB  reps:1  perf err: 100.0%
OMP: Info #277: omp_set_nested routine deprecated, please use omp_set_max_active_levels instead.
[AUTO TUNE]     [008: 24670.92]  time:1.497147e+00  MLUPS:036936  cache block size:50920kiB  reps:2  perf err:  7.3%
OMP: Info #277: omp_set_nested routine deprecated, please use omp_set_max_active_levels instead.
[AUTO TUNE]     [008: 24274.26]  time:2.482630e+00  MLUPS:060264  cache block size:50920kiB  reps:3  perf err:  1.6%
[AUTO TUNE] COMPLETE tune case #07: Thread group size:06  thc:01  thx:03  thy:02  thz:01  t_dim:05  bs_z:07  perf:24282.44 MLUP/s

[AUTO TUNE] START tune case #08: Thread group size:06  thc:01  thx:03  thy:01  thz:02  Possilbe diam width: 8 24
[AUTO TUNE]   Diamond width:08  [wavefronts #: pefromance (MLUPS/s)]
OMP: Info #277: omp_set_nested routine deprecated, please use omp_set_max_active_levels instead.
[AUTO TUNE]     [002: 16294.15]  time:3.579198e-01  MLUPS:005832  cache block size:5700kiB  reps:1  perf err: 100.0%
OMP: Info #277: omp_set_nested routine deprecated, please use omp_set_max_active_levels instead.
[AUTO TUNE]     [002: 12896.11]  time:1.055202e+00  MLUPS:013608  cache block size:5700kiB  reps:2  perf err: 26.3%
OMP: Info #277: omp_set_nested routine deprecated, please use omp_set_max_active_levels instead.
[AUTO TUNE]     [002: 12114.97]  time:1.765089e+00  MLUPS:021384  cache block size:5700kiB  reps:3  perf err:  6.4%
OMP: Info #277: omp_set_nested routine deprecated, please use omp_set_max_active_levels instead.
[AUTO TUNE]     [002: 11884.71]  time:2.453573e+00  MLUPS:029160  cache block size:5700kiB  reps:4  perf err:  1.9%
OMP: Info #277: omp_set_nested routine deprecated, please use omp_set_max_active_levels instead.
[AUTO TUNE]     [004: 16540.89]  time:3.525808e-01  MLUPS:005832  cache block size:7600kiB  reps:1  perf err: 100.0%
OMP: Info #277: omp_set_nested routine deprecated, please use omp_set_max_active_levels instead.
[AUTO TUNE]     [004: 12892.13]  time:1.055528e+00  MLUPS:013608  cache block size:7600kiB  reps:2  perf err: 28.3%
OMP: Info #277: omp_set_nested routine deprecated, please use omp_set_max_active_levels instead.
[AUTO TUNE]     [004: 12208.56]  time:1.751558e+00  MLUPS:021384  cache block size:7600kiB  reps:3  perf err:  5.6%
OMP: Info #277: omp_set_nested routine deprecated, please use omp_set_max_active_levels instead.
[AUTO TUNE]     [004: 11957.37]  time:2.438663e+00  MLUPS:029160  cache block size:7600kiB  reps:4  perf err:  2.1%
OMP: Info #277: omp_set_nested routine deprecated, please use omp_set_max_active_levels instead.
[AUTO TUNE]     [006: 16783.79]  time:3.474782e-01  MLUPS:005832  cache block size:9500kiB  reps:1  perf err: 100.0%
OMP: Info #277: omp_set_nested routine deprecated, please use omp_set_max_active_levels instead.
[AUTO TUNE]     [006: 12606.86]  time:1.079412e+00  MLUPS:013608  cache block size:9500kiB  reps:2  perf err: 33.1%
OMP: Info #277: omp_set_nested routine deprecated, please use omp_set_max_active_levels instead.
[AUTO TUNE]     [006: 12015.24]  time:1.779739e+00  MLUPS:021384  cache block size:9500kiB  reps:3  perf err:  4.9%
OMP: Info #277: omp_set_nested routine deprecated, please use omp_set_max_active_levels instead.
[AUTO TUNE]     [006: 11869.73]  time:2.456669e+00  MLUPS:029160  cache block size:9500kiB  reps:4  perf err:  1.2%
[AUTO TUNE]   Diamond width:24  [wavefronts #: pefromance (MLUPS/s)]
OMP: Info #277: omp_set_nested routine deprecated, please use omp_set_max_active_levels instead.
[AUTO TUNE]     [002: 18135.48]  time:7.503524e-01  MLUPS:013608  cache block size:36100kiB  reps:1  perf err: 100.0%
OMP: Info #277: omp_set_nested routine deprecated, please use omp_set_max_active_levels instead.
[AUTO TUNE]     [002: 16871.31]  time:2.189278e+00  MLUPS:036936  cache block size:36100kiB  reps:2  perf err:  7.5%
OMP: Info #277: omp_set_nested routine deprecated, please use omp_set_max_active_levels instead.
[AUTO TUNE]     [002: 16644.45]  time:3.620667e+00  MLUPS:060264  cache block size:36100kiB  reps:3  perf err:  1.4%
OMP: Info #277: omp_set_nested routine deprecated, please use omp_set_max_active_levels instead.
[AUTO TUNE]     [004: 18713.45]  time:7.271775e-01  MLUPS:013608  cache block size:41040kiB  reps:1  perf err: 100.0%
OMP: Info #277: omp_set_nested routine deprecated, please use omp_set_max_active_levels instead.
[AUTO TUNE]     [004: 17354.61]  time:2.128311e+00  MLUPS:036936  cache block size:41040kiB  reps:2  perf err:  7.8%
OMP: Info #277: omp_set_nested routine deprecated, please use omp_set_max_active_levels instead.
[AUTO TUNE]     [004: 17202.16]  time:3.503281e+00  MLUPS:060264  cache block size:41040kiB  reps:3  perf err:  0.9%
OMP: Info #277: omp_set_nested routine deprecated, please use omp_set_max_active_levels instead.
[AUTO TUNE]     [006: 19080.29]  time:7.131967e-01  MLUPS:013608  cache block size:45980kiB  reps:1  perf err: 100.0%
OMP: Info #277: omp_set_nested routine deprecated, please use omp_set_max_active_levels instead.
[AUTO TUNE]     [006: 17749.19]  time:2.080996e+00  MLUPS:036936  cache block size:45980kiB  reps:2  perf err:  7.5%
OMP: Info #277: omp_set_nested routine deprecated, please use omp_set_max_active_levels instead.
[AUTO TUNE]     [006: 17411.71]  time:3.461119e+00  MLUPS:060264  cache block size:45980kiB  reps:3  perf err:  1.9%
OMP: Info #277: omp_set_nested routine deprecated, please use omp_set_max_active_levels instead.
[AUTO TUNE]     [008: 19545.55]  time:6.962199e-01  MLUPS:013608  cache block size:50920kiB  reps:1  perf err: 100.0%
OMP: Info #277: omp_set_nested routine deprecated, please use omp_set_max_active_levels instead.
[AUTO TUNE]     [008: 18078.19]  time:2.043125e+00  MLUPS:036936  cache block size:50920kiB  reps:2  perf err:  8.1%
OMP: Info #277: omp_set_nested routine deprecated, please use omp_set_max_active_levels instead.
[AUTO TUNE]     [008: 17790.65]  time:3.387398e+00  MLUPS:060264  cache block size:50920kiB  reps:3  perf err:  1.6%
OMP: Info #277: omp_set_nested routine deprecated, please use omp_set_max_active_levels instead.
[AUTO TUNE]     [010: 21246.89]  time:6.404703e-01  MLUPS:013608  cache block size:55860kiB  reps:1  perf err: 100.0%
OMP: Info #277: omp_set_nested routine deprecated, please use omp_set_max_active_levels instead.
[AUTO TUNE]     [010: 19668.81]  time:1.877897e+00  MLUPS:036936  cache block size:55860kiB  reps:2  perf err:  8.0%
OMP: Info #277: omp_set_nested routine deprecated, please use omp_set_max_active_levels instead.
[AUTO TUNE]     [010: 19357.72]  time:3.113176e+00  MLUPS:060264  cache block size:55860kiB  reps:3  perf err:  1.6%
OMP: Info #277: omp_set_nested routine deprecated, please use omp_set_max_active_levels instead.
[AUTO TUNE]     [012: 22501.20]  time:6.047678e-01  MLUPS:013608  cache block size:60800kiB  reps:1  perf err: 100.0%
OMP: Info #277: omp_set_nested routine deprecated, please use omp_set_max_active_levels instead.
[AUTO TUNE]     [012: 21069.43]  time:1.753061e+00  MLUPS:036936  cache block size:60800kiB  reps:2  perf err:  6.8%
OMP: Info #277: omp_set_nested routine deprecated, please use omp_set_max_active_levels instead.
[AUTO TUNE]     [012: 20637.73]  time:2.920089e+00  MLUPS:060264  cache block size:60800kiB  reps:3  perf err:  2.1%
OMP: Info #277: omp_set_nested routine deprecated, please use omp_set_max_active_levels instead.
[AUTO TUNE]     [014: 23387.74]  time:5.818433e-01  MLUPS:013608  cache block size:65740kiB  reps:1  perf err: 100.0%
OMP: Info #277: omp_set_nested routine deprecated, please use omp_set_max_active_levels instead.
[AUTO TUNE]     [014: 21947.53]  time:1.682923e+00  MLUPS:036936  cache block size:65740kiB  reps:2  perf err:  6.6%
OMP: Info #277: omp_set_nested routine deprecated, please use omp_set_max_active_levels instead.
[AUTO TUNE]     [014: 21536.09]  time:2.798280e+00  MLUPS:060264  cache block size:65740kiB  reps:3  perf err:  1.9%
OMP: Info #277: omp_set_nested routine deprecated, please use omp_set_max_active_levels instead.
[AUTO TUNE]     [016: 23993.29]  time:5.671585e-01  MLUPS:013608  cache block size:70680kiB  reps:1  perf err: 100.0%
OMP: Info #277: omp_set_nested routine deprecated, please use omp_set_max_active_levels instead.
[AUTO TUNE]     [016: 22739.14]  time:1.624336e+00  MLUPS:036936  cache block size:70680kiB  reps:2  perf err:  5.5%
OMP: Info #277: omp_set_nested routine deprecated, please use omp_set_max_active_levels instead.
[AUTO TUNE]     [016: 22289.62]  time:2.703680e+00  MLUPS:060264  cache block size:70680kiB  reps:3  perf err:  2.0%
OMP: Info #277: omp_set_nested routine deprecated, please use omp_set_max_active_levels instead.
[AUTO TUNE]     [018: 25134.13]  time:5.414152e-01  MLUPS:013608  cache block size:75620kiB  reps:1  perf err: 100.0%
OMP: Info #277: omp_set_nested routine deprecated, please use omp_set_max_active_levels instead.
[AUTO TUNE]     [018: 23005.06]  time:1.605560e+00  MLUPS:036936  cache block size:75620kiB  reps:2  perf err:  9.3%
OMP: Info #277: omp_set_nested routine deprecated, please use omp_set_max_active_levels instead.
[AUTO TUNE]     [018: 22738.41]  time:2.650317e+00  MLUPS:060264  cache block size:75620kiB  reps:3  perf err:  1.2%
OMP: Info #277: omp_set_nested routine deprecated, please use omp_set_max_active_levels instead.
[AUTO TUNE]     [020: 25494.60]  time:5.337602e-01  MLUPS:013608  cache block size:80560kiB  reps:1  perf err: 100.0%
OMP: Info #277: omp_set_nested routine deprecated, please use omp_set_max_active_levels instead.
[AUTO TUNE]     [020: 23549.39]  time:1.568448e+00  MLUPS:036936  cache block size:80560kiB  reps:2  perf err:  8.3%
OMP: Info #277: omp_set_nested routine deprecated, please use omp_set_max_active_levels instead.
[AUTO TUNE]     [020: 23130.05]  time:2.605442e+00  MLUPS:060264  cache block size:80560kiB  reps:3  perf err:  1.8%
OMP: Info #277: omp_set_nested routine deprecated, please use omp_set_max_active_levels instead.
[AUTO TUNE]     [022: 25575.33]  time:5.320752e-01  MLUPS:013608  cache block size:85500kiB  reps:1  perf err: 100.0%
OMP: Info #277: omp_set_nested routine deprecated, please use omp_set_max_active_levels instead.
[AUTO TUNE]     [022: 23669.38]  time:1.560497e+00  MLUPS:036936  cache block size:85500kiB  reps:2  perf err:  8.1%
OMP: Info #277: omp_set_nested routine deprecated, please use omp_set_max_active_levels instead.
[AUTO TUNE]     [022: 23252.83]  time:2.591684e+00  MLUPS:060264  cache block size:85500kiB  reps:3  perf err:  1.8%
OMP: Info #277: omp_set_nested routine deprecated, please use omp_set_max_active_levels instead.
[AUTO TUNE]     [024: 25530.00]  time:5.330200e-01  MLUPS:013608  cache block size:90440kiB  reps:1  perf err: 100.0%
OMP: Info #277: omp_set_nested routine deprecated, please use omp_set_max_active_levels instead.
[AUTO TUNE]     [024: 23770.13]  time:1.553883e+00  MLUPS:036936  cache block size:90440kiB  reps:2  perf err:  7.4%
OMP: Info #277: omp_set_nested routine deprecated, please use omp_set_max_active_levels instead.
[AUTO TUNE]     [024: 23359.12]  time:2.579892e+00  MLUPS:060264  cache block size:90440kiB  reps:3  perf err:  1.8%
OMP: Info #277: omp_set_nested routine deprecated, please use omp_set_max_active_levels instead.
[AUTO TUNE]     [026: 25584.64]  time:5.318816e-01  MLUPS:013608  cache block size:95380kiB  reps:1  perf err: 100.0%
OMP: Info #277: omp_set_nested routine deprecated, please use omp_set_max_active_levels instead.
[AUTO TUNE]     [026: 23855.90]  time:1.548296e+00  MLUPS:036936  cache block size:95380kiB  reps:2  perf err:  7.2%
OMP: Info #277: omp_set_nested routine deprecated, please use omp_set_max_active_levels instead.
[AUTO TUNE]     [026: 23202.01]  time:2.597361e+00  MLUPS:060264  cache block size:95380kiB  reps:3  perf err:  2.8%
OMP: Info #277: omp_set_nested routine deprecated, please use omp_set_max_active_levels instead.
[AUTO TUNE]     [026: 23173.33]  time:3.607251e+00  MLUPS:083592  cache block size:95380kiB  reps:4  perf err:  0.1%
[AUTO TUNE] COMPLETE tune case #08: Thread group size:06  thc:01  thx:03  thy:01  thz:02  t_dim:05  bs_z:24  perf:23359.12 MLUP/s

[AUTO TUNE] START tune case #09: Thread group size:06  thc:01  thx:02  thy:01  thz:03  Possilbe diam width: 8 24
[AUTO TUNE]   Diamond width:08  [wavefronts #: pefromance (MLUPS/s)]
OMP: Info #277: omp_set_nested routine deprecated, please use omp_set_max_active_levels instead.
[AUTO TUNE]     [003: 17114.22]  time:3.407693e-01  MLUPS:005832  cache block size:6650kiB  reps:1  perf err: 100.0%
OMP: Info #277: omp_set_nested routine deprecated, please use omp_set_max_active_levels instead.
[AUTO TUNE]     [003: 13370.65]  time:1.017752e+00  MLUPS:013608  cache block size:6650kiB  reps:2  perf err: 28.0%
OMP: Info #277: omp_set_nested routine deprecated, please use omp_set_max_active_levels instead.
[AUTO TUNE]     [003: 12705.23]  time:1.683087e+00  MLUPS:021384  cache block size:6650kiB  reps:3  perf err:  5.2%
OMP: Info #277: omp_set_nested routine deprecated, please use omp_set_max_active_levels instead.
[AUTO TUNE]     [003: 12337.33]  time:2.363558e+00  MLUPS:029160  cache block size:6650kiB  reps:4  perf err:  3.0%
OMP: Info #277: omp_set_nested routine deprecated, please use omp_set_max_active_levels instead.
[AUTO TUNE]     [003: 12165.64]  time:3.036091e+00  MLUPS:036936  cache block size:6650kiB  reps:5  perf err:  1.4%
OMP: Info #277: omp_set_nested routine deprecated, please use omp_set_max_active_levels instead.
[AUTO TUNE]     [006: 17056.46]  time:3.419232e-01  MLUPS:005832  cache block size:9500kiB  reps:1  perf err: 100.0%
OMP: Info #277: omp_set_nested routine deprecated, please use omp_set_max_active_levels instead.
[AUTO TUNE]     [006: 13376.81]  time:1.017283e+00  MLUPS:013608  cache block size:9500kiB  reps:2  perf err: 27.5%
OMP: Info #277: omp_set_nested routine deprecated, please use omp_set_max_active_levels instead.
[AUTO TUNE]     [006: 12593.23]  time:1.698056e+00  MLUPS:021384  cache block size:9500kiB  reps:3  perf err:  6.2%
OMP: Info #277: omp_set_nested routine deprecated, please use omp_set_max_active_levels instead.
[AUTO TUNE]     [006: 12383.35]  time:2.354775e+00  MLUPS:029160  cache block size:9500kiB  reps:4  perf err:  1.7%
OMP: Info #277: omp_set_nested routine deprecated, please use omp_set_max_active_levels instead.
[AUTO TUNE]     [009: 17388.59]  time:3.353923e-01  MLUPS:005832  cache block size:12350kiB  reps:1  perf err: 100.0%
OMP: Info #277: omp_set_nested routine deprecated, please use omp_set_max_active_levels instead.
[AUTO TUNE]     [009: 13380.57]  time:1.016997e+00  MLUPS:013608  cache block size:12350kiB  reps:2  perf err: 30.0%
OMP: Info #277: omp_set_nested routine deprecated, please use omp_set_max_active_levels instead.
[AUTO TUNE]     [009: 12461.55]  time:1.715999e+00  MLUPS:021384  cache block size:12350kiB  reps:3  perf err:  7.4%
OMP: Info #277: omp_set_nested routine deprecated, please use omp_set_max_active_levels instead.
[AUTO TUNE]     [009: 12035.68]  time:2.422796e+00  MLUPS:029160  cache block size:12350kiB  reps:4  perf err:  3.5%
OMP: Info #277: omp_set_nested routine deprecated, please use omp_set_max_active_levels instead.
[AUTO TUNE]     [009: 12071.59]  time:3.059747e+00  MLUPS:036936  cache block size:12350kiB  reps:5  perf err:  0.3%
[AUTO TUNE]   Diamond width:24  [wavefronts #: pefromance (MLUPS/s)]
OMP: Info #277: omp_set_nested routine deprecated, please use omp_set_max_active_levels instead.
[AUTO TUNE]     [003: 17247.40]  time:7.889884e-01  MLUPS:013608  cache block size:38570kiB  reps:1  perf err: 100.0%
OMP: Info #277: omp_set_nested routine deprecated, please use omp_set_max_active_levels instead.
[AUTO TUNE]     [003: 15930.60]  time:2.318557e+00  MLUPS:036936  cache block size:38570kiB  reps:2  perf err:  8.3%
OMP: Info #277: omp_set_nested routine deprecated, please use omp_set_max_active_levels instead.
[AUTO TUNE]     [003: 15653.34]  time:3.849913e+00  MLUPS:060264  cache block size:38570kiB  reps:3  perf err:  1.8%
OMP: Info #277: omp_set_nested routine deprecated, please use omp_set_max_active_levels instead.
[AUTO TUNE]     [006: 18162.09]  time:7.492530e-01  MLUPS:013608  cache block size:45980kiB  reps:1  perf err: 100.0%
OMP: Info #277: omp_set_nested routine deprecated, please use omp_set_max_active_levels instead.
[AUTO TUNE]     [006: 16776.42]  time:2.201662e+00  MLUPS:036936  cache block size:45980kiB  reps:2  perf err:  8.3%
OMP: Info #277: omp_set_nested routine deprecated, please use omp_set_max_active_levels instead.
[AUTO TUNE]     [006: 16304.50]  time:3.696157e+00  MLUPS:060264  cache block size:45980kiB  reps:3  perf err:  2.9%
OMP: Info #277: omp_set_nested routine deprecated, please use omp_set_max_active_levels instead.
[AUTO TUNE]     [006: 16411.71]  time:5.093436e+00  MLUPS:083592  cache block size:45980kiB  reps:4  perf err:  0.7%
OMP: Info #277: omp_set_nested routine deprecated, please use omp_set_max_active_levels instead.
[AUTO TUNE]     [009: 21651.41]  time:6.285040e-01  MLUPS:013608  cache block size:53390kiB  reps:1  perf err: 100.0%
OMP: Info #277: omp_set_nested routine deprecated, please use omp_set_max_active_levels instead.
[AUTO TUNE]     [009: 20296.54]  time:1.819817e+00  MLUPS:036936  cache block size:53390kiB  reps:2  perf err:  6.7%
OMP: Info #277: omp_set_nested routine deprecated, please use omp_set_max_active_levels instead.
[AUTO TUNE]     [009: 19965.91]  time:3.018345e+00  MLUPS:060264  cache block size:53390kiB  reps:3  perf err:  1.7%
OMP: Info #277: omp_set_nested routine deprecated, please use omp_set_max_active_levels instead.
[AUTO TUNE]     [012: 24562.25]  time:5.540210e-01  MLUPS:013608  cache block size:60800kiB  reps:1  perf err: 100.0%
OMP: Info #277: omp_set_nested routine deprecated, please use omp_set_max_active_levels instead.
[AUTO TUNE]     [012: 22552.60]  time:1.637771e+00  MLUPS:036936  cache block size:60800kiB  reps:2  perf err:  8.9%
OMP: Info #277: omp_set_nested routine deprecated, please use omp_set_max_active_levels instead.
[AUTO TUNE]     [012: 22289.03]  time:2.703752e+00  MLUPS:060264  cache block size:60800kiB  reps:3  perf err:  1.2%
OMP: Info #277: omp_set_nested routine deprecated, please use omp_set_max_active_levels instead.
[AUTO TUNE]     [015: 26039.45]  time:5.225917e-01  MLUPS:013608  cache block size:68210kiB  reps:1  perf err: 100.0%
OMP: Info #277: omp_set_nested routine deprecated, please use omp_set_max_active_levels instead.
[AUTO TUNE]     [015: 24184.68]  time:1.527248e+00  MLUPS:036936  cache block size:68210kiB  reps:2  perf err:  7.7%
OMP: Info #277: omp_set_nested routine deprecated, please use omp_set_max_active_levels instead.
[AUTO TUNE]     [015: 23689.22]  time:2.543942e+00  MLUPS:060264  cache block size:68210kiB  reps:3  perf err:  2.1%
OMP: Info #277: omp_set_nested routine deprecated, please use omp_set_max_active_levels instead.
[AUTO TUNE]     [018: 27502.98]  time:4.947828e-01  MLUPS:013608  cache block size:75620kiB  reps:1  perf err: 100.0%
OMP: Info #277: omp_set_nested routine deprecated, please use omp_set_max_active_levels instead.
[AUTO TUNE]     [018: 25490.74]  time:1.448997e+00  MLUPS:036936  cache block size:75620kiB  reps:2  perf err:  7.9%
OMP: Info #277: omp_set_nested routine deprecated, please use omp_set_max_active_levels instead.
[AUTO TUNE]     [018: 25091.18]  time:2.401800e+00  MLUPS:060264  cache block size:75620kiB  reps:3  perf err:  1.6%
OMP: Info #277: omp_set_nested routine deprecated, please use omp_set_max_active_levels instead.
[AUTO TUNE]     [021: 28165.67]  time:4.831414e-01  MLUPS:013608  cache block size:83030kiB  reps:1  perf err: 100.0%
OMP: Info #277: omp_set_nested routine deprecated, please use omp_set_max_active_levels instead.
[AUTO TUNE]     [021: 26151.66]  time:1.412377e+00  MLUPS:036936  cache block size:83030kiB  reps:2  perf err:  7.7%
OMP: Info #277: omp_set_nested routine deprecated, please use omp_set_max_active_levels instead.
[AUTO TUNE]     [021: 25779.28]  time:2.337691e+00  MLUPS:060264  cache block size:83030kiB  reps:3  perf err:  1.4%
OMP: Info #277: omp_set_nested routine deprecated, please use omp_set_max_active_levels instead.
[AUTO TUNE]     [024: 28723.75]  time:4.737543e-01  MLUPS:013608  cache block size:90440kiB  reps:1  perf err: 100.0%
OMP: Info #277: omp_set_nested routine deprecated, please use omp_set_max_active_levels instead.
[AUTO TUNE]     [024: 27007.61]  time:1.367614e+00  MLUPS:036936  cache block size:90440kiB  reps:2  perf err:  6.4%
OMP: Info #277: omp_set_nested routine deprecated, please use omp_set_max_active_levels instead.
[AUTO TUNE]     [024: 26450.28]  time:2.278388e+00  MLUPS:060264  cache block size:90440kiB  reps:3  perf err:  2.1%
OMP: Info #277: omp_set_nested routine deprecated, please use omp_set_max_active_levels instead.
[AUTO TUNE]     [027: 29626.38]  time:4.593203e-01  MLUPS:013608  cache block size:97850kiB  reps:1  perf err: 100.0%
OMP: Info #277: omp_set_nested routine deprecated, please use omp_set_max_active_levels instead.
[AUTO TUNE]     [027: 27229.27]  time:1.356481e+00  MLUPS:036936  cache block size:97850kiB  reps:2  perf err:  8.8%
OMP: Info #277: omp_set_nested routine deprecated, please use omp_set_max_active_levels instead.
[AUTO TUNE]     [027: 26440.12]  time:2.279264e+00  MLUPS:060264  cache block size:97850kiB  reps:3  perf err:  3.0%
OMP: Info #277: omp_set_nested routine deprecated, please use omp_set_max_active_levels instead.
[AUTO TUNE]     [027: 26700.85]  time:3.130687e+00  MLUPS:083592  cache block size:97850kiB  reps:4  perf err:  1.0%
OMP: Info #277: omp_set_nested routine deprecated, please use omp_set_max_active_levels instead.
[AUTO TUNE]     [030: 29594.94]  time:4.598083e-01  MLUPS:013608  cache block size:105260kiB  reps:1  perf err: 100.0%
OMP: Info #277: omp_set_nested routine deprecated, please use omp_set_max_active_levels instead.
[AUTO TUNE]     [030: 27357.46]  time:1.350125e+00  MLUPS:036936  cache block size:105260kiB  reps:2  perf err:  8.2%
OMP: Info #277: omp_set_nested routine deprecated, please use omp_set_max_active_levels instead.
[AUTO TUNE]     [030: 26933.70]  time:2.237495e+00  MLUPS:060264  cache block size:105260kiB  reps:3  perf err:  1.6%
OMP: Info #277: omp_set_nested routine deprecated, please use omp_set_max_active_levels instead.
[AUTO TUNE]     [033: 29566.11]  time:4.602566e-01  MLUPS:013608  cache block size:112670kiB  reps:1  perf err: 100.0%
OMP: Info #277: omp_set_nested routine deprecated, please use omp_set_max_active_levels instead.
[AUTO TUNE]     [033: 27520.93]  time:1.342106e+00  MLUPS:036936  cache block size:112670kiB  reps:2  perf err:  7.4%
OMP: Info #277: omp_set_nested routine deprecated, please use omp_set_max_active_levels instead.
[AUTO TUNE]     [033: 26886.48]  time:2.241424e+00  MLUPS:060264  cache block size:112670kiB  reps:3  perf err:  2.4%
[AUTO TUNE] COMPLETE tune case #09: Thread group size:06  thc:01  thx:02  thy:01  thz:03  t_dim:05  bs_z:30  perf:26933.70 MLUP/s

[AUTO TUNE] START tune case #10: Thread group size:06  thc:01  thx:01  thy:02  thz:03  Possilbe diam width: 8 24
[AUTO TUNE]   Diamond width:08  [wavefronts #: pefromance (MLUPS/s)]
OMP: Info #277: omp_set_nested routine deprecated, please use omp_set_max_active_levels instead.
[AUTO TUNE]     [003: 18323.82]  time:3.182742e-01  MLUPS:005832  cache block size:6650kiB  reps:1  perf err: 100.0%
OMP: Info #277: omp_set_nested routine deprecated, please use omp_set_max_active_levels instead.
[AUTO TUNE]     [003: 14320.89]  time:9.502201e-01  MLUPS:013608  cache block size:6650kiB  reps:2  perf err: 28.0%
OMP: Info #277: omp_set_nested routine deprecated, please use omp_set_max_active_levels instead.
[AUTO TUNE]     [003: 13492.19]  time:1.584916e+00  MLUPS:021384  cache block size:6650kiB  reps:3  perf err:  6.1%
OMP: Info #277: omp_set_nested routine deprecated, please use omp_set_max_active_levels instead.
[AUTO TUNE]     [003: 13206.02]  time:2.208083e+00  MLUPS:029160  cache block size:6650kiB  reps:4  perf err:  2.2%
OMP: Info #277: omp_set_nested routine deprecated, please use omp_set_max_active_levels instead.
[AUTO TUNE]     [006: 18147.97]  time:3.213582e-01  MLUPS:005832  cache block size:9500kiB  reps:1  perf err: 100.0%
OMP: Info #277: omp_set_nested routine deprecated, please use omp_set_max_active_levels instead.
[AUTO TUNE]     [006: 14233.15]  time:9.560781e-01  MLUPS:013608  cache block size:9500kiB  reps:2  perf err: 27.5%
OMP: Info #277: omp_set_nested routine deprecated, please use omp_set_max_active_levels instead.
[AUTO TUNE]     [006: 13446.39]  time:1.590315e+00  MLUPS:021384  cache block size:9500kiB  reps:3  perf err:  5.9%
OMP: Info #277: omp_set_nested routine deprecated, please use omp_set_max_active_levels instead.
[AUTO TUNE]     [006: 13107.43]  time:2.224692e+00  MLUPS:029160  cache block size:9500kiB  reps:4  perf err:  2.6%
OMP: Info #277: omp_set_nested routine deprecated, please use omp_set_max_active_levels instead.
[AUTO TUNE]     [006: 12981.39]  time:2.845303e+00  MLUPS:036936  cache block size:9500kiB  reps:5  perf err:  1.0%
[AUTO TUNE]   Diamond width:24  [wavefronts #: pefromance (MLUPS/s)]
OMP: Info #277: omp_set_nested routine deprecated, please use omp_set_max_active_levels instead.
[AUTO TUNE]     [003: 18719.01]  time:7.269615e-01  MLUPS:013608  cache block size:38570kiB  reps:1  perf err: 100.0%
OMP: Info #277: omp_set_nested routine deprecated, please use omp_set_max_active_levels instead.
[AUTO TUNE]     [003: 17018.39]  time:2.170358e+00  MLUPS:036936  cache block size:38570kiB  reps:2  perf err: 10.0%
OMP: Info #277: omp_set_nested routine deprecated, please use omp_set_max_active_levels instead.
[AUTO TUNE]     [003: 16744.53]  time:3.599025e+00  MLUPS:060264  cache block size:38570kiB  reps:3  perf err:  1.6%
OMP: Info #277: omp_set_nested routine deprecated, please use omp_set_max_active_levels instead.
[AUTO TUNE]     [006: 19899.51]  time:6.838359e-01  MLUPS:013608  cache block size:45980kiB  reps:1  perf err: 100.0%
OMP: Info #277: omp_set_nested routine deprecated, please use omp_set_max_active_levels instead.
[AUTO TUNE]     [006: 18202.45]  time:2.029177e+00  MLUPS:036936  cache block size:45980kiB  reps:2  perf err:  9.3%
OMP: Info #277: omp_set_nested routine deprecated, please use omp_set_max_active_levels instead.
[AUTO TUNE]     [006: 17764.92]  time:3.392304e+00  MLUPS:060264  cache block size:45980kiB  reps:3  perf err:  2.5%
OMP: Info #277: omp_set_nested routine deprecated, please use omp_set_max_active_levels instead.
[AUTO TUNE]     [009: 25403.73]  time:5.356694e-01  MLUPS:013608  cache block size:53390kiB  reps:1  perf err: 100.0%
OMP: Info #277: omp_set_nested routine deprecated, please use omp_set_max_active_levels instead.
[AUTO TUNE]     [009: 23601.86]  time:1.564961e+00  MLUPS:036936  cache block size:53390kiB  reps:2  perf err:  7.6%
OMP: Info #277: omp_set_nested routine deprecated, please use omp_set_max_active_levels instead.
[AUTO TUNE]     [009: 23168.73]  time:2.601092e+00  MLUPS:060264  cache block size:53390kiB  reps:3  perf err:  1.9%
OMP: Info #277: omp_set_nested routine deprecated, please use omp_set_max_active_levels instead.
[AUTO TUNE]     [012: 29598.74]  time:4.597493e-01  MLUPS:013608  cache block size:60800kiB  reps:1  perf err: 100.0%
OMP: Info #277: omp_set_nested routine deprecated, please use omp_set_max_active_levels instead.
[AUTO TUNE]     [012: 27333.06]  time:1.351331e+00  MLUPS:036936  cache block size:60800kiB  reps:2  perf err:  8.3%
OMP: Info #277: omp_set_nested routine deprecated, please use omp_set_max_active_levels instead.
[AUTO TUNE]     [012: 27207.98]  time:2.214939e+00  MLUPS:060264  cache block size:60800kiB  reps:3  perf err:  0.5%
OMP: Info #277: omp_set_nested routine deprecated, please use omp_set_max_active_levels instead.
[AUTO TUNE]     [015: 32204.09]  time:4.225551e-01  MLUPS:013608  cache block size:68210kiB  reps:1  perf err: 100.0%
OMP: Info #277: omp_set_nested routine deprecated, please use omp_set_max_active_levels instead.
[AUTO TUNE]     [015: 30011.53]  time:1.230727e+00  MLUPS:036936  cache block size:68210kiB  reps:2  perf err:  7.3%
OMP: Info #277: omp_set_nested routine deprecated, please use omp_set_max_active_levels instead.
[AUTO TUNE]     [015: 29449.07]  time:2.046380e+00  MLUPS:060264  cache block size:68210kiB  reps:3  perf err:  1.9%
OMP: Info #277: omp_set_nested routine deprecated, please use omp_set_max_active_levels instead.
[AUTO TUNE]     [018: 34274.66]  time:3.970281e-01  MLUPS:013608  cache block size:75620kiB  reps:1  perf err: 100.0%
OMP: Info #277: omp_set_nested routine deprecated, please use omp_set_max_active_levels instead.
[AUTO TUNE]     [018: 32133.68]  time:1.149448e+00  MLUPS:036936  cache block size:75620kiB  reps:2  perf err:  6.7%
OMP: Info #277: omp_set_nested routine deprecated, please use omp_set_max_active_levels instead.
[AUTO TUNE]     [018: 31646.13]  time:1.904309e+00  MLUPS:060264  cache block size:75620kiB  reps:3  perf err:  1.5%
OMP: Info #277: omp_set_nested routine deprecated, please use omp_set_max_active_levels instead.
[AUTO TUNE]     [021: 35589.64]  time:3.823585e-01  MLUPS:013608  cache block size:83030kiB  reps:1  perf err: 100.0%
OMP: Info #277: omp_set_nested routine deprecated, please use omp_set_max_active_levels instead.
[AUTO TUNE]     [021: 32972.94]  time:1.120191e+00  MLUPS:036936  cache block size:83030kiB  reps:2  perf err:  7.9%
OMP: Info #277: omp_set_nested routine deprecated, please use omp_set_max_active_levels instead.
[AUTO TUNE]     [021: 32320.00]  time:1.864604e+00  MLUPS:060264  cache block size:83030kiB  reps:3  perf err:  2.0%
OMP: Info #277: omp_set_nested routine deprecated, please use omp_set_max_active_levels instead.
[AUTO TUNE]     [024: 33945.18]  time:4.008816e-01  MLUPS:013608  cache block size:90440kiB  reps:1  perf err: 100.0%
OMP: Info #277: omp_set_nested routine deprecated, please use omp_set_max_active_levels instead.
[AUTO TUNE]     [024: 33902.62]  time:1.089473e+00  MLUPS:036936  cache block size:90440kiB  reps:2  perf err:  0.1%
OMP: Info #277: omp_set_nested routine deprecated, please use omp_set_max_active_levels instead.
[AUTO TUNE]     [027: 37071.20]  time:3.670774e-01  MLUPS:013608  cache block size:97850kiB  reps:1  perf err: 100.0%
OMP: Info #277: omp_set_nested routine deprecated, please use omp_set_max_active_levels instead.
[AUTO TUNE]     [027: 34521.21]  time:1.069951e+00  MLUPS:036936  cache block size:97850kiB  reps:2  perf err:  7.4%
OMP: Info #277: omp_set_nested routine deprecated, please use omp_set_max_active_levels instead.
[AUTO TUNE]     [027: 33978.67]  time:1.773583e+00  MLUPS:060264  cache block size:97850kiB  reps:3  perf err:  1.6%
OMP: Info #277: omp_set_nested routine deprecated, please use omp_set_max_active_levels instead.
[AUTO TUNE]     [030: 37199.03]  time:3.658159e-01  MLUPS:013608  cache block size:105260kiB  reps:1  perf err: 100.0%
OMP: Info #277: omp_set_nested routine deprecated, please use omp_set_max_active_levels instead.
[AUTO TUNE]     [030: 34789.31]  time:1.061706e+00  MLUPS:036936  cache block size:105260kiB  reps:2  perf err:  6.9%
OMP: Info #277: omp_set_nested routine deprecated, please use omp_set_max_active_levels instead.
[AUTO TUNE]     [030: 34152.93]  time:1.764534e+00  MLUPS:060264  cache block size:105260kiB  reps:3  perf err:  1.9%
OMP: Info #277: omp_set_nested routine deprecated, please use omp_set_max_active_levels instead.
[AUTO TUNE]     [033: 38103.08]  time:3.571365e-01  MLUPS:013608  cache block size:112670kiB  reps:1  perf err: 100.0%
OMP: Info #277: omp_set_nested routine deprecated, please use omp_set_max_active_levels instead.
[AUTO TUNE]     [033: 35080.67]  time:1.052888e+00  MLUPS:036936  cache block size:112670kiB  reps:2  perf err:  8.6%
OMP: Info #277: omp_set_nested routine deprecated, please use omp_set_max_active_levels instead.
[AUTO TUNE]     [033: 34428.22]  time:1.750425e+00  MLUPS:060264  cache block size:112670kiB  reps:3  perf err:  1.9%
OMP: Info #277: omp_set_nested routine deprecated, please use omp_set_max_active_levels instead.
[AUTO TUNE]     [036: 38086.18]  time:3.572950e-01  MLUPS:013608  cache block size:120080kiB  reps:1  perf err: 100.0%
OMP: Info #277: omp_set_nested routine deprecated, please use omp_set_max_active_levels instead.
[AUTO TUNE]     [036: 35384.81]  time:1.043838e+00  MLUPS:036936  cache block size:120080kiB  reps:2  perf err:  7.6%
OMP: Info #277: omp_set_nested routine deprecated, please use omp_set_max_active_levels instead.
[AUTO TUNE]     [036: 34846.35]  time:1.729421e+00  MLUPS:060264  cache block size:120080kiB  reps:3  perf err:  1.5%
OMP: Info #277: omp_set_nested routine deprecated, please use omp_set_max_active_levels instead.
[AUTO TUNE]     [039: 38010.26]  time:3.580086e-01  MLUPS:013608  cache block size:127490kiB  reps:1  perf err: 100.0%
OMP: Info #277: omp_set_nested routine deprecated, please use omp_set_max_active_levels instead.
[AUTO TUNE]     [039: 35386.10]  time:1.043800e+00  MLUPS:036936  cache block size:127490kiB  reps:2  perf err:  7.4%
OMP: Info #277: omp_set_nested routine deprecated, please use omp_set_max_active_levels instead.
[AUTO TUNE]     [039: 34457.57]  time:1.748934e+00  MLUPS:060264  cache block size:127490kiB  reps:3  perf err:  2.7%
OMP: Info #277: omp_set_nested routine deprecated, please use omp_set_max_active_levels instead.
[AUTO TUNE]     [039: 34463.28]  time:2.425538e+00  MLUPS:083592  cache block size:127490kiB  reps:4  perf err:  0.0%
[AUTO TUNE] COMPLETE tune case #10: Thread group size:06  thc:01  thx:01  thy:02  thz:03  t_dim:05  bs_z:36  perf:34846.35 MLUP/s

[AUTO TUNE] START tune case #11: Thread group size:06  thc:01  thx:01  thy:01  thz:06  Possilbe diam width: 8 24
[AUTO TUNE]   Diamond width:08  [wavefronts #: pefromance (MLUPS/s)]
OMP: Info #277: omp_set_nested routine deprecated, please use omp_set_max_active_levels instead.
[AUTO TUNE]     [006: 18250.46]  time:3.195536e-01  MLUPS:005832  cache block size:9500kiB  reps:1  perf err: 100.0%
OMP: Info #277: omp_set_nested routine deprecated, please use omp_set_max_active_levels instead.
[AUTO TUNE]     [006: 14396.98]  time:9.451981e-01  MLUPS:013608  cache block size:9500kiB  reps:2  perf err: 26.8%
OMP: Info #277: omp_set_nested routine deprecated, please use omp_set_max_active_levels instead.
[AUTO TUNE]     [006: 13567.38]  time:1.576133e+00  MLUPS:021384  cache block size:9500kiB  reps:3  perf err:  6.1%
OMP: Info #277: omp_set_nested routine deprecated, please use omp_set_max_active_levels instead.
[AUTO TUNE]     [006: 13218.70]  time:2.205965e+00  MLUPS:029160  cache block size:9500kiB  reps:4  perf err:  2.6%
OMP: Info #277: omp_set_nested routine deprecated, please use omp_set_max_active_levels instead.
[AUTO TUNE]     [006: 13024.64]  time:2.835856e+00  MLUPS:036936  cache block size:9500kiB  reps:5  perf err:  1.5%
OMP: Info #277: omp_set_nested routine deprecated, please use omp_set_max_active_levels instead.
[AUTO TUNE]     [012: 19154.12]  time:3.044775e-01  MLUPS:005832  cache block size:15200kiB  reps:1  perf err: 100.0%
OMP: Info #277: omp_set_nested routine deprecated, please use omp_set_max_active_levels instead.
[AUTO TUNE]     [012: 14913.13]  time:9.124844e-01  MLUPS:013608  cache block size:15200kiB  reps:2  perf err: 28.4%
OMP: Info #277: omp_set_nested routine deprecated, please use omp_set_max_active_levels instead.
[AUTO TUNE]     [012: 14074.10]  time:1.519387e+00  MLUPS:021384  cache block size:15200kiB  reps:3  perf err:  6.0%
OMP: Info #277: omp_set_nested routine deprecated, please use omp_set_max_active_levels instead.
[AUTO TUNE]     [012: 13747.45]  time:2.121120e+00  MLUPS:029160  cache block size:15200kiB  reps:4  perf err:  2.4%
OMP: Info #277: omp_set_nested routine deprecated, please use omp_set_max_active_levels instead.
[AUTO TUNE]     [018: 17886.63]  time:3.260536e-01  MLUPS:005832  cache block size:20900kiB  reps:1  perf err: 100.0%
OMP: Info #277: omp_set_nested routine deprecated, please use omp_set_max_active_levels instead.
[AUTO TUNE]     [018: 13909.32]  time:9.783366e-01  MLUPS:013608  cache block size:20900kiB  reps:2  perf err: 28.6%
OMP: Info #277: omp_set_nested routine deprecated, please use omp_set_max_active_levels instead.
[AUTO TUNE]     [018: 13073.45]  time:1.635682e+00  MLUPS:021384  cache block size:20900kiB  reps:3  perf err:  6.4%
OMP: Info #277: omp_set_nested routine deprecated, please use omp_set_max_active_levels instead.
[AUTO TUNE]     [018: 12769.15]  time:2.283629e+00  MLUPS:029160  cache block size:20900kiB  reps:4  perf err:  2.4%
[AUTO TUNE]   Diamond width:24  [wavefronts #: pefromance (MLUPS/s)]
OMP: Info #277: omp_set_nested routine deprecated, please use omp_set_max_active_levels instead.
[AUTO TUNE]     [006: 17661.42]  time:7.704928e-01  MLUPS:013608  cache block size:45980kiB  reps:1  perf err: 100.0%
OMP: Info #277: omp_set_nested routine deprecated, please use omp_set_max_active_levels instead.
[AUTO TUNE]     [006: 16188.13]  time:2.281672e+00  MLUPS:036936  cache block size:45980kiB  reps:2  perf err:  9.1%
OMP: Info #277: omp_set_nested routine deprecated, please use omp_set_max_active_levels instead.
[AUTO TUNE]     [006: 15893.00]  time:3.791859e+00  MLUPS:060264  cache block size:45980kiB  reps:3  perf err:  1.9%
OMP: Info #277: omp_set_nested routine deprecated, please use omp_set_max_active_levels instead.
[AUTO TUNE]     [012: 24382.16]  time:5.581130e-01  MLUPS:013608  cache block size:60800kiB  reps:1  perf err: 100.0%
OMP: Info #277: omp_set_nested routine deprecated, please use omp_set_max_active_levels instead.
[AUTO TUNE]     [012: 22085.28]  time:1.672426e+00  MLUPS:036936  cache block size:60800kiB  reps:2  perf err: 10.4%
OMP: Info #277: omp_set_nested routine deprecated, please use omp_set_max_active_levels instead.
[AUTO TUNE]     [012: 21902.46]  time:2.751471e+00  MLUPS:060264  cache block size:60800kiB  reps:3  perf err:  0.8%
OMP: Info #277: omp_set_nested routine deprecated, please use omp_set_max_active_levels instead.
[AUTO TUNE]     [018: 27781.77]  time:4.898175e-01  MLUPS:013608  cache block size:75620kiB  reps:1  perf err: 100.0%
OMP: Info #277: omp_set_nested routine deprecated, please use omp_set_max_active_levels instead.
[AUTO TUNE]     [018: 26346.77]  time:1.401917e+00  MLUPS:036936  cache block size:75620kiB  reps:2  perf err:  5.4%
OMP: Info #277: omp_set_nested routine deprecated, please use omp_set_max_active_levels instead.
[AUTO TUNE]     [018: 25728.38]  time:2.342316e+00  MLUPS:060264  cache block size:75620kiB  reps:3  perf err:  2.4%
OMP: Info #277: omp_set_nested routine deprecated, please use omp_set_max_active_levels instead.
[AUTO TUNE]     [024: 30695.75]  time:4.433186e-01  MLUPS:013608  cache block size:90440kiB  reps:1  perf err: 100.0%
OMP: Info #277: omp_set_nested routine deprecated, please use omp_set_max_active_levels instead.
[AUTO TUNE]     [024: 28882.55]  time:1.278834e+00  MLUPS:036936  cache block size:90440kiB  reps:2  perf err:  6.3%
OMP: Info #277: omp_set_nested routine deprecated, please use omp_set_max_active_levels instead.
[AUTO TUNE]     [024: 28282.80]  time:2.130765e+00  MLUPS:060264  cache block size:90440kiB  reps:3  perf err:  2.1%
OMP: Info #277: omp_set_nested routine deprecated, please use omp_set_max_active_levels instead.
[AUTO TUNE]     [030: 34435.97]  time:3.951682e-01  MLUPS:013608  cache block size:105260kiB  reps:1  perf err: 100.0%
OMP: Info #277: omp_set_nested routine deprecated, please use omp_set_max_active_levels instead.
[AUTO TUNE]     [030: 31857.79]  time:1.159403e+00  MLUPS:036936  cache block size:105260kiB  reps:2  perf err:  8.1%
OMP: Info #277: omp_set_nested routine deprecated, please use omp_set_max_active_levels instead.
[AUTO TUNE]     [030: 31338.44]  time:1.923006e+00  MLUPS:060264  cache block size:105260kiB  reps:3  perf err:  1.7%
OMP: Info #277: omp_set_nested routine deprecated, please use omp_set_max_active_levels instead.
[AUTO TUNE]     [036: 35934.05]  time:3.786937e-01  MLUPS:013608  cache block size:120080kiB  reps:1  perf err: 100.0%
OMP: Info #277: omp_set_nested routine deprecated, please use omp_set_max_active_levels instead.
[AUTO TUNE]     [036: 33550.58]  time:1.100905e+00  MLUPS:036936  cache block size:120080kiB  reps:2  perf err:  7.1%
OMP: Info #277: omp_set_nested routine deprecated, please use omp_set_max_active_levels instead.
[AUTO TUNE]     [036: 33001.89]  time:1.826077e+00  MLUPS:060264  cache block size:120080kiB  reps:3  perf err:  1.7%
OMP: Info #277: omp_set_nested routine deprecated, please use omp_set_max_active_levels instead.
[AUTO TUNE]     [042: 36065.01]  time:3.773186e-01  MLUPS:013608  cache block size:134900kiB  reps:1  perf err: 100.0%
OMP: Info #277: omp_set_nested routine deprecated, please use omp_set_max_active_levels instead.
[AUTO TUNE]     [042: 33825.06]  time:1.091971e+00  MLUPS:036936  cache block size:134900kiB  reps:2  perf err:  6.6%
OMP: Info #277: omp_set_nested routine deprecated, please use omp_set_max_active_levels instead.
[AUTO TUNE]     [042: 33429.39]  time:1.802725e+00  MLUPS:060264  cache block size:134900kiB  reps:3  perf err:  1.2%
OMP: Info #277: omp_set_nested routine deprecated, please use omp_set_max_active_levels instead.
[AUTO TUNE]     [048: 36003.90]  time:3.779591e-01  MLUPS:013608  cache block size:149720kiB  reps:1  perf err: 100.0%
OMP: Info #277: omp_set_nested routine deprecated, please use omp_set_max_active_levels instead.
[AUTO TUNE]     [048: 33325.50]  time:1.108340e+00  MLUPS:036936  cache block size:149720kiB  reps:2  perf err:  8.0%
OMP: Info #277: omp_set_nested routine deprecated, please use omp_set_max_active_levels instead.
[AUTO TUNE]     [048: 32637.94]  time:1.846440e+00  MLUPS:060264  cache block size:149720kiB  reps:3  perf err:  2.1%
[AUTO TUNE] COMPLETE tune case #11: Thread group size:06  thc:01  thx:01  thy:01  thz:06  t_dim:05  bs_z:42  perf:33429.39 MLUP/s

[AUTO TUNE] START tune case #12: Thread group size:10  thc:01  thx:02  thy:01  thz:05  Possilbe diam width: 8 24 40
[AUTO TUNE]   Diamond width:08  [wavefronts #: pefromance (MLUPS/s)]
OMP: Info #277: omp_set_nested routine deprecated, please use omp_set_max_active_levels instead.
[AUTO TUNE]     [005: 12157.44]  time:4.797064e-01  MLUPS:005832  cache block size:5130kiB  reps:1  perf err: 100.0%
OMP: Info #277: omp_set_nested routine deprecated, please use omp_set_max_active_levels instead.
[AUTO TUNE]     [005: 9623.59]  time:1.414025e+00  MLUPS:013608  cache block size:5130kiB  reps:2  perf err: 26.3%
OMP: Info #277: omp_set_nested routine deprecated, please use omp_set_max_active_levels instead.
[AUTO TUNE]     [005: 9121.46]  time:2.344361e+00  MLUPS:021384  cache block size:5130kiB  reps:3  perf err:  5.5%
OMP: Info #277: omp_set_nested routine deprecated, please use omp_set_max_active_levels instead.
[AUTO TUNE]     [005: 8843.29]  time:3.297416e+00  MLUPS:029160  cache block size:5130kiB  reps:4  perf err:  3.1%
OMP: Info #277: omp_set_nested routine deprecated, please use omp_set_max_active_levels instead.
[AUTO TUNE]     [005: 8729.91]  time:4.230974e+00  MLUPS:036936  cache block size:5130kiB  reps:5  perf err:  1.3%
OMP: Info #277: omp_set_nested routine deprecated, please use omp_set_max_active_levels instead.
[AUTO TUNE]     [010: 15404.26]  time:3.785965e-01  MLUPS:005832  cache block size:7980kiB  reps:1  perf err: 100.0%
OMP: Info #277: omp_set_nested routine deprecated, please use omp_set_max_active_levels instead.
[AUTO TUNE]     [010: 12012.16]  time:1.132852e+00  MLUPS:013608  cache block size:7980kiB  reps:2  perf err: 28.2%
OMP: Info #277: omp_set_nested routine deprecated, please use omp_set_max_active_levels instead.
[AUTO TUNE]     [010: 11412.66]  time:1.873709e+00  MLUPS:021384  cache block size:7980kiB  reps:3  perf err:  5.3%
OMP: Info #277: omp_set_nested routine deprecated, please use omp_set_max_active_levels instead.
[AUTO TUNE]     [010: 11150.25]  time:2.615188e+00  MLUPS:029160  cache block size:7980kiB  reps:4  perf err:  2.4%
OMP: Info #277: omp_set_nested routine deprecated, please use omp_set_max_active_levels instead.
[AUTO TUNE]     [015: 14994.11]  time:3.889529e-01  MLUPS:005832  cache block size:10830kiB  reps:1  perf err: 100.0%
OMP: Info #277: omp_set_nested routine deprecated, please use omp_set_max_active_levels instead.
[AUTO TUNE]     [015: 11541.57]  time:1.179042e+00  MLUPS:013608  cache block size:10830kiB  reps:2  perf err: 29.9%
OMP: Info #277: omp_set_nested routine deprecated, please use omp_set_max_active_levels instead.
[AUTO TUNE]     [015: 11060.59]  time:1.933351e+00  MLUPS:021384  cache block size:10830kiB  reps:3  perf err:  4.3%
OMP: Info #277: omp_set_nested routine deprecated, please use omp_set_max_active_levels instead.
[AUTO TUNE]     [015: 10662.29]  time:2.734871e+00  MLUPS:029160  cache block size:10830kiB  reps:4  perf err:  3.7%
OMP: Info #277: omp_set_nested routine deprecated, please use omp_set_max_active_levels instead.
[AUTO TUNE]     [015: 10516.04]  time:3.512349e+00  MLUPS:036936  cache block size:10830kiB  reps:5  perf err:  1.4%
[AUTO TUNE]   Diamond width:24  [wavefronts #: pefromance (MLUPS/s)]
OMP: Info #277: omp_set_nested routine deprecated, please use omp_set_max_active_levels instead.
[AUTO TUNE]     [005: 11182.17]  time:1.216938e+00  MLUPS:013608  cache block size:26106kiB  reps:1  perf err: 100.0%
OMP: Info #277: omp_set_nested routine deprecated, please use omp_set_max_active_levels instead.
[AUTO TUNE]     [005: 10217.93]  time:3.614821e+00  MLUPS:036936  cache block size:26106kiB  reps:2  perf err:  9.4%
OMP: Info #277: omp_set_nested routine deprecated, please use omp_set_max_active_levels instead.
[AUTO TUNE]     [005: 10052.11]  time:5.995161e+00  MLUPS:060264  cache block size:26106kiB  reps:3  perf err:  1.6%
OMP: Info #277: omp_set_nested routine deprecated, please use omp_set_max_active_levels instead.
[AUTO TUNE]     [010: 17364.07]  time:7.836873e-01  MLUPS:013608  cache block size:33516kiB  reps:1  perf err: 100.0%
OMP: Info #277: omp_set_nested routine deprecated, please use omp_set_max_active_levels instead.
[AUTO TUNE]     [010: 15863.00]  time:2.328438e+00  MLUPS:036936  cache block size:33516kiB  reps:2  perf err:  9.5%
OMP: Info #277: omp_set_nested routine deprecated, please use omp_set_max_active_levels instead.
[AUTO TUNE]     [010: 15512.28]  time:3.884922e+00  MLUPS:060264  cache block size:33516kiB  reps:3  perf err:  2.3%
OMP: Info #277: omp_set_nested routine deprecated, please use omp_set_max_active_levels instead.
[AUTO TUNE]     [015: 21727.87]  time:6.262924e-01  MLUPS:013608  cache block size:40926kiB  reps:1  perf err: 100.0%
OMP: Info #277: omp_set_nested routine deprecated, please use omp_set_max_active_levels instead.
[AUTO TUNE]     [015: 19819.46]  time:1.863623e+00  MLUPS:036936  cache block size:40926kiB  reps:2  perf err:  9.6%
OMP: Info #277: omp_set_nested routine deprecated, please use omp_set_max_active_levels instead.
[AUTO TUNE]     [015: 19448.93]  time:3.098576e+00  MLUPS:060264  cache block size:40926kiB  reps:3  perf err:  1.9%
OMP: Info #277: omp_set_nested routine deprecated, please use omp_set_max_active_levels instead.
[AUTO TUNE]     [020: 24594.93]  time:5.532848e-01  MLUPS:013608  cache block size:48336kiB  reps:1  perf err: 100.0%
OMP: Info #277: omp_set_nested routine deprecated, please use omp_set_max_active_levels instead.
[AUTO TUNE]     [020: 22391.92]  time:1.649524e+00  MLUPS:036936  cache block size:48336kiB  reps:2  perf err:  9.8%
OMP: Info #277: omp_set_nested routine deprecated, please use omp_set_max_active_levels instead.
[AUTO TUNE]     [020: 22065.49]  time:2.731143e+00  MLUPS:060264  cache block size:48336kiB  reps:3  perf err:  1.5%
OMP: Info #277: omp_set_nested routine deprecated, please use omp_set_max_active_levels instead.
[AUTO TUNE]     [025: 25924.26]  time:5.249137e-01  MLUPS:013608  cache block size:55746kiB  reps:1  perf err: 100.0%
OMP: Info #277: omp_set_nested routine deprecated, please use omp_set_max_active_levels instead.
[AUTO TUNE]     [025: 23912.97]  time:1.544601e+00  MLUPS:036936  cache block size:55746kiB  reps:2  perf err:  8.4%
OMP: Info #277: omp_set_nested routine deprecated, please use omp_set_max_active_levels instead.
[AUTO TUNE]     [025: 23483.44]  time:2.566234e+00  MLUPS:060264  cache block size:55746kiB  reps:3  perf err:  1.8%
OMP: Info #277: omp_set_nested routine deprecated, please use omp_set_max_active_levels instead.
[AUTO TUNE]     [030: 27198.53]  time:5.003212e-01  MLUPS:013608  cache block size:63156kiB  reps:1  perf err: 100.0%
OMP: Info #277: omp_set_nested routine deprecated, please use omp_set_max_active_levels instead.
[AUTO TUNE]     [030: 25162.71]  time:1.467887e+00  MLUPS:036936  cache block size:63156kiB  reps:2  perf err:  8.1%
OMP: Info #277: omp_set_nested routine deprecated, please use omp_set_max_active_levels instead.
[AUTO TUNE]     [030: 24692.37]  time:2.440592e+00  MLUPS:060264  cache block size:63156kiB  reps:3  perf err:  1.9%
OMP: Info #277: omp_set_nested routine deprecated, please use omp_set_max_active_levels instead.
[AUTO TUNE]     [035: 28476.81]  time:4.778625e-01  MLUPS:013608  cache block size:70566kiB  reps:1  perf err: 100.0%
OMP: Info #277: omp_set_nested routine deprecated, please use omp_set_max_active_levels instead.
[AUTO TUNE]     [035: 26142.12]  time:1.412892e+00  MLUPS:036936  cache block size:70566kiB  reps:2  perf err:  8.9%
OMP: Info #277: omp_set_nested routine deprecated, please use omp_set_max_active_levels instead.
[AUTO TUNE]     [035: 25636.91]  time:2.350673e+00  MLUPS:060264  cache block size:70566kiB  reps:3  perf err:  2.0%
OMP: Info #277: omp_set_nested routine deprecated, please use omp_set_max_active_levels instead.
[AUTO TUNE]     [040: 29143.33]  time:4.669336e-01  MLUPS:013608  cache block size:77976kiB  reps:1  perf err: 100.0%
OMP: Info #277: omp_set_nested routine deprecated, please use omp_set_max_active_levels instead.
[AUTO TUNE]     [040: 26808.81]  time:1.377756e+00  MLUPS:036936  cache block size:77976kiB  reps:2  perf err:  8.7%
OMP: Info #277: omp_set_nested routine deprecated, please use omp_set_max_active_levels instead.
[AUTO TUNE]     [040: 26177.01]  time:2.302172e+00  MLUPS:060264  cache block size:77976kiB  reps:3  perf err:  2.4%
OMP: Info #277: omp_set_nested routine deprecated, please use omp_set_max_active_levels instead.
[AUTO TUNE]     [045: 29545.71]  time:4.605744e-01  MLUPS:013608  cache block size:85386kiB  reps:1  perf err: 100.0%
OMP: Info #277: omp_set_nested routine deprecated, please use omp_set_max_active_levels instead.
[AUTO TUNE]     [045: 27134.42]  time:1.361223e+00  MLUPS:036936  cache block size:85386kiB  reps:2  perf err:  8.9%
OMP: Info #277: omp_set_nested routine deprecated, please use omp_set_max_active_levels instead.
[AUTO TUNE]     [045: 26511.57]  time:2.273121e+00  MLUPS:060264  cache block size:85386kiB  reps:3  perf err:  2.3%
OMP: Info #277: omp_set_nested routine deprecated, please use omp_set_max_active_levels instead.
[AUTO TUNE]     [050: 29624.09]  time:4.593558e-01  MLUPS:013608  cache block size:92796kiB  reps:1  perf err: 100.0%
OMP: Info #277: omp_set_nested routine deprecated, please use omp_set_max_active_levels instead.
[AUTO TUNE]     [050: 27386.16]  time:1.348710e+00  MLUPS:036936  cache block size:92796kiB  reps:2  perf err:  8.2%
OMP: Info #277: omp_set_nested routine deprecated, please use omp_set_max_active_levels instead.
[AUTO TUNE]     [050: 26833.08]  time:2.245884e+00  MLUPS:060264  cache block size:92796kiB  reps:3  perf err:  2.1%
OMP: Info #277: omp_set_nested routine deprecated, please use omp_set_max_active_levels instead.
[AUTO TUNE]     [055: 29672.76]  time:4.586024e-01  MLUPS:013608  cache block size:100206kiB  reps:1  perf err: 100.0%
OMP: Info #277: omp_set_nested routine deprecated, please use omp_set_max_active_levels instead.
[AUTO TUNE]     [055: 27238.28]  time:1.356033e+00  MLUPS:036936  cache block size:100206kiB  reps:2  perf err:  8.9%
OMP: Info #277: omp_set_nested routine deprecated, please use omp_set_max_active_levels instead.
[AUTO TUNE]     [055: 26921.07]  time:2.238544e+00  MLUPS:060264  cache block size:100206kiB  reps:3  perf err:  1.2%
OMP: Info #277: omp_set_nested routine deprecated, please use omp_set_max_active_levels instead.
[AUTO TUNE]     [060: 29802.78]  time:4.566017e-01  MLUPS:013608  cache block size:107616kiB  reps:1  perf err: 100.0%
OMP: Info #277: omp_set_nested routine deprecated, please use omp_set_max_active_levels instead.
[AUTO TUNE]     [060: 27659.49]  time:1.335382e+00  MLUPS:036936  cache block size:107616kiB  reps:2  perf err:  7.7%
OMP: Info #277: omp_set_nested routine deprecated, please use omp_set_max_active_levels instead.
[AUTO TUNE]     [060: 27112.66]  time:2.222725e+00  MLUPS:060264  cache block size:107616kiB  reps:3  perf err:  2.0%
OMP: Info #277: omp_set_nested routine deprecated, please use omp_set_max_active_levels instead.
[AUTO TUNE]     [065: 29671.26]  time:4.586256e-01  MLUPS:013608  cache block size:115026kiB  reps:1  perf err: 100.0%
OMP: Info #277: omp_set_nested routine deprecated, please use omp_set_max_active_levels instead.
[AUTO TUNE]     [065: 27424.62]  time:1.346819e+00  MLUPS:036936  cache block size:115026kiB  reps:2  perf err:  8.2%
OMP: Info #277: omp_set_nested routine deprecated, please use omp_set_max_active_levels instead.
[AUTO TUNE]     [065: 27111.04]  time:2.222858e+00  MLUPS:060264  cache block size:115026kiB  reps:3  perf err:  1.2%
[AUTO TUNE]   Diamond width:40  [wavefronts #: pefromance (MLUPS/s)]
OMP: Info #277: omp_set_nested routine deprecated, please use omp_set_max_active_levels instead.
[AUTO TUNE]     [005: 10807.63]  time:1.978602e+00  MLUPS:021384  cache block size:61674kiB  reps:1  perf err: 100.0%
OMP: Info #277: omp_set_nested routine deprecated, please use omp_set_max_active_levels instead.
[AUTO TUNE]     [005: 10546.19]  time:5.714292e+00  MLUPS:060264  cache block size:61674kiB  reps:2  perf err:  2.5%
OMP: Info #277: omp_set_nested routine deprecated, please use omp_set_max_active_levels instead.
[AUTO TUNE]     [010: 17447.21]  time:1.225640e+00  MLUPS:021384  cache block size:73644kiB  reps:1  perf err: 100.0%
OMP: Info #277: omp_set_nested routine deprecated, please use omp_set_max_active_levels instead.
[AUTO TUNE]     [010: 16692.46]  time:3.610252e+00  MLUPS:060264  cache block size:73644kiB  reps:2  perf err:  4.5%
OMP: Info #277: omp_set_nested routine deprecated, please use omp_set_max_active_levels instead.
[AUTO TUNE]     [010: 16583.05]  time:5.978633e+00  MLUPS:099144  cache block size:73644kiB  reps:3  perf err:  0.7%
OMP: Info #277: omp_set_nested routine deprecated, please use omp_set_max_active_levels instead.
[AUTO TUNE]     [015: 21252.46]  time:1.006189e+00  MLUPS:021384  cache block size:85614kiB  reps:1  perf err: 100.0%
OMP: Info #277: omp_set_nested routine deprecated, please use omp_set_max_active_levels instead.
[AUTO TUNE]     [015: 20268.84]  time:2.973233e+00  MLUPS:060264  cache block size:85614kiB  reps:2  perf err:  4.9%
OMP: Info #277: omp_set_nested routine deprecated, please use omp_set_max_active_levels instead.
[AUTO TUNE]     [015: 20099.52]  time:4.932656e+00  MLUPS:099144  cache block size:85614kiB  reps:3  perf err:  0.8%
OMP: Info #277: omp_set_nested routine deprecated, please use omp_set_max_active_levels instead.
[AUTO TUNE]     [020: 23978.59]  time:8.917956e-01  MLUPS:021384  cache block size:97584kiB  reps:1  perf err: 100.0%
OMP: Info #277: omp_set_nested routine deprecated, please use omp_set_max_active_levels instead.
[AUTO TUNE]     [020: 23107.09]  time:2.608030e+00  MLUPS:060264  cache block size:97584kiB  reps:2  perf err:  3.8%
OMP: Info #277: omp_set_nested routine deprecated, please use omp_set_max_active_levels instead.
[AUTO TUNE]     [020: 22859.33]  time:4.337135e+00  MLUPS:099144  cache block size:97584kiB  reps:3  perf err:  1.1%
OMP: Info #277: omp_set_nested routine deprecated, please use omp_set_max_active_levels instead.
[AUTO TUNE]     [025: 24986.92]  time:8.558078e-01  MLUPS:021384  cache block size:109554kiB  reps:1  perf err: 100.0%
OMP: Info #277: omp_set_nested routine deprecated, please use omp_set_max_active_levels instead.
[AUTO TUNE]     [025: 24447.72]  time:2.465015e+00  MLUPS:060264  cache block size:109554kiB  reps:2  perf err:  2.2%
OMP: Info #277: omp_set_nested routine deprecated, please use omp_set_max_active_levels instead.
[AUTO TUNE]     [030: 27030.94]  time:7.910935e-01  MLUPS:021384  cache block size:121524kiB  reps:1  perf err: 100.0%
OMP: Info #277: omp_set_nested routine deprecated, please use omp_set_max_active_levels instead.
[AUTO TUNE]     [030: 25922.26]  time:2.324798e+00  MLUPS:060264  cache block size:121524kiB  reps:2  perf err:  4.3%
OMP: Info #277: omp_set_nested routine deprecated, please use omp_set_max_active_levels instead.
[AUTO TUNE]     [030: 25664.06]  time:3.863146e+00  MLUPS:099144  cache block size:121524kiB  reps:3  perf err:  1.0%
OMP: Info #277: omp_set_nested routine deprecated, please use omp_set_max_active_levels instead.
[AUTO TUNE]     [035: 27461.50]  time:7.786901e-01  MLUPS:021384  cache block size:133494kiB  reps:1  perf err: 100.0%
OMP: Info #277: omp_set_nested routine deprecated, please use omp_set_max_active_levels instead.
[AUTO TUNE]     [035: 26578.18]  time:2.267424e+00  MLUPS:060264  cache block size:133494kiB  reps:2  perf err:  3.3%
OMP: Info #277: omp_set_nested routine deprecated, please use omp_set_max_active_levels instead.
[AUTO TUNE]     [035: 26304.33]  time:3.769114e+00  MLUPS:099144  cache block size:133494kiB  reps:3  perf err:  1.0%
OMP: Info #277: omp_set_nested routine deprecated, please use omp_set_max_active_levels instead.
[AUTO TUNE]     [040: 28206.30]  time:7.581284e-01  MLUPS:021384  cache block size:145464kiB  reps:1  perf err: 100.0%
OMP: Info #277: omp_set_nested routine deprecated, please use omp_set_max_active_levels instead.
[AUTO TUNE]     [040: 27290.52]  time:2.208240e+00  MLUPS:060264  cache block size:145464kiB  reps:2  perf err:  3.4%
OMP: Info #277: omp_set_nested routine deprecated, please use omp_set_max_active_levels instead.
[AUTO TUNE]     [040: 27131.82]  time:3.654159e+00  MLUPS:099144  cache block size:145464kiB  reps:3  perf err:  0.6%
OMP: Info #277: omp_set_nested routine deprecated, please use omp_set_max_active_levels instead.
[AUTO TUNE]     [045: 28373.52]  time:7.536604e-01  MLUPS:021384  cache block size:157434kiB  reps:1  perf err: 100.0%
OMP: Info #277: omp_set_nested routine deprecated, please use omp_set_max_active_levels instead.
[AUTO TUNE]     [045: 27469.23]  time:2.193873e+00  MLUPS:060264  cache block size:157434kiB  reps:2  perf err:  3.3%
OMP: Info #277: omp_set_nested routine deprecated, please use omp_set_max_active_levels instead.
[AUTO TUNE]     [045: 27400.67]  time:3.618306e+00  MLUPS:099144  cache block size:157434kiB  reps:3  perf err:  0.3%
OMP: Info #277: omp_set_nested routine deprecated, please use omp_set_max_active_levels instead.
[AUTO TUNE]     [050: 28545.47]  time:7.491205e-01  MLUPS:021384  cache block size:169404kiB  reps:1  perf err: 100.0%
OMP: Info #277: omp_set_nested routine deprecated, please use omp_set_max_active_levels instead.
[AUTO TUNE]     [050: 27866.03]  time:2.162633e+00  MLUPS:060264  cache block size:169404kiB  reps:2  perf err:  2.4%
OMP: Info #277: omp_set_nested routine deprecated, please use omp_set_max_active_levels instead.
[AUTO TUNE]     [055: 26714.22]  time:8.004727e-01  MLUPS:021384  cache block size:181374kiB  reps:1  perf err: 100.0%
OMP: Info #277: omp_set_nested routine deprecated, please use omp_set_max_active_levels instead.
[AUTO TUNE]     [055: 27805.39]  time:2.167350e+00  MLUPS:060264  cache block size:181374kiB  reps:2  perf err:  3.9%
OMP: Info #277: omp_set_nested routine deprecated, please use omp_set_max_active_levels instead.
[AUTO TUNE]     [055: 27546.07]  time:3.599207e+00  MLUPS:099144  cache block size:181374kiB  reps:3  perf err:  0.9%
[AUTO TUNE] COMPLETE tune case #12: Thread group size:10  thc:01  thx:02  thy:01  thz:05  t_dim:09  bs_z:50  perf:27866.03 MLUP/s

[AUTO TUNE] START tune case #13: Thread group size:10  thc:01  thx:01  thy:02  thz:05  Possilbe diam width: 8 24 40
[AUTO TUNE]   Diamond width:08  [wavefronts #: pefromance (MLUPS/s)]
OMP: Info #277: omp_set_nested routine deprecated, please use omp_set_max_active_levels instead.
[AUTO TUNE]     [005: 13056.28]  time:4.466816e-01  MLUPS:005832  cache block size:5130kiB  reps:1  perf err: 100.0%
OMP: Info #277: omp_set_nested routine deprecated, please use omp_set_max_active_levels instead.
[AUTO TUNE]     [005: 10313.52]  time:1.319433e+00  MLUPS:013608  cache block size:5130kiB  reps:2  perf err: 26.6%
OMP: Info #277: omp_set_nested routine deprecated, please use omp_set_max_active_levels instead.
[AUTO TUNE]     [005: 9734.75]  time:2.196666e+00  MLUPS:021384  cache block size:5130kiB  reps:3  perf err:  5.9%
OMP: Info #277: omp_set_nested routine deprecated, please use omp_set_max_active_levels instead.
[AUTO TUNE]     [005: 9483.08]  time:3.074951e+00  MLUPS:029160  cache block size:5130kiB  reps:4  perf err:  2.7%
OMP: Info #277: omp_set_nested routine deprecated, please use omp_set_max_active_levels instead.
[AUTO TUNE]     [005: 9354.02]  time:3.948675e+00  MLUPS:036936  cache block size:5130kiB  reps:5  perf err:  1.4%
OMP: Info #277: omp_set_nested routine deprecated, please use omp_set_max_active_levels instead.
[AUTO TUNE]     [010: 16726.43]  time:3.486697e-01  MLUPS:005832  cache block size:7980kiB  reps:1  perf err: 100.0%
OMP: Info #277: omp_set_nested routine deprecated, please use omp_set_max_active_levels instead.
[AUTO TUNE]     [010: 13123.80]  time:1.036895e+00  MLUPS:013608  cache block size:7980kiB  reps:2  perf err: 27.5%
OMP: Info #277: omp_set_nested routine deprecated, please use omp_set_max_active_levels instead.
[AUTO TUNE]     [010: 12376.04]  time:1.727855e+00  MLUPS:021384  cache block size:7980kiB  reps:3  perf err:  6.0%
OMP: Info #277: omp_set_nested routine deprecated, please use omp_set_max_active_levels instead.
[AUTO TUNE]     [010: 12103.02]  time:2.409317e+00  MLUPS:029160  cache block size:7980kiB  reps:4  perf err:  2.3%
OMP: Info #277: omp_set_nested routine deprecated, please use omp_set_max_active_levels instead.
[AUTO TUNE]     [015: 16084.33]  time:3.625888e-01  MLUPS:005832  cache block size:10830kiB  reps:1  perf err: 100.0%
OMP: Info #277: omp_set_nested routine deprecated, please use omp_set_max_active_levels instead.
[AUTO TUNE]     [015: 12669.80]  time:1.074050e+00  MLUPS:013608  cache block size:10830kiB  reps:2  perf err: 27.0%
OMP: Info #277: omp_set_nested routine deprecated, please use omp_set_max_active_levels instead.
[AUTO TUNE]     [015: 11961.70]  time:1.787706e+00  MLUPS:021384  cache block size:10830kiB  reps:3  perf err:  5.9%
OMP: Info #277: omp_set_nested routine deprecated, please use omp_set_max_active_levels instead.
[AUTO TUNE]     [015: 11651.09]  time:2.502770e+00  MLUPS:029160  cache block size:10830kiB  reps:4  perf err:  2.7%
OMP: Info #277: omp_set_nested routine deprecated, please use omp_set_max_active_levels instead.
[AUTO TUNE]     [015: 11533.59]  time:3.202472e+00  MLUPS:036936  cache block size:10830kiB  reps:5  perf err:  1.0%
[AUTO TUNE]   Diamond width:24  [wavefronts #: pefromance (MLUPS/s)]
OMP: Info #277: omp_set_nested routine deprecated, please use omp_set_max_active_levels instead.
[AUTO TUNE]     [005: 11954.71]  time:1.138296e+00  MLUPS:013608  cache block size:26106kiB  reps:1  perf err: 100.0%
OMP: Info #277: omp_set_nested routine deprecated, please use omp_set_max_active_levels instead.
[AUTO TUNE]     [005: 10923.87]  time:3.381220e+00  MLUPS:036936  cache block size:26106kiB  reps:2  perf err:  9.4%
OMP: Info #277: omp_set_nested routine deprecated, please use omp_set_max_active_levels instead.
[AUTO TUNE]     [005: 10690.16]  time:5.637336e+00  MLUPS:060264  cache block size:26106kiB  reps:3  perf err:  2.2%
OMP: Info #277: omp_set_nested routine deprecated, please use omp_set_max_active_levels instead.
[AUTO TUNE]     [010: 18924.83]  time:7.190554e-01  MLUPS:013608  cache block size:33516kiB  reps:1  perf err: 100.0%
OMP: Info #277: omp_set_nested routine deprecated, please use omp_set_max_active_levels instead.
[AUTO TUNE]     [010: 17266.28]  time:2.139199e+00  MLUPS:036936  cache block size:33516kiB  reps:2  perf err:  9.6%
OMP: Info #277: omp_set_nested routine deprecated, please use omp_set_max_active_levels instead.
[AUTO TUNE]     [010: 16924.43]  time:3.560770e+00  MLUPS:060264  cache block size:33516kiB  reps:3  perf err:  2.0%
OMP: Info #277: omp_set_nested routine deprecated, please use omp_set_max_active_levels instead.
[AUTO TUNE]     [015: 24919.12]  time:5.460868e-01  MLUPS:013608  cache block size:40926kiB  reps:1  perf err: 100.0%
OMP: Info #277: omp_set_nested routine deprecated, please use omp_set_max_active_levels instead.
[AUTO TUNE]     [015: 22968.85]  time:1.608091e+00  MLUPS:036936  cache block size:40926kiB  reps:2  perf err:  8.5%
OMP: Info #277: omp_set_nested routine deprecated, please use omp_set_max_active_levels instead.
[AUTO TUNE]     [015: 22478.19]  time:2.680999e+00  MLUPS:060264  cache block size:40926kiB  reps:3  perf err:  2.2%
OMP: Info #277: omp_set_nested routine deprecated, please use omp_set_max_active_levels instead.
[AUTO TUNE]     [020: 28534.11]  time:4.769030e-01  MLUPS:013608  cache block size:48336kiB  reps:1  perf err: 100.0%
OMP: Info #277: omp_set_nested routine deprecated, please use omp_set_max_active_levels instead.
[AUTO TUNE]     [020: 27178.37]  time:1.359022e+00  MLUPS:036936  cache block size:48336kiB  reps:2  perf err:  5.0%
OMP: Info #277: omp_set_nested routine deprecated, please use omp_set_max_active_levels instead.
[AUTO TUNE]     [020: 26696.29]  time:2.257393e+00  MLUPS:060264  cache block size:48336kiB  reps:3  perf err:  1.8%
OMP: Info #277: omp_set_nested routine deprecated, please use omp_set_max_active_levels instead.
[AUTO TUNE]     [025: 32276.95]  time:4.216012e-01  MLUPS:013608  cache block size:55746kiB  reps:1  perf err: 100.0%
OMP: Info #277: omp_set_nested routine deprecated, please use omp_set_max_active_levels instead.
[AUTO TUNE]     [025: 29529.77]  time:1.250806e+00  MLUPS:036936  cache block size:55746kiB  reps:2  perf err:  9.3%
OMP: Info #277: omp_set_nested routine deprecated, please use omp_set_max_active_levels instead.
[AUTO TUNE]     [025: 28964.07]  time:2.080647e+00  MLUPS:060264  cache block size:55746kiB  reps:3  perf err:  2.0%
OMP: Info #277: omp_set_nested routine deprecated, please use omp_set_max_active_levels instead.
[AUTO TUNE]     [030: 34191.13]  time:3.979980e-01  MLUPS:013608  cache block size:63156kiB  reps:1  perf err: 100.0%
OMP: Info #277: omp_set_nested routine deprecated, please use omp_set_max_active_levels instead.
[AUTO TUNE]     [030: 31639.81]  time:1.167390e+00  MLUPS:036936  cache block size:63156kiB  reps:2  perf err:  8.1%
OMP: Info #277: omp_set_nested routine deprecated, please use omp_set_max_active_levels instead.
[AUTO TUNE]     [030: 31093.99]  time:1.938124e+00  MLUPS:060264  cache block size:63156kiB  reps:3  perf err:  1.8%
OMP: Info #277: omp_set_nested routine deprecated, please use omp_set_max_active_levels instead.
[AUTO TUNE]     [035: 35378.03]  time:3.846455e-01  MLUPS:013608  cache block size:70566kiB  reps:1  perf err: 100.0%
OMP: Info #277: omp_set_nested routine deprecated, please use omp_set_max_active_levels instead.
[AUTO TUNE]     [035: 32835.44]  time:1.124882e+00  MLUPS:036936  cache block size:70566kiB  reps:2  perf err:  7.7%
OMP: Info #277: omp_set_nested routine deprecated, please use omp_set_max_active_levels instead.
[AUTO TUNE]     [035: 32173.68]  time:1.873084e+00  MLUPS:060264  cache block size:70566kiB  reps:3  perf err:  2.1%
OMP: Info #277: omp_set_nested routine deprecated, please use omp_set_max_active_levels instead.
[AUTO TUNE]     [040: 36351.40]  time:3.743459e-01  MLUPS:013608  cache block size:77976kiB  reps:1  perf err: 100.0%
OMP: Info #277: omp_set_nested routine deprecated, please use omp_set_max_active_levels instead.
[AUTO TUNE]     [040: 33738.71]  time:1.094766e+00  MLUPS:036936  cache block size:77976kiB  reps:2  perf err:  7.7%
OMP: Info #277: omp_set_nested routine deprecated, please use omp_set_max_active_levels instead.
[AUTO TUNE]     [040: 33209.29]  time:1.814673e+00  MLUPS:060264  cache block size:77976kiB  reps:3  perf err:  1.6%
OMP: Info #277: omp_set_nested routine deprecated, please use omp_set_max_active_levels instead.
[AUTO TUNE]     [045: 37549.09]  time:3.624056e-01  MLUPS:013608  cache block size:85386kiB  reps:1  perf err: 100.0%
OMP: Info #277: omp_set_nested routine deprecated, please use omp_set_max_active_levels instead.
[AUTO TUNE]     [045: 34431.93]  time:1.072725e+00  MLUPS:036936  cache block size:85386kiB  reps:2  perf err:  9.1%
OMP: Info #277: omp_set_nested routine deprecated, please use omp_set_max_active_levels instead.
[AUTO TUNE]     [045: 33718.14]  time:1.787287e+00  MLUPS:060264  cache block size:85386kiB  reps:3  perf err:  2.1%
OMP: Info #277: omp_set_nested routine deprecated, please use omp_set_max_active_levels instead.
[AUTO TUNE]     [050: 37520.16]  time:3.626851e-01  MLUPS:013608  cache block size:92796kiB  reps:1  perf err: 100.0%
OMP: Info #277: omp_set_nested routine deprecated, please use omp_set_max_active_levels instead.
[AUTO TUNE]     [050: 34712.14]  time:1.064066e+00  MLUPS:036936  cache block size:92796kiB  reps:2  perf err:  8.1%
OMP: Info #277: omp_set_nested routine deprecated, please use omp_set_max_active_levels instead.
[AUTO TUNE]     [050: 34142.93]  time:1.765051e+00  MLUPS:060264  cache block size:92796kiB  reps:3  perf err:  1.7%
OMP: Info #277: omp_set_nested routine deprecated, please use omp_set_max_active_levels instead.
[AUTO TUNE]     [055: 37799.57]  time:3.600041e-01  MLUPS:013608  cache block size:100206kiB  reps:1  perf err: 100.0%
OMP: Info #277: omp_set_nested routine deprecated, please use omp_set_max_active_levels instead.
[AUTO TUNE]     [055: 34596.16]  time:1.067633e+00  MLUPS:036936  cache block size:100206kiB  reps:2  perf err:  9.3%
OMP: Info #277: omp_set_nested routine deprecated, please use omp_set_max_active_levels instead.
[AUTO TUNE]     [055: 33974.91]  time:1.773779e+00  MLUPS:060264  cache block size:100206kiB  reps:3  perf err:  1.8%
[AUTO TUNE]   Diamond width:40  [wavefronts #: pefromance (MLUPS/s)]
OMP: Info #277: omp_set_nested routine deprecated, please use omp_set_max_active_levels instead.
[AUTO TUNE]     [005: 12001.07]  time:1.781841e+00  MLUPS:021384  cache block size:61674kiB  reps:1  perf err: 100.0%
OMP: Info #277: omp_set_nested routine deprecated, please use omp_set_max_active_levels instead.
[AUTO TUNE]     [005: 11286.33]  time:5.339556e+00  MLUPS:060264  cache block size:61674kiB  reps:2  perf err:  6.3%
OMP: Info #277: omp_set_nested routine deprecated, please use omp_set_max_active_levels instead.
[AUTO TUNE]     [005: 11171.70]  time:8.874564e+00  MLUPS:099144  cache block size:61674kiB  reps:3  perf err:  1.0%
OMP: Info #277: omp_set_nested routine deprecated, please use omp_set_max_active_levels instead.
[AUTO TUNE]     [010: 19819.65]  time:1.078929e+00  MLUPS:021384  cache block size:73644kiB  reps:1  perf err: 100.0%
OMP: Info #277: omp_set_nested routine deprecated, please use omp_set_max_active_levels instead.
[AUTO TUNE]     [010: 18933.39]  time:3.182948e+00  MLUPS:060264  cache block size:73644kiB  reps:2  perf err:  4.7%
OMP: Info #277: omp_set_nested routine deprecated, please use omp_set_max_active_levels instead.
[AUTO TUNE]     [010: 18766.86]  time:5.282930e+00  MLUPS:099144  cache block size:73644kiB  reps:3  perf err:  0.9%
OMP: Info #277: omp_set_nested routine deprecated, please use omp_set_max_active_levels instead.
[AUTO TUNE]     [015: 25390.76]  time:8.421962e-01  MLUPS:021384  cache block size:85614kiB  reps:1  perf err: 100.0%
OMP: Info #277: omp_set_nested routine deprecated, please use omp_set_max_active_levels instead.
[AUTO TUNE]     [015: 24740.49]  time:2.435845e+00  MLUPS:060264  cache block size:85614kiB  reps:2  perf err:  2.6%
OMP: Info #277: omp_set_nested routine deprecated, please use omp_set_max_active_levels instead.
[AUTO TUNE]     [015: 24400.05]  time:4.063271e+00  MLUPS:099144  cache block size:85614kiB  reps:3  perf err:  1.4%
OMP: Info #277: omp_set_nested routine deprecated, please use omp_set_max_active_levels instead.
[AUTO TUNE]     [020: 28788.29]  time:7.428020e-01  MLUPS:021384  cache block size:97584kiB  reps:1  perf err: 100.0%
OMP: Info #277: omp_set_nested routine deprecated, please use omp_set_max_active_levels instead.
[AUTO TUNE]     [020: 30050.33]  time:2.005436e+00  MLUPS:060264  cache block size:97584kiB  reps:2  perf err:  4.2%
OMP: Info #277: omp_set_nested routine deprecated, please use omp_set_max_active_levels instead.
[AUTO TUNE]     [020: 29769.19]  time:3.330423e+00  MLUPS:099144  cache block size:97584kiB  reps:3  perf err:  0.9%
OMP: Info #277: omp_set_nested routine deprecated, please use omp_set_max_active_levels instead.
[AUTO TUNE]     [025: 33392.24]  time:6.403883e-01  MLUPS:021384  cache block size:109554kiB  reps:1  perf err: 100.0%
OMP: Info #277: omp_set_nested routine deprecated, please use omp_set_max_active_levels instead.
[AUTO TUNE]     [025: 32488.94]  time:1.854908e+00  MLUPS:060264  cache block size:109554kiB  reps:2  perf err:  2.8%
OMP: Info #277: omp_set_nested routine deprecated, please use omp_set_max_active_levels instead.
[AUTO TUNE]     [025: 32508.07]  time:3.049827e+00  MLUPS:099144  cache block size:109554kiB  reps:3  perf err:  0.1%
OMP: Info #277: omp_set_nested routine deprecated, please use omp_set_max_active_levels instead.
[AUTO TUNE]     [030: 36345.80]  time:5.883486e-01  MLUPS:021384  cache block size:121524kiB  reps:1  perf err: 100.0%
OMP: Info #277: omp_set_nested routine deprecated, please use omp_set_max_active_levels instead.
[AUTO TUNE]     [030: 35013.55]  time:1.721162e+00  MLUPS:060264  cache block size:121524kiB  reps:2  perf err:  3.8%
OMP: Info #277: omp_set_nested routine deprecated, please use omp_set_max_active_levels instead.
[AUTO TUNE]     [030: 34143.18]  time:2.903772e+00  MLUPS:099144  cache block size:121524kiB  reps:3  perf err:  2.5%
OMP: Info #277: omp_set_nested routine deprecated, please use omp_set_max_active_levels instead.
[AUTO TUNE]     [030: 34704.89]  time:3.977076e+00  MLUPS:138024  cache block size:121524kiB  reps:4  perf err:  1.6%
OMP: Info #277: omp_set_nested routine deprecated, please use omp_set_max_active_levels instead.
[AUTO TUNE]     [035: 37186.33]  time:5.750500e-01  MLUPS:021384  cache block size:133494kiB  reps:1  perf err: 100.0%
OMP: Info #277: omp_set_nested routine deprecated, please use omp_set_max_active_levels instead.
[AUTO TUNE]     [035: 35947.58]  time:1.676441e+00  MLUPS:060264  cache block size:133494kiB  reps:2  perf err:  3.4%
OMP: Info #277: omp_set_nested routine deprecated, please use omp_set_max_active_levels instead.
[AUTO TUNE]     [035: 35704.76]  time:2.776773e+00  MLUPS:099144  cache block size:133494kiB  reps:3  perf err:  0.7%
OMP: Info #277: omp_set_nested routine deprecated, please use omp_set_max_active_levels instead.
[AUTO TUNE]     [040: 37823.14]  time:5.653681e-01  MLUPS:021384  cache block size:145464kiB  reps:1  perf err: 100.0%
OMP: Info #277: omp_set_nested routine deprecated, please use omp_set_max_active_levels instead.
[AUTO TUNE]     [040: 36738.19]  time:1.640364e+00  MLUPS:060264  cache block size:145464kiB  reps:2  perf err:  3.0%
OMP: Info #277: omp_set_nested routine deprecated, please use omp_set_max_active_levels instead.
[AUTO TUNE]     [040: 36408.27]  time:2.723117e+00  MLUPS:099144  cache block size:145464kiB  reps:3  perf err:  0.9%
OMP: Info #277: omp_set_nested routine deprecated, please use omp_set_max_active_levels instead.
[AUTO TUNE]     [045: 37945.09]  time:5.635512e-01  MLUPS:021384  cache block size:157434kiB  reps:1  perf err: 100.0%
OMP: Info #277: omp_set_nested routine deprecated, please use omp_set_max_active_levels instead.
[AUTO TUNE]     [045: 36830.23]  time:1.636265e+00  MLUPS:060264  cache block size:157434kiB  reps:2  perf err:  3.0%
OMP: Info #277: omp_set_nested routine deprecated, please use omp_set_max_active_levels instead.
[AUTO TUNE]     [045: 36696.98]  time:2.701694e+00  MLUPS:099144  cache block size:157434kiB  reps:3  perf err:  0.4%
OMP: Info #277: omp_set_nested routine deprecated, please use omp_set_max_active_levels instead.
[AUTO TUNE]     [050: 38002.94]  time:5.626933e-01  MLUPS:021384  cache block size:169404kiB  reps:1  perf err: 100.0%
OMP: Info #277: omp_set_nested routine deprecated, please use omp_set_max_active_levels instead.
[AUTO TUNE]     [050: 37144.51]  time:1.622420e+00  MLUPS:060264  cache block size:169404kiB  reps:2  perf err:  2.3%
OMP: Info #277: omp_set_nested routine deprecated, please use omp_set_max_active_levels instead.
[AUTO TUNE]     [055: 37859.26]  time:5.648288e-01  MLUPS:021384  cache block size:181374kiB  reps:1  perf err: 100.0%
OMP: Info #277: omp_set_nested routine deprecated, please use omp_set_max_active_levels instead.
[AUTO TUNE]     [055: 37201.94]  time:1.619915e+00  MLUPS:060264  cache block size:181374kiB  reps:2  perf err:  1.8%
OMP: Info #277: omp_set_nested routine deprecated, please use omp_set_max_active_levels instead.
[AUTO TUNE]     [060: 37622.00]  time:5.683909e-01  MLUPS:021384  cache block size:193344kiB  reps:1  perf err: 100.0%
OMP: Info #277: omp_set_nested routine deprecated, please use omp_set_max_active_levels instead.
[AUTO TUNE]     [060: 36842.08]  time:1.635738e+00  MLUPS:060264  cache block size:193344kiB  reps:2  perf err:  2.1%
[AUTO TUNE] COMPLETE tune case #13: Thread group size:10  thc:01  thx:01  thy:02  thz:05  t_dim:09  bs_z:55  perf:37201.94 MLUP/s

[AUTO TUNE] START tune case #14: Thread group size:10  thc:01  thx:01  thy:01  thz:10  Possilbe diam width: 8 24 40
[AUTO TUNE]   Diamond width:08  [wavefronts #: pefromance (MLUPS/s)]
OMP: Info #277: omp_set_nested routine deprecated, please use omp_set_max_active_levels instead.
[AUTO TUNE]     [010: 17369.24]  time:3.357659e-01  MLUPS:005832  cache block size:7980kiB  reps:1  perf err: 100.0%
OMP: Info #277: omp_set_nested routine deprecated, please use omp_set_max_active_levels instead.
[AUTO TUNE]     [010: 13676.30]  time:9.950060e-01  MLUPS:013608  cache block size:7980kiB  reps:2  perf err: 27.0%
OMP: Info #277: omp_set_nested routine deprecated, please use omp_set_max_active_levels instead.
[AUTO TUNE]     [010: 12924.75]  time:1.654500e+00  MLUPS:021384  cache block size:7980kiB  reps:3  perf err:  5.8%
OMP: Info #277: omp_set_nested routine deprecated, please use omp_set_max_active_levels instead.
[AUTO TUNE]     [010: 12704.98]  time:2.295163e+00  MLUPS:029160  cache block size:7980kiB  reps:4  perf err:  1.7%
OMP: Info #277: omp_set_nested routine deprecated, please use omp_set_max_active_levels instead.
[AUTO TUNE]     [020: 17147.37]  time:3.401105e-01  MLUPS:005832  cache block size:13680kiB  reps:1  perf err: 100.0%
OMP: Info #277: omp_set_nested routine deprecated, please use omp_set_max_active_levels instead.
[AUTO TUNE]     [020: 13448.65]  time:1.011849e+00  MLUPS:013608  cache block size:13680kiB  reps:2  perf err: 27.5%
OMP: Info #277: omp_set_nested routine deprecated, please use omp_set_max_active_levels instead.
[AUTO TUNE]     [020: 12750.55]  time:1.677105e+00  MLUPS:021384  cache block size:13680kiB  reps:3  perf err:  5.5%
OMP: Info #277: omp_set_nested routine deprecated, please use omp_set_max_active_levels instead.
[AUTO TUNE]     [020: 12415.53]  time:2.348672e+00  MLUPS:029160  cache block size:13680kiB  reps:4  perf err:  2.7%
OMP: Info #277: omp_set_nested routine deprecated, please use omp_set_max_active_levels instead.
[AUTO TUNE]     [020: 12260.98]  time:3.012483e+00  MLUPS:036936  cache block size:13680kiB  reps:5  perf err:  1.3%
[AUTO TUNE]   Diamond width:24  [wavefronts #: pefromance (MLUPS/s)]
OMP: Info #277: omp_set_nested routine deprecated, please use omp_set_max_active_levels instead.
[AUTO TUNE]     [010: 17313.72]  time:7.859663e-01  MLUPS:013608  cache block size:33516kiB  reps:1  perf err: 100.0%
OMP: Info #277: omp_set_nested routine deprecated, please use omp_set_max_active_levels instead.
[AUTO TUNE]     [010: 15840.17]  time:2.331792e+00  MLUPS:036936  cache block size:33516kiB  reps:2  perf err:  9.3%
OMP: Info #277: omp_set_nested routine deprecated, please use omp_set_max_active_levels instead.
[AUTO TUNE]     [010: 15464.25]  time:3.896987e+00  MLUPS:060264  cache block size:33516kiB  reps:3  perf err:  2.4%
OMP: Info #277: omp_set_nested routine deprecated, please use omp_set_max_active_levels instead.
[AUTO TUNE]     [020: 23812.57]  time:5.714630e-01  MLUPS:013608  cache block size:48336kiB  reps:1  perf err: 100.0%
OMP: Info #277: omp_set_nested routine deprecated, please use omp_set_max_active_levels instead.
[AUTO TUNE]     [020: 21785.65]  time:1.695428e+00  MLUPS:036936  cache block size:48336kiB  reps:2  perf err:  9.3%
OMP: Info #277: omp_set_nested routine deprecated, please use omp_set_max_active_levels instead.
[AUTO TUNE]     [020: 21382.34]  time:2.818401e+00  MLUPS:060264  cache block size:48336kiB  reps:3  perf err:  1.9%
OMP: Info #277: omp_set_nested routine deprecated, please use omp_set_max_active_levels instead.
[AUTO TUNE]     [030: 27063.60]  time:5.028156e-01  MLUPS:013608  cache block size:63156kiB  reps:1  perf err: 100.0%
OMP: Info #277: omp_set_nested routine deprecated, please use omp_set_max_active_levels instead.
[AUTO TUNE]     [030: 25118.40]  time:1.470476e+00  MLUPS:036936  cache block size:63156kiB  reps:2  perf err:  7.7%
OMP: Info #277: omp_set_nested routine deprecated, please use omp_set_max_active_levels instead.
[AUTO TUNE]     [030: 24437.69]  time:2.466027e+00  MLUPS:060264  cache block size:63156kiB  reps:3  perf err:  2.8%
OMP: Info #277: omp_set_nested routine deprecated, please use omp_set_max_active_levels instead.
[AUTO TUNE]     [030: 24522.97]  time:3.408723e+00  MLUPS:083592  cache block size:63156kiB  reps:4  perf err:  0.3%
OMP: Info #277: omp_set_nested routine deprecated, please use omp_set_max_active_levels instead.
[AUTO TUNE]     [040: 29452.90]  time:4.620259e-01  MLUPS:013608  cache block size:77976kiB  reps:1  perf err: 100.0%
OMP: Info #277: omp_set_nested routine deprecated, please use omp_set_max_active_levels instead.
[AUTO TUNE]     [040: 27758.40]  time:1.330624e+00  MLUPS:036936  cache block size:77976kiB  reps:2  perf err:  6.1%
OMP: Info #277: omp_set_nested routine deprecated, please use omp_set_max_active_levels instead.
[AUTO TUNE]     [040: 27009.21]  time:2.231239e+00  MLUPS:060264  cache block size:77976kiB  reps:3  perf err:  2.8%
OMP: Info #277: omp_set_nested routine deprecated, please use omp_set_max_active_levels instead.
[AUTO TUNE]     [040: 26883.55]  time:3.109411e+00  MLUPS:083592  cache block size:77976kiB  reps:4  perf err:  0.5%
OMP: Info #277: omp_set_nested routine deprecated, please use omp_set_max_active_levels instead.
[AUTO TUNE]     [050: 33654.86]  time:4.043398e-01  MLUPS:013608  cache block size:92796kiB  reps:1  perf err: 100.0%
OMP: Info #277: omp_set_nested routine deprecated, please use omp_set_max_active_levels instead.
[AUTO TUNE]     [050: 31577.39]  time:1.169698e+00  MLUPS:036936  cache block size:92796kiB  reps:2  perf err:  6.6%
OMP: Info #277: omp_set_nested routine deprecated, please use omp_set_max_active_levels instead.
[AUTO TUNE]     [050: 30835.31]  time:1.954383e+00  MLUPS:060264  cache block size:92796kiB  reps:3  perf err:  2.4%
OMP: Info #277: omp_set_nested routine deprecated, please use omp_set_max_active_levels instead.
[AUTO TUNE]     [060: 35695.70]  time:3.812224e-01  MLUPS:013608  cache block size:107616kiB  reps:1  perf err: 100.0%
OMP: Info #277: omp_set_nested routine deprecated, please use omp_set_max_active_levels instead.
[AUTO TUNE]     [060: 33158.98]  time:1.113906e+00  MLUPS:036936  cache block size:107616kiB  reps:2  perf err:  7.7%
OMP: Info #277: omp_set_nested routine deprecated, please use omp_set_max_active_levels instead.
[AUTO TUNE]     [060: 31945.49]  time:1.886463e+00  MLUPS:060264  cache block size:107616kiB  reps:3  perf err:  3.8%
OMP: Info #277: omp_set_nested routine deprecated, please use omp_set_max_active_levels instead.
[AUTO TUNE]     [060: 32222.39]  time:2.594221e+00  MLUPS:083592  cache block size:107616kiB  reps:4  perf err:  0.9%
OMP: Info #277: omp_set_nested routine deprecated, please use omp_set_max_active_levels instead.
[AUTO TUNE]     [070: 36445.33]  time:3.733812e-01  MLUPS:013608  cache block size:122436kiB  reps:1  perf err: 100.0%
OMP: Info #277: omp_set_nested routine deprecated, please use omp_set_max_active_levels instead.
[AUTO TUNE]     [070: 33680.38]  time:1.096662e+00  MLUPS:036936  cache block size:122436kiB  reps:2  perf err:  8.2%
OMP: Info #277: omp_set_nested routine deprecated, please use omp_set_max_active_levels instead.
[AUTO TUNE]     [070: 33475.27]  time:1.800254e+00  MLUPS:060264  cache block size:122436kiB  reps:3  perf err:  0.6%
OMP: Info #277: omp_set_nested routine deprecated, please use omp_set_max_active_levels instead.
[AUTO TUNE]     [080: 35917.04]  time:3.788731e-01  MLUPS:013608  cache block size:137256kiB  reps:1  perf err: 100.0%
OMP: Info #277: omp_set_nested routine deprecated, please use omp_set_max_active_levels instead.
[AUTO TUNE]     [080: 33739.76]  time:1.094732e+00  MLUPS:036936  cache block size:137256kiB  reps:2  perf err:  6.5%
OMP: Info #277: omp_set_nested routine deprecated, please use omp_set_max_active_levels instead.
[AUTO TUNE]     [080: 33185.09]  time:1.815996e+00  MLUPS:060264  cache block size:137256kiB  reps:3  perf err:  1.7%
[AUTO TUNE]   Diamond width:40  [wavefronts #: pefromance (MLUPS/s)]
OMP: Info #277: omp_set_nested routine deprecated, please use omp_set_max_active_levels instead.
[AUTO TUNE]     [010: 16738.34]  time:1.277546e+00  MLUPS:021384  cache block size:73644kiB  reps:1  perf err: 100.0%
OMP: Info #277: omp_set_nested routine deprecated, please use omp_set_max_active_levels instead.
[AUTO TUNE]     [010: 16081.25]  time:3.747469e+00  MLUPS:060264  cache block size:73644kiB  reps:2  perf err:  4.1%
OMP: Info #277: omp_set_nested routine deprecated, please use omp_set_max_active_levels instead.
[AUTO TUNE]     [010: 15867.36]  time:6.248299e+00  MLUPS:099144  cache block size:73644kiB  reps:3  perf err:  1.3%
OMP: Info #277: omp_set_nested routine deprecated, please use omp_set_max_active_levels instead.
[AUTO TUNE]     [020: 23989.39]  time:8.913940e-01  MLUPS:021384  cache block size:97584kiB  reps:1  perf err: 100.0%
OMP: Info #277: omp_set_nested routine deprecated, please use omp_set_max_active_levels instead.
[AUTO TUNE]     [020: 22562.24]  time:2.671011e+00  MLUPS:060264  cache block size:97584kiB  reps:2  perf err:  6.3%
OMP: Info #277: omp_set_nested routine deprecated, please use omp_set_max_active_levels instead.
[AUTO TUNE]     [020: 22370.66]  time:4.431876e+00  MLUPS:099144  cache block size:97584kiB  reps:3  perf err:  0.9%
OMP: Info #277: omp_set_nested routine deprecated, please use omp_set_max_active_levels instead.
[AUTO TUNE]     [030: 26701.33]  time:8.008590e-01  MLUPS:021384  cache block size:121524kiB  reps:1  perf err: 100.0%
OMP: Info #277: omp_set_nested routine deprecated, please use omp_set_max_active_levels instead.
[AUTO TUNE]     [030: 25934.14]  time:2.323732e+00  MLUPS:060264  cache block size:121524kiB  reps:2  perf err:  3.0%
OMP: Info #277: omp_set_nested routine deprecated, please use omp_set_max_active_levels instead.
[AUTO TUNE]     [030: 25818.98]  time:3.839966e+00  MLUPS:099144  cache block size:121524kiB  reps:3  perf err:  0.4%
OMP: Info #277: omp_set_nested routine deprecated, please use omp_set_max_active_levels instead.
[AUTO TUNE]     [040: 30357.10]  time:7.044152e-01  MLUPS:021384  cache block size:145464kiB  reps:1  perf err: 100.0%
OMP: Info #277: omp_set_nested routine deprecated, please use omp_set_max_active_levels instead.
[AUTO TUNE]     [040: 29392.83]  time:2.050296e+00  MLUPS:060264  cache block size:145464kiB  reps:2  perf err:  3.3%
OMP: Info #277: omp_set_nested routine deprecated, please use omp_set_max_active_levels instead.
[AUTO TUNE]     [040: 29109.52]  time:3.405896e+00  MLUPS:099144  cache block size:145464kiB  reps:3  perf err:  1.0%
OMP: Info #277: omp_set_nested routine deprecated, please use omp_set_max_active_levels instead.
[AUTO TUNE]     [050: 33013.79]  time:6.477293e-01  MLUPS:021384  cache block size:169404kiB  reps:1  perf err: 100.0%
OMP: Info #277: omp_set_nested routine deprecated, please use omp_set_max_active_levels instead.
[AUTO TUNE]     [050: 32470.96]  time:1.855935e+00  MLUPS:060264  cache block size:169404kiB  reps:2  perf err:  1.7%
OMP: Info #277: omp_set_nested routine deprecated, please use omp_set_max_active_levels instead.
[AUTO TUNE]     [060: 34872.94]  time:6.131976e-01  MLUPS:021384  cache block size:193344kiB  reps:1  perf err: 100.0%
OMP: Info #277: omp_set_nested routine deprecated, please use omp_set_max_active_levels instead.
[AUTO TUNE]     [060: 33717.42]  time:1.787326e+00  MLUPS:060264  cache block size:193344kiB  reps:2  perf err:  3.4%
OMP: Info #277: omp_set_nested routine deprecated, please use omp_set_max_active_levels instead.
[AUTO TUNE]     [060: 33512.08]  time:2.958456e+00  MLUPS:099144  cache block size:193344kiB  reps:3  perf err:  0.6%
OMP: Info #277: omp_set_nested routine deprecated, please use omp_set_max_active_levels instead.
[AUTO TUNE]     [070: 34318.37]  time:6.231065e-01  MLUPS:021384  cache block size:217284kiB  reps:1  perf err: 100.0%
OMP: Info #277: omp_set_nested routine deprecated, please use omp_set_max_active_levels instead.
[AUTO TUNE]     [070: 33884.01]  time:1.778538e+00  MLUPS:060264  cache block size:217284kiB  reps:2  perf err:  1.3%
OMP: Info #277: omp_set_nested routine deprecated, please use omp_set_max_active_levels instead.
[AUTO TUNE]     [080: 34163.30]  time:6.259349e-01  MLUPS:021384  cache block size:241224kiB  reps:1  perf err: 100.0%
OMP: Info #277: omp_set_nested routine deprecated, please use omp_set_max_active_levels instead.
[AUTO TUNE]     [080: 33553.54]  time:1.796055e+00  MLUPS:060264  cache block size:241224kiB  reps:2  perf err:  1.8%
[AUTO TUNE] COMPLETE tune case #14: Thread group size:10  thc:01  thx:01  thy:01  thz:10  t_dim:09  bs_z:70  perf:33884.01 MLUP/s

[AUTO TUNE] START tune case #15: Thread group size:15  thc:01  thx:03  thy:01  thz:05  Possilbe diam width: 8 24 40
[AUTO TUNE]   Diamond width:08  [wavefronts #: pefromance (MLUPS/s)]
OMP: Info #277: omp_set_nested routine deprecated, please use omp_set_max_active_levels instead.
[AUTO TUNE]     [005: 9657.73]  time:6.038688e-01  MLUPS:005832  cache block size:3420kiB  reps:1  perf err: 100.0%
OMP: Info #277: omp_set_nested routine deprecated, please use omp_set_max_active_levels instead.
[AUTO TUNE]     [005: 7537.32]  time:1.805416e+00  MLUPS:013608  cache block size:3420kiB  reps:2  perf err: 28.1%
OMP: Info #277: omp_set_nested routine deprecated, please use omp_set_max_active_levels instead.
[AUTO TUNE]     [005: 7113.16]  time:3.006261e+00  MLUPS:021384  cache block size:3420kiB  reps:3  perf err:  6.0%
OMP: Info #277: omp_set_nested routine deprecated, please use omp_set_max_active_levels instead.
[AUTO TUNE]     [005: 6935.57]  time:4.204412e+00  MLUPS:029160  cache block size:3420kiB  reps:4  perf err:  2.6%
OMP: Info #277: omp_set_nested routine deprecated, please use omp_set_max_active_levels instead.
[AUTO TUNE]     [005: 6817.99]  time:5.417432e+00  MLUPS:036936  cache block size:3420kiB  reps:5  perf err:  1.7%
OMP: Info #277: omp_set_nested routine deprecated, please use omp_set_max_active_levels instead.
[AUTO TUNE]     [010: 12698.22]  time:4.592770e-01  MLUPS:005832  cache block size:5320kiB  reps:1  perf err: 100.0%
OMP: Info #277: omp_set_nested routine deprecated, please use omp_set_max_active_levels instead.
[AUTO TUNE]     [010: 10051.37]  time:1.353845e+00  MLUPS:013608  cache block size:5320kiB  reps:2  perf err: 26.3%
OMP: Info #277: omp_set_nested routine deprecated, please use omp_set_max_active_levels instead.
[AUTO TUNE]     [010: 9566.34]  time:2.235337e+00  MLUPS:021384  cache block size:5320kiB  reps:3  perf err:  5.1%
OMP: Info #277: omp_set_nested routine deprecated, please use omp_set_max_active_levels instead.
[AUTO TUNE]     [010: 9302.32]  time:3.134703e+00  MLUPS:029160  cache block size:5320kiB  reps:4  perf err:  2.8%
OMP: Info #277: omp_set_nested routine deprecated, please use omp_set_max_active_levels instead.
[AUTO TUNE]     [010: 9235.62]  time:3.999300e+00  MLUPS:036936  cache block size:5320kiB  reps:5  perf err:  0.7%
OMP: Info #277: omp_set_nested routine deprecated, please use omp_set_max_active_levels instead.
[AUTO TUNE]     [015: 12898.60]  time:4.521420e-01  MLUPS:005832  cache block size:7220kiB  reps:1  perf err: 100.0%
OMP: Info #277: omp_set_nested routine deprecated, please use omp_set_max_active_levels instead.
[AUTO TUNE]     [015: 9980.82]  time:1.363415e+00  MLUPS:013608  cache block size:7220kiB  reps:2  perf err: 29.2%
OMP: Info #277: omp_set_nested routine deprecated, please use omp_set_max_active_levels instead.
[AUTO TUNE]     [015: 9421.89]  time:2.269609e+00  MLUPS:021384  cache block size:7220kiB  reps:3  perf err:  5.9%
OMP: Info #277: omp_set_nested routine deprecated, please use omp_set_max_active_levels instead.
[AUTO TUNE]     [015: 9214.92]  time:3.164432e+00  MLUPS:029160  cache block size:7220kiB  reps:4  perf err:  2.2%
[AUTO TUNE]   Diamond width:24  [wavefronts #: pefromance (MLUPS/s)]
OMP: Info #277: omp_set_nested routine deprecated, please use omp_set_max_active_levels instead.
[AUTO TUNE]     [005: 8848.16]  time:1.537947e+00  MLUPS:013608  cache block size:17404kiB  reps:1  perf err: 100.0%
OMP: Info #277: omp_set_nested routine deprecated, please use omp_set_max_active_levels instead.
[AUTO TUNE]     [005: 7991.93]  time:4.621665e+00  MLUPS:036936  cache block size:17404kiB  reps:2  perf err: 10.7%
OMP: Info #277: omp_set_nested routine deprecated, please use omp_set_max_active_levels instead.
[AUTO TUNE]     [005: 7870.52]  time:7.656931e+00  MLUPS:060264  cache block size:17404kiB  reps:3  perf err:  1.5%
OMP: Info #277: omp_set_nested routine deprecated, please use omp_set_max_active_levels instead.
[AUTO TUNE]     [010: 13581.01]  time:1.001987e+00  MLUPS:013608  cache block size:22344kiB  reps:1  perf err: 100.0%
OMP: Info #277: omp_set_nested routine deprecated, please use omp_set_max_active_levels instead.
[AUTO TUNE]     [010: 12395.81]  time:2.979716e+00  MLUPS:036936  cache block size:22344kiB  reps:2  perf err:  9.6%
OMP: Info #277: omp_set_nested routine deprecated, please use omp_set_max_active_levels instead.
[AUTO TUNE]     [010: 12148.14]  time:4.960760e+00  MLUPS:060264  cache block size:22344kiB  reps:3  perf err:  2.0%
OMP: Info #277: omp_set_nested routine deprecated, please use omp_set_max_active_levels instead.
[AUTO TUNE]     [015: 16758.79]  time:8.119918e-01  MLUPS:013608  cache block size:27284kiB  reps:1  perf err: 100.0%
OMP: Info #277: omp_set_nested routine deprecated, please use omp_set_max_active_levels instead.
[AUTO TUNE]     [015: 15200.53]  time:2.429915e+00  MLUPS:036936  cache block size:27284kiB  reps:2  perf err: 10.3%
OMP: Info #277: omp_set_nested routine deprecated, please use omp_set_max_active_levels instead.
[AUTO TUNE]     [015: 14886.10]  time:4.048340e+00  MLUPS:060264  cache block size:27284kiB  reps:3  perf err:  2.1%
OMP: Info #277: omp_set_nested routine deprecated, please use omp_set_max_active_levels instead.
[AUTO TUNE]     [020: 18743.27]  time:7.260205e-01  MLUPS:013608  cache block size:32224kiB  reps:1  perf err: 100.0%
OMP: Info #277: omp_set_nested routine deprecated, please use omp_set_max_active_levels instead.
[AUTO TUNE]     [020: 17058.55]  time:2.165248e+00  MLUPS:036936  cache block size:32224kiB  reps:2  perf err:  9.9%
OMP: Info #277: omp_set_nested routine deprecated, please use omp_set_max_active_levels instead.
[AUTO TUNE]     [020: 16724.71]  time:3.603291e+00  MLUPS:060264  cache block size:32224kiB  reps:3  perf err:  2.0%
OMP: Info #277: omp_set_nested routine deprecated, please use omp_set_max_active_levels instead.
[AUTO TUNE]     [025: 20405.19]  time:6.668893e-01  MLUPS:013608  cache block size:37164kiB  reps:1  perf err: 100.0%
OMP: Info #277: omp_set_nested routine deprecated, please use omp_set_max_active_levels instead.
[AUTO TUNE]     [025: 18546.43]  time:1.991543e+00  MLUPS:036936  cache block size:37164kiB  reps:2  perf err: 10.0%
OMP: Info #277: omp_set_nested routine deprecated, please use omp_set_max_active_levels instead.
[AUTO TUNE]     [025: 18115.68]  time:3.326621e+00  MLUPS:060264  cache block size:37164kiB  reps:3  perf err:  2.4%
OMP: Info #277: omp_set_nested routine deprecated, please use omp_set_max_active_levels instead.
[AUTO TUNE]     [030: 21408.65]  time:6.356308e-01  MLUPS:013608  cache block size:42104kiB  reps:1  perf err: 100.0%
OMP: Info #277: omp_set_nested routine deprecated, please use omp_set_max_active_levels instead.
[AUTO TUNE]     [030: 19486.48]  time:1.895468e+00  MLUPS:036936  cache block size:42104kiB  reps:2  perf err:  9.9%
OMP: Info #277: omp_set_nested routine deprecated, please use omp_set_max_active_levels instead.
[AUTO TUNE]     [030: 18976.23]  time:3.175763e+00  MLUPS:060264  cache block size:42104kiB  reps:3  perf err:  2.7%
OMP: Info #277: omp_set_nested routine deprecated, please use omp_set_max_active_levels instead.
[AUTO TUNE]     [030: 18914.82]  time:4.419391e+00  MLUPS:083592  cache block size:42104kiB  reps:4  perf err:  0.3%
OMP: Info #277: omp_set_nested routine deprecated, please use omp_set_max_active_levels instead.
[AUTO TUNE]     [035: 22196.15]  time:6.130793e-01  MLUPS:013608  cache block size:47044kiB  reps:1  perf err: 100.0%
OMP: Info #277: omp_set_nested routine deprecated, please use omp_set_max_active_levels instead.
[AUTO TUNE]     [035: 20521.11]  time:1.799903e+00  MLUPS:036936  cache block size:47044kiB  reps:2  perf err:  8.2%
OMP: Info #277: omp_set_nested routine deprecated, please use omp_set_max_active_levels instead.
[AUTO TUNE]     [035: 20126.93]  time:2.994197e+00  MLUPS:060264  cache block size:47044kiB  reps:3  perf err:  2.0%
OMP: Info #277: omp_set_nested routine deprecated, please use omp_set_max_active_levels instead.
[AUTO TUNE]     [040: 23205.31]  time:5.864175e-01  MLUPS:013608  cache block size:51984kiB  reps:1  perf err: 100.0%
OMP: Info #277: omp_set_nested routine deprecated, please use omp_set_max_active_levels instead.
[AUTO TUNE]     [040: 21225.35]  time:1.740183e+00  MLUPS:036936  cache block size:51984kiB  reps:2  perf err:  9.3%
OMP: Info #277: omp_set_nested routine deprecated, please use omp_set_max_active_levels instead.
[AUTO TUNE]     [040: 20379.10]  time:2.957147e+00  MLUPS:060264  cache block size:51984kiB  reps:3  perf err:  4.2%
OMP: Info #277: omp_set_nested routine deprecated, please use omp_set_max_active_levels instead.
[AUTO TUNE]     [040: 20586.61]  time:4.060504e+00  MLUPS:083592  cache block size:51984kiB  reps:4  perf err:  1.0%
OMP: Info #277: omp_set_nested routine deprecated, please use omp_set_max_active_levels instead.
[AUTO TUNE]     [045: 23674.04]  time:5.748068e-01  MLUPS:013608  cache block size:56924kiB  reps:1  perf err: 100.0%
OMP: Info #277: omp_set_nested routine deprecated, please use omp_set_max_active_levels instead.
[AUTO TUNE]     [045: 21707.65]  time:1.701520e+00  MLUPS:036936  cache block size:56924kiB  reps:2  perf err:  9.1%
OMP: Info #277: omp_set_nested routine deprecated, please use omp_set_max_active_levels instead.
[AUTO TUNE]     [045: 21068.56]  time:2.860376e+00  MLUPS:060264  cache block size:56924kiB  reps:3  perf err:  3.0%
OMP: Info #277: omp_set_nested routine deprecated, please use omp_set_max_active_levels instead.
[AUTO TUNE]     [045: 20988.93]  time:3.982671e+00  MLUPS:083592  cache block size:56924kiB  reps:4  perf err:  0.4%
OMP: Info #277: omp_set_nested routine deprecated, please use omp_set_max_active_levels instead.
[AUTO TUNE]     [050: 23890.80]  time:5.695917e-01  MLUPS:013608  cache block size:61864kiB  reps:1  perf err: 100.0%
OMP: Info #277: omp_set_nested routine deprecated, please use omp_set_max_active_levels instead.
[AUTO TUNE]     [050: 22143.63]  time:1.668019e+00  MLUPS:036936  cache block size:61864kiB  reps:2  perf err:  7.9%
OMP: Info #277: omp_set_nested routine deprecated, please use omp_set_max_active_levels instead.
[AUTO TUNE]     [050: 21666.14]  time:2.781484e+00  MLUPS:060264  cache block size:61864kiB  reps:3  perf err:  2.2%
OMP: Info #277: omp_set_nested routine deprecated, please use omp_set_max_active_levels instead.
[AUTO TUNE]     [055: 24170.04]  time:5.630110e-01  MLUPS:013608  cache block size:66804kiB  reps:1  perf err: 100.0%
OMP: Info #277: omp_set_nested routine deprecated, please use omp_set_max_active_levels instead.
[AUTO TUNE]     [055: 22088.98]  time:1.672146e+00  MLUPS:036936  cache block size:66804kiB  reps:2  perf err:  9.4%
OMP: Info #277: omp_set_nested routine deprecated, please use omp_set_max_active_levels instead.
[AUTO TUNE]     [055: 21641.70]  time:2.784625e+00  MLUPS:060264  cache block size:66804kiB  reps:3  perf err:  2.1%
[AUTO TUNE]   Diamond width:40  [wavefronts #: pefromance (MLUPS/s)]
OMP: Info #277: omp_set_nested routine deprecated, please use omp_set_max_active_levels instead.
[AUTO TUNE]     [005: 8655.50]  time:2.470569e+00  MLUPS:021384  cache block size:41116kiB  reps:1  perf err: 100.0%
OMP: Info #277: omp_set_nested routine deprecated, please use omp_set_max_active_levels instead.
[AUTO TUNE]     [005: 8118.08]  time:7.423428e+00  MLUPS:060264  cache block size:41116kiB  reps:2  perf err:  6.6%
OMP: Info #277: omp_set_nested routine deprecated, please use omp_set_max_active_levels instead.
[AUTO TUNE]     [005: 8030.16]  time:1.234646e+01  MLUPS:099144  cache block size:41116kiB  reps:3  perf err:  1.1%
OMP: Info #277: omp_set_nested routine deprecated, please use omp_set_max_active_levels instead.
[AUTO TUNE]     [010: 13703.36]  time:1.560493e+00  MLUPS:021384  cache block size:49096kiB  reps:1  perf err: 100.0%
OMP: Info #277: omp_set_nested routine deprecated, please use omp_set_max_active_levels instead.
[AUTO TUNE]     [010: 12973.89]  time:4.645023e+00  MLUPS:060264  cache block size:49096kiB  reps:2  perf err:  5.6%
OMP: Info #277: omp_set_nested routine deprecated, please use omp_set_max_active_levels instead.
[AUTO TUNE]     [010: 12821.88]  time:7.732408e+00  MLUPS:099144  cache block size:49096kiB  reps:3  perf err:  1.2%
OMP: Info #277: omp_set_nested routine deprecated, please use omp_set_max_active_levels instead.
[AUTO TUNE]     [015: 16723.93]  time:1.278646e+00  MLUPS:021384  cache block size:57076kiB  reps:1  perf err: 100.0%
OMP: Info #277: omp_set_nested routine deprecated, please use omp_set_max_active_levels instead.
[AUTO TUNE]     [015: 16039.77]  time:3.757161e+00  MLUPS:060264  cache block size:57076kiB  reps:2  perf err:  4.3%
OMP: Info #277: omp_set_nested routine deprecated, please use omp_set_max_active_levels instead.
[AUTO TUNE]     [015: 15818.19]  time:6.267721e+00  MLUPS:099144  cache block size:57076kiB  reps:3  perf err:  1.4%
OMP: Info #277: omp_set_nested routine deprecated, please use omp_set_max_active_levels instead.
[AUTO TUNE]     [020: 19027.35]  time:1.123856e+00  MLUPS:021384  cache block size:65056kiB  reps:1  perf err: 100.0%
OMP: Info #277: omp_set_nested routine deprecated, please use omp_set_max_active_levels instead.
[AUTO TUNE]     [020: 18333.69]  time:3.287063e+00  MLUPS:060264  cache block size:65056kiB  reps:2  perf err:  3.8%
OMP: Info #277: omp_set_nested routine deprecated, please use omp_set_max_active_levels instead.
[AUTO TUNE]     [020: 18118.76]  time:5.471897e+00  MLUPS:099144  cache block size:65056kiB  reps:3  perf err:  1.2%
OMP: Info #277: omp_set_nested routine deprecated, please use omp_set_max_active_levels instead.
[AUTO TUNE]     [025: 20642.98]  time:1.035897e+00  MLUPS:021384  cache block size:73036kiB  reps:1  perf err: 100.0%
OMP: Info #277: omp_set_nested routine deprecated, please use omp_set_max_active_levels instead.
[AUTO TUNE]     [025: 19735.15]  time:3.053638e+00  MLUPS:060264  cache block size:73036kiB  reps:2  perf err:  4.6%
OMP: Info #277: omp_set_nested routine deprecated, please use omp_set_max_active_levels instead.
[AUTO TUNE]     [025: 19583.84]  time:5.062541e+00  MLUPS:099144  cache block size:73036kiB  reps:3  perf err:  0.8%
OMP: Info #277: omp_set_nested routine deprecated, please use omp_set_max_active_levels instead.
[AUTO TUNE]     [030: 22124.04]  time:9.665505e-01  MLUPS:021384  cache block size:81016kiB  reps:1  perf err: 100.0%
OMP: Info #277: omp_set_nested routine deprecated, please use omp_set_max_active_levels instead.
[AUTO TUNE]     [030: 21106.59]  time:2.855222e+00  MLUPS:060264  cache block size:81016kiB  reps:2  perf err:  4.8%
OMP: Info #277: omp_set_nested routine deprecated, please use omp_set_max_active_levels instead.
[AUTO TUNE]     [030: 20909.70]  time:4.741532e+00  MLUPS:099144  cache block size:81016kiB  reps:3  perf err:  0.9%
OMP: Info #277: omp_set_nested routine deprecated, please use omp_set_max_active_levels instead.
[AUTO TUNE]     [035: 22798.62]  time:9.379517e-01  MLUPS:021384  cache block size:88996kiB  reps:1  perf err: 100.0%
OMP: Info #277: omp_set_nested routine deprecated, please use omp_set_max_active_levels instead.
[AUTO TUNE]     [035: 21800.23]  time:2.764374e+00  MLUPS:060264  cache block size:88996kiB  reps:2  perf err:  4.6%
OMP: Info #277: omp_set_nested routine deprecated, please use omp_set_max_active_levels instead.
[AUTO TUNE]     [035: 21553.37]  time:4.599930e+00  MLUPS:099144  cache block size:88996kiB  reps:3  perf err:  1.1%
OMP: Info #277: omp_set_nested routine deprecated, please use omp_set_max_active_levels instead.
[AUTO TUNE]     [040: 23632.74]  time:9.048463e-01  MLUPS:021384  cache block size:96976kiB  reps:1  perf err: 100.0%
OMP: Info #277: omp_set_nested routine deprecated, please use omp_set_max_active_levels instead.
[AUTO TUNE]     [040: 22572.89]  time:2.669751e+00  MLUPS:060264  cache block size:96976kiB  reps:2  perf err:  4.7%
OMP: Info #277: omp_set_nested routine deprecated, please use omp_set_max_active_levels instead.
[AUTO TUNE]     [040: 22354.99]  time:4.434983e+00  MLUPS:099144  cache block size:96976kiB  reps:3  perf err:  1.0%
OMP: Info #277: omp_set_nested routine deprecated, please use omp_set_max_active_levels instead.
[AUTO TUNE]     [045: 24038.79]  time:8.895623e-01  MLUPS:021384  cache block size:104956kiB  reps:1  perf err: 100.0%
OMP: Info #277: omp_set_nested routine deprecated, please use omp_set_max_active_levels instead.
[AUTO TUNE]     [045: 22963.68]  time:2.624318e+00  MLUPS:060264  cache block size:104956kiB  reps:2  perf err:  4.7%
OMP: Info #277: omp_set_nested routine deprecated, please use omp_set_max_active_levels instead.
[AUTO TUNE]     [045: 22534.52]  time:4.399650e+00  MLUPS:099144  cache block size:104956kiB  reps:3  perf err:  1.9%
OMP: Info #277: omp_set_nested routine deprecated, please use omp_set_max_active_levels instead.
[AUTO TUNE]     [050: 24469.18]  time:8.739155e-01  MLUPS:021384  cache block size:112936kiB  reps:1  perf err: 100.0%
OMP: Info #277: omp_set_nested routine deprecated, please use omp_set_max_active_levels instead.
[AUTO TUNE]     [050: 23422.48]  time:2.572913e+00  MLUPS:060264  cache block size:112936kiB  reps:2  perf err:  4.5%
OMP: Info #277: omp_set_nested routine deprecated, please use omp_set_max_active_levels instead.
[AUTO TUNE]     [050: 23137.24]  time:4.285041e+00  MLUPS:099144  cache block size:112936kiB  reps:3  perf err:  1.2%
OMP: Info #277: omp_set_nested routine deprecated, please use omp_set_max_active_levels instead.
[AUTO TUNE]     [055: 24776.59]  time:8.630727e-01  MLUPS:021384  cache block size:120916kiB  reps:1  perf err: 100.0%
OMP: Info #277: omp_set_nested routine deprecated, please use omp_set_max_active_levels instead.
[AUTO TUNE]     [055: 23775.21]  time:2.534741e+00  MLUPS:060264  cache block size:120916kiB  reps:2  perf err:  4.2%
OMP: Info #277: omp_set_nested routine deprecated, please use omp_set_max_active_levels instead.
[AUTO TUNE]     [055: 23547.84]  time:4.210323e+00  MLUPS:099144  cache block size:120916kiB  reps:3  perf err:  1.0%
OMP: Info #277: omp_set_nested routine deprecated, please use omp_set_max_active_levels instead.
[AUTO TUNE]     [060: 25310.16]  time:8.448782e-01  MLUPS:021384  cache block size:128896kiB  reps:1  perf err: 100.0%
OMP: Info #277: omp_set_nested routine deprecated, please use omp_set_max_active_levels instead.
[AUTO TUNE]     [060: 24045.33]  time:2.506266e+00  MLUPS:060264  cache block size:128896kiB  reps:2  perf err:  5.3%
OMP: Info #277: omp_set_nested routine deprecated, please use omp_set_max_active_levels instead.
[AUTO TUNE]     [060: 23916.81]  time:4.145369e+00  MLUPS:099144  cache block size:128896kiB  reps:3  perf err:  0.5%
OMP: Info #277: omp_set_nested routine deprecated, please use omp_set_max_active_levels instead.
[AUTO TUNE]     [065: 25086.67]  time:8.524049e-01  MLUPS:021384  cache block size:136876kiB  reps:1  perf err: 100.0%
OMP: Info #277: omp_set_nested routine deprecated, please use omp_set_max_active_levels instead.
[AUTO TUNE]     [065: 24303.71]  time:2.479621e+00  MLUPS:060264  cache block size:136876kiB  reps:2  perf err:  3.2%
OMP: Info #277: omp_set_nested routine deprecated, please use omp_set_max_active_levels instead.
[AUTO TUNE]     [065: 23854.45]  time:4.156206e+00  MLUPS:099144  cache block size:136876kiB  reps:3  perf err:  1.9%
[AUTO TUNE] COMPLETE tune case #15: Thread group size:15  thc:01  thx:03  thy:01  thz:05  t_dim:09  bs_z:60  perf:23916.81 MLUP/s

[AUTO TUNE] START tune case #16: Thread group size:15  thc:01  thx:01  thy:01  thz:15  Possilbe diam width: 8 24 40
[AUTO TUNE]   Diamond width:08  [wavefronts #: pefromance (MLUPS/s)]
OMP: Info #277: omp_set_nested routine deprecated, please use omp_set_max_active_levels instead.
[AUTO TUNE]     [015: 16620.57]  time:3.508905e-01  MLUPS:005832  cache block size:7220kiB  reps:1  perf err: 100.0%
OMP: Info #277: omp_set_nested routine deprecated, please use omp_set_max_active_levels instead.
[AUTO TUNE]     [015: 13225.85]  time:1.028894e+00  MLUPS:013608  cache block size:7220kiB  reps:2  perf err: 25.7%
OMP: Info #277: omp_set_nested routine deprecated, please use omp_set_max_active_levels instead.
[AUTO TUNE]     [015: 12564.49]  time:1.701939e+00  MLUPS:021384  cache block size:7220kiB  reps:3  perf err:  5.3%
OMP: Info #277: omp_set_nested routine deprecated, please use omp_set_max_active_levels instead.
[AUTO TUNE]     [015: 12208.39]  time:2.388521e+00  MLUPS:029160  cache block size:7220kiB  reps:4  perf err:  2.9%
OMP: Info #277: omp_set_nested routine deprecated, please use omp_set_max_active_levels instead.
[AUTO TUNE]     [015: 11912.19]  time:3.100690e+00  MLUPS:036936  cache block size:7220kiB  reps:5  perf err:  2.5%
OMP: Info #277: omp_set_nested routine deprecated, please use omp_set_max_active_levels instead.
[AUTO TUNE]     [030: 16116.57]  time:3.618637e-01  MLUPS:005832  cache block size:12920kiB  reps:1  perf err: 100.0%
OMP: Info #277: omp_set_nested routine deprecated, please use omp_set_max_active_levels instead.
[AUTO TUNE]     [030: 12885.54]  time:1.056068e+00  MLUPS:013608  cache block size:12920kiB  reps:2  perf err: 25.1%
OMP: Info #277: omp_set_nested routine deprecated, please use omp_set_max_active_levels instead.
[AUTO TUNE]     [030: 12193.98]  time:1.753653e+00  MLUPS:021384  cache block size:12920kiB  reps:3  perf err:  5.7%
OMP: Info #277: omp_set_nested routine deprecated, please use omp_set_max_active_levels instead.
[AUTO TUNE]     [030: 11830.99]  time:2.464714e+00  MLUPS:029160  cache block size:12920kiB  reps:4  perf err:  3.1%
OMP: Info #277: omp_set_nested routine deprecated, please use omp_set_max_active_levels instead.
[AUTO TUNE]     [030: 11655.36]  time:3.169015e+00  MLUPS:036936  cache block size:12920kiB  reps:5  perf err:  1.5%
[AUTO TUNE]   Diamond width:24  [wavefronts #: pefromance (MLUPS/s)]
OMP: Info #277: omp_set_nested routine deprecated, please use omp_set_max_active_levels instead.
[AUTO TUNE]     [015: 18366.32]  time:7.409213e-01  MLUPS:013608  cache block size:27284kiB  reps:1  perf err: 100.0%
OMP: Info #277: omp_set_nested routine deprecated, please use omp_set_max_active_levels instead.
[AUTO TUNE]     [015: 16956.84]  time:2.178236e+00  MLUPS:036936  cache block size:27284kiB  reps:2  perf err:  8.3%
OMP: Info #277: omp_set_nested routine deprecated, please use omp_set_max_active_levels instead.
[AUTO TUNE]     [015: 16512.45]  time:3.649610e+00  MLUPS:060264  cache block size:27284kiB  reps:3  perf err:  2.7%
OMP: Info #277: omp_set_nested routine deprecated, please use omp_set_max_active_levels instead.
[AUTO TUNE]     [015: 16385.02]  time:5.101733e+00  MLUPS:083592  cache block size:27284kiB  reps:4  perf err:  0.8%
OMP: Info #277: omp_set_nested routine deprecated, please use omp_set_max_active_levels instead.
[AUTO TUNE]     [030: 22816.73]  time:5.964046e-01  MLUPS:013608  cache block size:42104kiB  reps:1  perf err: 100.0%
OMP: Info #277: omp_set_nested routine deprecated, please use omp_set_max_active_levels instead.
[AUTO TUNE]     [030: 20936.58]  time:1.764185e+00  MLUPS:036936  cache block size:42104kiB  reps:2  perf err:  9.0%
OMP: Info #277: omp_set_nested routine deprecated, please use omp_set_max_active_levels instead.
[AUTO TUNE]     [030: 20613.18]  time:2.923566e+00  MLUPS:060264  cache block size:42104kiB  reps:3  perf err:  1.6%
OMP: Info #277: omp_set_nested routine deprecated, please use omp_set_max_active_levels instead.
[AUTO TUNE]     [045: 26367.70]  time:5.160860e-01  MLUPS:013608  cache block size:56924kiB  reps:1  perf err: 100.0%
OMP: Info #277: omp_set_nested routine deprecated, please use omp_set_max_active_levels instead.
[AUTO TUNE]     [045: 24033.64]  time:1.536846e+00  MLUPS:036936  cache block size:56924kiB  reps:2  perf err:  9.7%
OMP: Info #277: omp_set_nested routine deprecated, please use omp_set_max_active_levels instead.
[AUTO TUNE]     [045: 23666.54]  time:2.546380e+00  MLUPS:060264  cache block size:56924kiB  reps:3  perf err:  1.6%
OMP: Info #277: omp_set_nested routine deprecated, please use omp_set_max_active_levels instead.
[AUTO TUNE]     [060: 27840.46]  time:4.887851e-01  MLUPS:013608  cache block size:71744kiB  reps:1  perf err: 100.0%
OMP: Info #277: omp_set_nested routine deprecated, please use omp_set_max_active_levels instead.
[AUTO TUNE]     [060: 25979.09]  time:1.421759e+00  MLUPS:036936  cache block size:71744kiB  reps:2  perf err:  7.2%
OMP: Info #277: omp_set_nested routine deprecated, please use omp_set_max_active_levels instead.
[AUTO TUNE]     [060: 25083.32]  time:2.402553e+00  MLUPS:060264  cache block size:71744kiB  reps:3  perf err:  3.6%
OMP: Info #277: omp_set_nested routine deprecated, please use omp_set_max_active_levels instead.
[AUTO TUNE]     [060: 25163.18]  time:3.321997e+00  MLUPS:083592  cache block size:71744kiB  reps:4  perf err:  0.3%
OMP: Info #277: omp_set_nested routine deprecated, please use omp_set_max_active_levels instead.
[AUTO TUNE]     [075: 31781.30]  time:4.281763e-01  MLUPS:013608  cache block size:86564kiB  reps:1  perf err: 100.0%
OMP: Info #277: omp_set_nested routine deprecated, please use omp_set_max_active_levels instead.
[AUTO TUNE]     [075: 29069.03]  time:1.270631e+00  MLUPS:036936  cache block size:86564kiB  reps:2  perf err:  9.3%
OMP: Info #277: omp_set_nested routine deprecated, please use omp_set_max_active_levels instead.
[AUTO TUNE]     [075: 28709.11]  time:2.099125e+00  MLUPS:060264  cache block size:86564kiB  reps:3  perf err:  1.3%
OMP: Info #277: omp_set_nested routine deprecated, please use omp_set_max_active_levels instead.
[AUTO TUNE]     [090: 33956.22]  time:4.007513e-01  MLUPS:013608  cache block size:101384kiB  reps:1  perf err: 100.0%
OMP: Info #277: omp_set_nested routine deprecated, please use omp_set_max_active_levels instead.
[AUTO TUNE]     [090: 31076.24]  time:1.188561e+00  MLUPS:036936  cache block size:101384kiB  reps:2  perf err:  9.3%
OMP: Info #277: omp_set_nested routine deprecated, please use omp_set_max_active_levels instead.
[AUTO TUNE]     [090: 30460.94]  time:1.978402e+00  MLUPS:060264  cache block size:101384kiB  reps:3  perf err:  2.0%
OMP: Info #277: omp_set_nested routine deprecated, please use omp_set_max_active_levels instead.
[AUTO TUNE]     [105: 35713.43]  time:3.810332e-01  MLUPS:013608  cache block size:116204kiB  reps:1  perf err: 100.0%
OMP: Info #277: omp_set_nested routine deprecated, please use omp_set_max_active_levels instead.
[AUTO TUNE]     [105: 32577.88]  time:1.133775e+00  MLUPS:036936  cache block size:116204kiB  reps:2  perf err:  9.6%
OMP: Info #277: omp_set_nested routine deprecated, please use omp_set_max_active_levels instead.
[AUTO TUNE]     [105: 31948.80]  time:1.886268e+00  MLUPS:060264  cache block size:116204kiB  reps:3  perf err:  2.0%
OMP: Info #277: omp_set_nested routine deprecated, please use omp_set_max_active_levels instead.
[AUTO TUNE]     [120: 34837.83]  time:3.906099e-01  MLUPS:013608  cache block size:131024kiB  reps:1  perf err: 100.0%
OMP: Info #277: omp_set_nested routine deprecated, please use omp_set_max_active_levels instead.
[AUTO TUNE]     [120: 32513.96]  time:1.136004e+00  MLUPS:036936  cache block size:131024kiB  reps:2  perf err:  7.1%
OMP: Info #277: omp_set_nested routine deprecated, please use omp_set_max_active_levels instead.
[AUTO TUNE]     [120: 32079.79]  time:1.878566e+00  MLUPS:060264  cache block size:131024kiB  reps:3  perf err:  1.4%
OMP: Info #277: omp_set_nested routine deprecated, please use omp_set_max_active_levels instead.
[AUTO TUNE]     [135: 34006.10]  time:4.001635e-01  MLUPS:013608  cache block size:145844kiB  reps:1  perf err: 100.0%
OMP: Info #277: omp_set_nested routine deprecated, please use omp_set_max_active_levels instead.
[AUTO TUNE]     [135: 31905.64]  time:1.157664e+00  MLUPS:036936  cache block size:145844kiB  reps:2  perf err:  6.6%
OMP: Info #277: omp_set_nested routine deprecated, please use omp_set_max_active_levels instead.
[AUTO TUNE]     [135: 31518.01]  time:1.912050e+00  MLUPS:060264  cache block size:145844kiB  reps:3  perf err:  1.2%
[AUTO TUNE]   Diamond width:40  [wavefronts #: pefromance (MLUPS/s)]
OMP: Info #277: omp_set_nested routine deprecated, please use omp_set_max_active_levels instead.
[AUTO TUNE]     [015: 17956.53]  time:1.190876e+00  MLUPS:021384  cache block size:57076kiB  reps:1  perf err: 100.0%
OMP: Info #277: omp_set_nested routine deprecated, please use omp_set_max_active_levels instead.
[AUTO TUNE]     [015: 17181.21]  time:3.507553e+00  MLUPS:060264  cache block size:57076kiB  reps:2  perf err:  4.5%
OMP: Info #277: omp_set_nested routine deprecated, please use omp_set_max_active_levels instead.
[AUTO TUNE]     [015: 16983.26]  time:5.837749e+00  MLUPS:099144  cache block size:57076kiB  reps:3  perf err:  1.2%
OMP: Info #277: omp_set_nested routine deprecated, please use omp_set_max_active_levels instead.
[AUTO TUNE]     [030: 23556.61]  time:9.077707e-01  MLUPS:021384  cache block size:81016kiB  reps:1  perf err: 100.0%
OMP: Info #277: omp_set_nested routine deprecated, please use omp_set_max_active_levels instead.
[AUTO TUNE]     [030: 22507.42]  time:2.677517e+00  MLUPS:060264  cache block size:81016kiB  reps:2  perf err:  4.7%
OMP: Info #277: omp_set_nested routine deprecated, please use omp_set_max_active_levels instead.
[AUTO TUNE]     [030: 22325.24]  time:4.440893e+00  MLUPS:099144  cache block size:81016kiB  reps:3  perf err:  0.8%
OMP: Info #277: omp_set_nested routine deprecated, please use omp_set_max_active_levels instead.
[AUTO TUNE]     [045: 26757.54]  time:7.991767e-01  MLUPS:021384  cache block size:104956kiB  reps:1  perf err: 100.0%
OMP: Info #277: omp_set_nested routine deprecated, please use omp_set_max_active_levels instead.
[AUTO TUNE]     [045: 25310.05]  time:2.381030e+00  MLUPS:060264  cache block size:104956kiB  reps:2  perf err:  5.7%
OMP: Info #277: omp_set_nested routine deprecated, please use omp_set_max_active_levels instead.
[AUTO TUNE]     [045: 25567.08]  time:3.877799e+00  MLUPS:099144  cache block size:104956kiB  reps:3  perf err:  1.0%
OMP: Info #277: omp_set_nested routine deprecated, please use omp_set_max_active_levels instead.
[AUTO TUNE]     [060: 30030.67]  time:7.120720e-01  MLUPS:021384  cache block size:128896kiB  reps:1  perf err: 100.0%
OMP: Info #277: omp_set_nested routine deprecated, please use omp_set_max_active_levels instead.
[AUTO TUNE]     [060: 29039.78]  time:2.075222e+00  MLUPS:060264  cache block size:128896kiB  reps:2  perf err:  3.4%
OMP: Info #277: omp_set_nested routine deprecated, please use omp_set_max_active_levels instead.
[AUTO TUNE]     [060: 28832.25]  time:3.438650e+00  MLUPS:099144  cache block size:128896kiB  reps:3  perf err:  0.7%
OMP: Info #277: omp_set_nested routine deprecated, please use omp_set_max_active_levels instead.
[AUTO TUNE]     [075: 33733.61]  time:6.339078e-01  MLUPS:021384  cache block size:152836kiB  reps:1  perf err: 100.0%
OMP: Info #277: omp_set_nested routine deprecated, please use omp_set_max_active_levels instead.
[AUTO TUNE]     [075: 32202.77]  time:1.871392e+00  MLUPS:060264  cache block size:152836kiB  reps:2  perf err:  4.8%
OMP: Info #277: omp_set_nested routine deprecated, please use omp_set_max_active_levels instead.
[AUTO TUNE]     [075: 31810.35]  time:3.116722e+00  MLUPS:099144  cache block size:152836kiB  reps:3  perf err:  1.2%
OMP: Info #277: omp_set_nested routine deprecated, please use omp_set_max_active_levels instead.
[AUTO TUNE]     [090: 34743.74]  time:6.154778e-01  MLUPS:021384  cache block size:176776kiB  reps:1  perf err: 100.0%
OMP: Info #277: omp_set_nested routine deprecated, please use omp_set_max_active_levels instead.
[AUTO TUNE]     [090: 33287.75]  time:1.810396e+00  MLUPS:060264  cache block size:176776kiB  reps:2  perf err:  4.4%
OMP: Info #277: omp_set_nested routine deprecated, please use omp_set_max_active_levels instead.
[AUTO TUNE]     [090: 32997.56]  time:3.004586e+00  MLUPS:099144  cache block size:176776kiB  reps:3  perf err:  0.9%
OMP: Info #277: omp_set_nested routine deprecated, please use omp_set_max_active_levels instead.
[AUTO TUNE]     [105: 34887.24]  time:6.129462e-01  MLUPS:021384  cache block size:200716kiB  reps:1  perf err: 100.0%
OMP: Info #277: omp_set_nested routine deprecated, please use omp_set_max_active_levels instead.
[AUTO TUNE]     [105: 33690.66]  time:1.788745e+00  MLUPS:060264  cache block size:200716kiB  reps:2  perf err:  3.6%
OMP: Info #277: omp_set_nested routine deprecated, please use omp_set_max_active_levels instead.
[AUTO TUNE]     [105: 33657.02]  time:2.945715e+00  MLUPS:099144  cache block size:200716kiB  reps:3  perf err:  0.1%
OMP: Info #277: omp_set_nested routine deprecated, please use omp_set_max_active_levels instead.
[AUTO TUNE]     [120: 34665.64]  time:6.168643e-01  MLUPS:021384  cache block size:224656kiB  reps:1  perf err: 100.0%
OMP: Info #277: omp_set_nested routine deprecated, please use omp_set_max_active_levels instead.
[AUTO TUNE]     [120: 33272.43]  time:1.811230e+00  MLUPS:060264  cache block size:224656kiB  reps:2  perf err:  4.2%
OMP: Info #277: omp_set_nested routine deprecated, please use omp_set_max_active_levels instead.
[AUTO TUNE]     [120: 32917.61]  time:3.011883e+00  MLUPS:099144  cache block size:224656kiB  reps:3  perf err:  1.1%
[AUTO TUNE] COMPLETE tune case #16: Thread group size:15  thc:01  thx:01  thy:01  thz:15  t_dim:09  bs_z:105  perf:33657.02 MLUP/s

[AUTO TUNE] START tune case #17: Thread group size:30  thc:01  thx:03  thy:02  thz:05  Possilbe diam width: 8 24 40 72
[AUTO TUNE]   Diamond width:08  [wavefronts #: pefromance (MLUPS/s)]
OMP: Info #277: omp_set_nested routine deprecated, please use omp_set_max_active_levels instead.
[AUTO TUNE]     [005: 7618.89]  time:7.654660e-01  MLUPS:005832  cache block size:1710kiB  reps:1  perf err: 100.0%
OMP: Info #277: omp_set_nested routine deprecated, please use omp_set_max_active_levels instead.
[AUTO TUNE]     [005: 5905.27]  time:2.304384e+00  MLUPS:013608  cache block size:1710kiB  reps:2  perf err: 29.0%
OMP: Info #277: omp_set_nested routine deprecated, please use omp_set_max_active_levels instead.
[AUTO TUNE]     [005: 5561.97]  time:3.844678e+00  MLUPS:021384  cache block size:1710kiB  reps:3  perf err:  6.2%
OMP: Info #277: omp_set_nested routine deprecated, please use omp_set_max_active_levels instead.
[AUTO TUNE]     [005: 5447.20]  time:5.353208e+00  MLUPS:029160  cache block size:1710kiB  reps:4  perf err:  2.1%
OMP: Info #277: omp_set_nested routine deprecated, please use omp_set_max_active_levels instead.
[AUTO TUNE]     [010: 9546.86]  time:6.108812e-01  MLUPS:005832  cache block size:2660kiB  reps:1  perf err: 100.0%
OMP: Info #277: omp_set_nested routine deprecated, please use omp_set_max_active_levels instead.
[AUTO TUNE]     [010: 7592.62]  time:1.792267e+00  MLUPS:013608  cache block size:2660kiB  reps:2  perf err: 25.7%
OMP: Info #277: omp_set_nested routine deprecated, please use omp_set_max_active_levels instead.
[AUTO TUNE]     [010: 7129.33]  time:2.999438e+00  MLUPS:021384  cache block size:2660kiB  reps:3  perf err:  6.5%
OMP: Info #277: omp_set_nested routine deprecated, please use omp_set_max_active_levels instead.
[AUTO TUNE]     [010: 6962.39]  time:4.188214e+00  MLUPS:029160  cache block size:2660kiB  reps:4  perf err:  2.4%
OMP: Info #277: omp_set_nested routine deprecated, please use omp_set_max_active_levels instead.
[AUTO TUNE]     [015: 10309.29]  time:5.657031e-01  MLUPS:005832  cache block size:3610kiB  reps:1  perf err: 100.0%
OMP: Info #277: omp_set_nested routine deprecated, please use omp_set_max_active_levels instead.
[AUTO TUNE]     [015: 7974.05]  time:1.706535e+00  MLUPS:013608  cache block size:3610kiB  reps:2  perf err: 29.3%
OMP: Info #277: omp_set_nested routine deprecated, please use omp_set_max_active_levels instead.
[AUTO TUNE]     [015: 7517.52]  time:2.844557e+00  MLUPS:021384  cache block size:3610kiB  reps:3  perf err:  6.1%
OMP: Info #277: omp_set_nested routine deprecated, please use omp_set_max_active_levels instead.
[AUTO TUNE]     [015: 7132.04]  time:4.088593e+00  MLUPS:029160  cache block size:3610kiB  reps:4  perf err:  5.4%
OMP: Info #277: omp_set_nested routine deprecated, please use omp_set_max_active_levels instead.
[AUTO TUNE]     [015: 7239.49]  time:5.102017e+00  MLUPS:036936  cache block size:3610kiB  reps:5  perf err:  1.5%
OMP: Info #277: omp_set_nested routine deprecated, please use omp_set_max_active_levels instead.
[AUTO TUNE]     [020: 10566.15]  time:5.519515e-01  MLUPS:005832  cache block size:4560kiB  reps:1  perf err: 100.0%
OMP: Info #277: omp_set_nested routine deprecated, please use omp_set_max_active_levels instead.
[AUTO TUNE]     [020: 8232.19]  time:1.653023e+00  MLUPS:013608  cache block size:4560kiB  reps:2  perf err: 28.4%
OMP: Info #277: omp_set_nested routine deprecated, please use omp_set_max_active_levels instead.
[AUTO TUNE]     [020: 7782.39]  time:2.747743e+00  MLUPS:021384  cache block size:4560kiB  reps:3  perf err:  5.8%
OMP: Info #277: omp_set_nested routine deprecated, please use omp_set_max_active_levels instead.
[AUTO TUNE]     [020: 7561.09]  time:3.856585e+00  MLUPS:029160  cache block size:4560kiB  reps:4  perf err:  2.9%
OMP: Info #277: omp_set_nested routine deprecated, please use omp_set_max_active_levels instead.
[AUTO TUNE]     [020: 7436.40]  time:4.966920e+00  MLUPS:036936  cache block size:4560kiB  reps:5  perf err:  1.7%
OMP: Info #277: omp_set_nested routine deprecated, please use omp_set_max_active_levels instead.
[AUTO TUNE]     [025: 10604.89]  time:5.499352e-01  MLUPS:005832  cache block size:5510kiB  reps:1  perf err: 100.0%
OMP: Info #277: omp_set_nested routine deprecated, please use omp_set_max_active_levels instead.
[AUTO TUNE]     [025: 8147.32]  time:1.670242e+00  MLUPS:013608  cache block size:5510kiB  reps:2  perf err: 30.2%
OMP: Info #277: omp_set_nested routine deprecated, please use omp_set_max_active_levels instead.
[AUTO TUNE]     [025: 7754.39]  time:2.757663e+00  MLUPS:021384  cache block size:5510kiB  reps:3  perf err:  5.1%
OMP: Info #277: omp_set_nested routine deprecated, please use omp_set_max_active_levels instead.
[AUTO TUNE]     [025: 7488.43]  time:3.894008e+00  MLUPS:029160  cache block size:5510kiB  reps:4  perf err:  3.6%
OMP: Info #277: omp_set_nested routine deprecated, please use omp_set_max_active_levels instead.
[AUTO TUNE]     [025: 7429.54]  time:4.971505e+00  MLUPS:036936  cache block size:5510kiB  reps:5  perf err:  0.8%
[AUTO TUNE]   Diamond width:24  [wavefronts #: pefromance (MLUPS/s)]
OMP: Info #277: omp_set_nested routine deprecated, please use omp_set_max_active_levels instead.
[AUTO TUNE]     [005: 7674.22]  time:1.773210e+00  MLUPS:013608  cache block size:8702kiB  reps:1  perf err: 100.0%
OMP: Info #277: omp_set_nested routine deprecated, please use omp_set_max_active_levels instead.
[AUTO TUNE]     [005: 6900.04]  time:5.353014e+00  MLUPS:036936  cache block size:8702kiB  reps:2  perf err: 11.2%
OMP: Info #277: omp_set_nested routine deprecated, please use omp_set_max_active_levels instead.
[AUTO TUNE]     [005: 6771.21]  time:8.900039e+00  MLUPS:060264  cache block size:8702kiB  reps:3  perf err:  1.9%
OMP: Info #277: omp_set_nested routine deprecated, please use omp_set_max_active_levels instead.
[AUTO TUNE]     [010: 10506.06]  time:1.295253e+00  MLUPS:013608  cache block size:11172kiB  reps:1  perf err: 100.0%
OMP: Info #277: omp_set_nested routine deprecated, please use omp_set_max_active_levels instead.
[AUTO TUNE]     [010: 9514.83]  time:3.881941e+00  MLUPS:036936  cache block size:11172kiB  reps:2  perf err: 10.4%
OMP: Info #277: omp_set_nested routine deprecated, please use omp_set_max_active_levels instead.
[AUTO TUNE]     [010: 9153.42]  time:6.583769e+00  MLUPS:060264  cache block size:11172kiB  reps:3  perf err:  3.9%
OMP: Info #277: omp_set_nested routine deprecated, please use omp_set_max_active_levels instead.
[AUTO TUNE]     [010: 9250.39]  time:9.036596e+00  MLUPS:083592  cache block size:11172kiB  reps:4  perf err:  1.0%
OMP: Info #277: omp_set_nested routine deprecated, please use omp_set_max_active_levels instead.
[AUTO TUNE]     [015: 12376.10]  time:1.099538e+00  MLUPS:013608  cache block size:13642kiB  reps:1  perf err: 100.0%
OMP: Info #277: omp_set_nested routine deprecated, please use omp_set_max_active_levels instead.
[AUTO TUNE]     [015: 11295.69]  time:3.269920e+00  MLUPS:036936  cache block size:13642kiB  reps:2  perf err:  9.6%
OMP: Info #277: omp_set_nested routine deprecated, please use omp_set_max_active_levels instead.
[AUTO TUNE]     [015: 11030.21]  time:5.463541e+00  MLUPS:060264  cache block size:13642kiB  reps:3  perf err:  2.4%
OMP: Info #277: omp_set_nested routine deprecated, please use omp_set_max_active_levels instead.
[AUTO TUNE]     [020: 13790.44]  time:9.867703e-01  MLUPS:013608  cache block size:16112kiB  reps:1  perf err: 100.0%
OMP: Info #277: omp_set_nested routine deprecated, please use omp_set_max_active_levels instead.
[AUTO TUNE]     [020: 12512.59]  time:2.951906e+00  MLUPS:036936  cache block size:16112kiB  reps:2  perf err: 10.2%
OMP: Info #277: omp_set_nested routine deprecated, please use omp_set_max_active_levels instead.
[AUTO TUNE]     [020: 12294.05]  time:4.901882e+00  MLUPS:060264  cache block size:16112kiB  reps:3  perf err:  1.8%
OMP: Info #277: omp_set_nested routine deprecated, please use omp_set_max_active_levels instead.
[AUTO TUNE]     [025: 15076.28]  time:9.026098e-01  MLUPS:013608  cache block size:18582kiB  reps:1  perf err: 100.0%
OMP: Info #277: omp_set_nested routine deprecated, please use omp_set_max_active_levels instead.
[AUTO TUNE]     [025: 13579.74]  time:2.719934e+00  MLUPS:036936  cache block size:18582kiB  reps:2  perf err: 11.0%
OMP: Info #277: omp_set_nested routine deprecated, please use omp_set_max_active_levels instead.
[AUTO TUNE]     [025: 13298.66]  time:4.531584e+00  MLUPS:060264  cache block size:18582kiB  reps:3  perf err:  2.1%
OMP: Info #277: omp_set_nested routine deprecated, please use omp_set_max_active_levels instead.
[AUTO TUNE]     [030: 15875.07]  time:8.571929e-01  MLUPS:013608  cache block size:21052kiB  reps:1  perf err: 100.0%
OMP: Info #277: omp_set_nested routine deprecated, please use omp_set_max_active_levels instead.
[AUTO TUNE]     [030: 14387.60]  time:2.567211e+00  MLUPS:036936  cache block size:21052kiB  reps:2  perf err: 10.3%
OMP: Info #277: omp_set_nested routine deprecated, please use omp_set_max_active_levels instead.
[AUTO TUNE]     [030: 14117.29]  time:4.268809e+00  MLUPS:060264  cache block size:21052kiB  reps:3  perf err:  1.9%
OMP: Info #277: omp_set_nested routine deprecated, please use omp_set_max_active_levels instead.
[AUTO TUNE]     [035: 16704.10]  time:8.146504e-01  MLUPS:013608  cache block size:23522kiB  reps:1  perf err: 100.0%
OMP: Info #277: omp_set_nested routine deprecated, please use omp_set_max_active_levels instead.
[AUTO TUNE]     [035: 15211.78]  time:2.428118e+00  MLUPS:036936  cache block size:23522kiB  reps:2  perf err:  9.8%
OMP: Info #277: omp_set_nested routine deprecated, please use omp_set_max_active_levels instead.
[AUTO TUNE]     [035: 14876.84]  time:4.050860e+00  MLUPS:060264  cache block size:23522kiB  reps:3  perf err:  2.3%
OMP: Info #277: omp_set_nested routine deprecated, please use omp_set_max_active_levels instead.
[AUTO TUNE]     [040: 17311.17]  time:7.860819e-01  MLUPS:013608  cache block size:25992kiB  reps:1  perf err: 100.0%
OMP: Info #277: omp_set_nested routine deprecated, please use omp_set_max_active_levels instead.
[AUTO TUNE]     [040: 15834.69]  time:2.332600e+00  MLUPS:036936  cache block size:25992kiB  reps:2  perf err:  9.3%
OMP: Info #277: omp_set_nested routine deprecated, please use omp_set_max_active_levels instead.
[AUTO TUNE]     [040: 14943.52]  time:4.032785e+00  MLUPS:060264  cache block size:25992kiB  reps:3  perf err:  6.0%
OMP: Info #277: omp_set_nested routine deprecated, please use omp_set_max_active_levels instead.
[AUTO TUNE]     [040: 15351.57]  time:5.445177e+00  MLUPS:083592  cache block size:25992kiB  reps:4  perf err:  2.7%
OMP: Info #277: omp_set_nested routine deprecated, please use omp_set_max_active_levels instead.
[AUTO TUNE]     [040: 15274.85]  time:6.999741e+00  MLUPS:106920  cache block size:25992kiB  reps:5  perf err:  0.5%
OMP: Info #277: omp_set_nested routine deprecated, please use omp_set_max_active_levels instead.
[AUTO TUNE]     [045: 17997.74]  time:7.560950e-01  MLUPS:013608  cache block size:28462kiB  reps:1  perf err: 100.0%
OMP: Info #277: omp_set_nested routine deprecated, please use omp_set_max_active_levels instead.
[AUTO TUNE]     [045: 16438.00]  time:2.246988e+00  MLUPS:036936  cache block size:28462kiB  reps:2  perf err:  9.5%
OMP: Info #277: omp_set_nested routine deprecated, please use omp_set_max_active_levels instead.
[AUTO TUNE]     [045: 16121.63]  time:3.738083e+00  MLUPS:060264  cache block size:28462kiB  reps:3  perf err:  2.0%
OMP: Info #277: omp_set_nested routine deprecated, please use omp_set_max_active_levels instead.
[AUTO TUNE]     [050: 18899.58]  time:7.200159e-01  MLUPS:013608  cache block size:30932kiB  reps:1  perf err: 100.0%
OMP: Info #277: omp_set_nested routine deprecated, please use omp_set_max_active_levels instead.
[AUTO TUNE]     [050: 16985.21]  time:2.174598e+00  MLUPS:036936  cache block size:30932kiB  reps:2  perf err: 11.3%
OMP: Info #277: omp_set_nested routine deprecated, please use omp_set_max_active_levels instead.
[AUTO TUNE]     [050: 16680.49]  time:3.612843e+00  MLUPS:060264  cache block size:30932kiB  reps:3  perf err:  1.8%
OMP: Info #277: omp_set_nested routine deprecated, please use omp_set_max_active_levels instead.
[AUTO TUNE]     [055: 19107.81]  time:7.121694e-01  MLUPS:013608  cache block size:33402kiB  reps:1  perf err: 100.0%
OMP: Info #277: omp_set_nested routine deprecated, please use omp_set_max_active_levels instead.
[AUTO TUNE]     [055: 17318.11]  time:2.132796e+00  MLUPS:036936  cache block size:33402kiB  reps:2  perf err: 10.3%
OMP: Info #277: omp_set_nested routine deprecated, please use omp_set_max_active_levels instead.
[AUTO TUNE]     [055: 17021.57]  time:3.540449e+00  MLUPS:060264  cache block size:33402kiB  reps:3  perf err:  1.7%
OMP: Info #277: omp_set_nested routine deprecated, please use omp_set_max_active_levels instead.
[AUTO TUNE]     [060: 19649.57]  time:6.925341e-01  MLUPS:013608  cache block size:35872kiB  reps:1  perf err: 100.0%
OMP: Info #277: omp_set_nested routine deprecated, please use omp_set_max_active_levels instead.
[AUTO TUNE]     [060: 17656.20]  time:2.091956e+00  MLUPS:036936  cache block size:35872kiB  reps:2  perf err: 11.3%
OMP: Info #277: omp_set_nested routine deprecated, please use omp_set_max_active_levels instead.
[AUTO TUNE]     [060: 17373.74]  time:3.468683e+00  MLUPS:060264  cache block size:35872kiB  reps:3  perf err:  1.6%
OMP: Info #277: omp_set_nested routine deprecated, please use omp_set_max_active_levels instead.
[AUTO TUNE]     [065: 19699.57]  time:6.907763e-01  MLUPS:013608  cache block size:38342kiB  reps:1  perf err: 100.0%
OMP: Info #277: omp_set_nested routine deprecated, please use omp_set_max_active_levels instead.
[AUTO TUNE]     [065: 17946.80]  time:2.058082e+00  MLUPS:036936  cache block size:38342kiB  reps:2  perf err:  9.8%
OMP: Info #277: omp_set_nested routine deprecated, please use omp_set_max_active_levels instead.
[AUTO TUNE]     [065: 17558.55]  time:3.432174e+00  MLUPS:060264  cache block size:38342kiB  reps:3  perf err:  2.2%
OMP: Info #277: omp_set_nested routine deprecated, please use omp_set_max_active_levels instead.
[AUTO TUNE]     [070: 19808.61]  time:6.869739e-01  MLUPS:013608  cache block size:40812kiB  reps:1  perf err: 100.0%
OMP: Info #277: omp_set_nested routine deprecated, please use omp_set_max_active_levels instead.
[AUTO TUNE]     [070: 18047.61]  time:2.046586e+00  MLUPS:036936  cache block size:40812kiB  reps:2  perf err:  9.8%
OMP: Info #277: omp_set_nested routine deprecated, please use omp_set_max_active_levels instead.
[AUTO TUNE]     [070: 17723.86]  time:3.400163e+00  MLUPS:060264  cache block size:40812kiB  reps:3  perf err:  1.8%
OMP: Info #277: omp_set_nested routine deprecated, please use omp_set_max_active_levels instead.
[AUTO TUNE]     [075: 20253.92]  time:6.718699e-01  MLUPS:013608  cache block size:43282kiB  reps:1  perf err: 100.0%
OMP: Info #277: omp_set_nested routine deprecated, please use omp_set_max_active_levels instead.
[AUTO TUNE]     [075: 18452.79]  time:2.001649e+00  MLUPS:036936  cache block size:43282kiB  reps:2  perf err:  9.8%
OMP: Info #277: omp_set_nested routine deprecated, please use omp_set_max_active_levels instead.
[AUTO TUNE]     [075: 18098.48]  time:3.329782e+00  MLUPS:060264  cache block size:43282kiB  reps:3  perf err:  2.0%
OMP: Info #277: omp_set_nested routine deprecated, please use omp_set_max_active_levels instead.
[AUTO TUNE]     [080: 20211.20]  time:6.732901e-01  MLUPS:013608  cache block size:45752kiB  reps:1  perf err: 100.0%
OMP: Info #277: omp_set_nested routine deprecated, please use omp_set_max_active_levels instead.
[AUTO TUNE]     [080: 17446.92]  time:2.117050e+00  MLUPS:036936  cache block size:45752kiB  reps:2  perf err: 15.8%
OMP: Info #277: omp_set_nested routine deprecated, please use omp_set_max_active_levels instead.
[AUTO TUNE]     [080: 18122.47]  time:3.325375e+00  MLUPS:060264  cache block size:45752kiB  reps:3  perf err:  3.7%
OMP: Info #277: omp_set_nested routine deprecated, please use omp_set_max_active_levels instead.
[AUTO TUNE]     [080: 17908.57]  time:4.667708e+00  MLUPS:083592  cache block size:45752kiB  reps:4  perf err:  1.2%
[AUTO TUNE]   Diamond width:40  [wavefronts #: pefromance (MLUPS/s)]
OMP: Info #277: omp_set_nested routine deprecated, please use omp_set_max_active_levels instead.
[AUTO TUNE]     [005: 7789.79]  time:2.745132e+00  MLUPS:021384  cache block size:20558kiB  reps:1  perf err: 100.0%
OMP: Info #277: omp_set_nested routine deprecated, please use omp_set_max_active_levels instead.
[AUTO TUNE]     [005: 7305.14]  time:8.249535e+00  MLUPS:060264  cache block size:20558kiB  reps:2  perf err:  6.6%
OMP: Info #277: omp_set_nested routine deprecated, please use omp_set_max_active_levels instead.
[AUTO TUNE]     [010: 10950.79]  time:1.952736e+00  MLUPS:021384  cache block size:24548kiB  reps:1  perf err: 100.0%
OMP: Info #277: omp_set_nested routine deprecated, please use omp_set_max_active_levels instead.
[AUTO TUNE]     [010: 10301.57]  time:5.849980e+00  MLUPS:060264  cache block size:24548kiB  reps:2  perf err:  6.3%
OMP: Info #277: omp_set_nested routine deprecated, please use omp_set_max_active_levels instead.
[AUTO TUNE]     [010: 10217.35]  time:9.703494e+00  MLUPS:099144  cache block size:24548kiB  reps:3  perf err:  0.8%
OMP: Info #277: omp_set_nested routine deprecated, please use omp_set_max_active_levels instead.
[AUTO TUNE]     [015: 13296.65]  time:1.608224e+00  MLUPS:021384  cache block size:28538kiB  reps:1  perf err: 100.0%
OMP: Info #277: omp_set_nested routine deprecated, please use omp_set_max_active_levels instead.
[AUTO TUNE]     [015: 12552.68]  time:4.800886e+00  MLUPS:060264  cache block size:28538kiB  reps:2  perf err:  5.9%
OMP: Info #277: omp_set_nested routine deprecated, please use omp_set_max_active_levels instead.
[AUTO TUNE]     [015: 12418.93]  time:7.983296e+00  MLUPS:099144  cache block size:28538kiB  reps:3  perf err:  1.1%
OMP: Info #277: omp_set_nested routine deprecated, please use omp_set_max_active_levels instead.
[AUTO TUNE]     [020: 15323.84]  time:1.395473e+00  MLUPS:021384  cache block size:32528kiB  reps:1  perf err: 100.0%
OMP: Info #277: omp_set_nested routine deprecated, please use omp_set_max_active_levels instead.
[AUTO TUNE]     [020: 14410.61]  time:4.181917e+00  MLUPS:060264  cache block size:32528kiB  reps:2  perf err:  6.3%
OMP: Info #277: omp_set_nested routine deprecated, please use omp_set_max_active_levels instead.
[AUTO TUNE]     [020: 13867.56]  time:7.149347e+00  MLUPS:099144  cache block size:32528kiB  reps:3  perf err:  3.9%
OMP: Info #277: omp_set_nested routine deprecated, please use omp_set_max_active_levels instead.
[AUTO TUNE]     [020: 14174.06]  time:9.737792e+00  MLUPS:138024  cache block size:32528kiB  reps:4  perf err:  2.2%
OMP: Info #277: omp_set_nested routine deprecated, please use omp_set_max_active_levels instead.
[AUTO TUNE]     [025: 16960.83]  time:1.260787e+00  MLUPS:021384  cache block size:36518kiB  reps:1  perf err: 100.0%
OMP: Info #277: omp_set_nested routine deprecated, please use omp_set_max_active_levels instead.
[AUTO TUNE]     [025: 15860.45]  time:3.799641e+00  MLUPS:060264  cache block size:36518kiB  reps:2  perf err:  6.9%
OMP: Info #277: omp_set_nested routine deprecated, please use omp_set_max_active_levels instead.
[AUTO TUNE]     [025: 15774.73]  time:6.284990e+00  MLUPS:099144  cache block size:36518kiB  reps:3  perf err:  0.5%
OMP: Info #277: omp_set_nested routine deprecated, please use omp_set_max_active_levels instead.
[AUTO TUNE]     [030: 18205.96]  time:1.174560e+00  MLUPS:021384  cache block size:40508kiB  reps:1  perf err: 100.0%
OMP: Info #277: omp_set_nested routine deprecated, please use omp_set_max_active_levels instead.
[AUTO TUNE]     [030: 17162.73]  time:3.511329e+00  MLUPS:060264  cache block size:40508kiB  reps:2  perf err:  6.1%
OMP: Info #277: omp_set_nested routine deprecated, please use omp_set_max_active_levels instead.
[AUTO TUNE]     [030: 16962.03]  time:5.845056e+00  MLUPS:099144  cache block size:40508kiB  reps:3  perf err:  1.2%
OMP: Info #277: omp_set_nested routine deprecated, please use omp_set_max_active_levels instead.
[AUTO TUNE]     [035: 19174.63]  time:1.115224e+00  MLUPS:021384  cache block size:44498kiB  reps:1  perf err: 100.0%
OMP: Info #277: omp_set_nested routine deprecated, please use omp_set_max_active_levels instead.
[AUTO TUNE]     [035: 18093.69]  time:3.330664e+00  MLUPS:060264  cache block size:44498kiB  reps:2  perf err:  6.0%
OMP: Info #277: omp_set_nested routine deprecated, please use omp_set_max_active_levels instead.
[AUTO TUNE]     [035: 17886.76]  time:5.542871e+00  MLUPS:099144  cache block size:44498kiB  reps:3  perf err:  1.2%
OMP: Info #277: omp_set_nested routine deprecated, please use omp_set_max_active_levels instead.
[AUTO TUNE]     [040: 20106.95]  time:1.063513e+00  MLUPS:021384  cache block size:48488kiB  reps:1  perf err: 100.0%
OMP: Info #277: omp_set_nested routine deprecated, please use omp_set_max_active_levels instead.
[AUTO TUNE]     [040: 18913.66]  time:3.186268e+00  MLUPS:060264  cache block size:48488kiB  reps:2  perf err:  6.3%
OMP: Info #277: omp_set_nested routine deprecated, please use omp_set_max_active_levels instead.
[AUTO TUNE]     [040: 18639.84]  time:5.318930e+00  MLUPS:099144  cache block size:48488kiB  reps:3  perf err:  1.5%
OMP: Info #277: omp_set_nested routine deprecated, please use omp_set_max_active_levels instead.
[AUTO TUNE]     [045: 20414.29]  time:1.047502e+00  MLUPS:021384  cache block size:52478kiB  reps:1  perf err: 100.0%
OMP: Info #277: omp_set_nested routine deprecated, please use omp_set_max_active_levels instead.
[AUTO TUNE]     [045: 18819.67]  time:3.202181e+00  MLUPS:060264  cache block size:52478kiB  reps:2  perf err:  8.5%
OMP: Info #277: omp_set_nested routine deprecated, please use omp_set_max_active_levels instead.
[AUTO TUNE]     [045: 19305.38]  time:5.135563e+00  MLUPS:099144  cache block size:52478kiB  reps:3  perf err:  2.5%
OMP: Info #277: omp_set_nested routine deprecated, please use omp_set_max_active_levels instead.
[AUTO TUNE]     [045: 19196.41]  time:7.190093e+00  MLUPS:138024  cache block size:52478kiB  reps:4  perf err:  0.6%
OMP: Info #277: omp_set_nested routine deprecated, please use omp_set_max_active_levels instead.
[AUTO TUNE]     [050: 21462.00]  time:9.963658e-01  MLUPS:021384  cache block size:56468kiB  reps:1  perf err: 100.0%
OMP: Info #277: omp_set_nested routine deprecated, please use omp_set_max_active_levels instead.
[AUTO TUNE]     [050: 20114.77]  time:2.996007e+00  MLUPS:060264  cache block size:56468kiB  reps:2  perf err:  6.7%
OMP: Info #277: omp_set_nested routine deprecated, please use omp_set_max_active_levels instead.
[AUTO TUNE]     [050: 19827.98]  time:5.000206e+00  MLUPS:099144  cache block size:56468kiB  reps:3  perf err:  1.4%
OMP: Info #277: omp_set_nested routine deprecated, please use omp_set_max_active_levels instead.
[AUTO TUNE]     [055: 21798.17]  time:9.809999e-01  MLUPS:021384  cache block size:60458kiB  reps:1  perf err: 100.0%
OMP: Info #277: omp_set_nested routine deprecated, please use omp_set_max_active_levels instead.
[AUTO TUNE]     [055: 20533.30]  time:2.934940e+00  MLUPS:060264  cache block size:60458kiB  reps:2  perf err:  6.2%
OMP: Info #277: omp_set_nested routine deprecated, please use omp_set_max_active_levels instead.
[AUTO TUNE]     [055: 20268.17]  time:4.891612e+00  MLUPS:099144  cache block size:60458kiB  reps:3  perf err:  1.3%
OMP: Info #277: omp_set_nested routine deprecated, please use omp_set_max_active_levels instead.
[AUTO TUNE]     [060: 22400.49]  time:9.546222e-01  MLUPS:021384  cache block size:64448kiB  reps:1  perf err: 100.0%
OMP: Info #277: omp_set_nested routine deprecated, please use omp_set_max_active_levels instead.
[AUTO TUNE]     [060: 20933.19]  time:2.878873e+00  MLUPS:060264  cache block size:64448kiB  reps:2  perf err:  7.0%
OMP: Info #277: omp_set_nested routine deprecated, please use omp_set_max_active_levels instead.
[AUTO TUNE]     [060: 20672.43]  time:4.795953e+00  MLUPS:099144  cache block size:64448kiB  reps:3  perf err:  1.3%
OMP: Info #277: omp_set_nested routine deprecated, please use omp_set_max_active_levels instead.
[AUTO TUNE]     [065: 22237.89]  time:9.616020e-01  MLUPS:021384  cache block size:68438kiB  reps:1  perf err: 100.0%
OMP: Info #277: omp_set_nested routine deprecated, please use omp_set_max_active_levels instead.
[AUTO TUNE]     [065: 21160.27]  time:2.847979e+00  MLUPS:060264  cache block size:68438kiB  reps:2  perf err:  5.1%
OMP: Info #277: omp_set_nested routine deprecated, please use omp_set_max_active_levels instead.
[AUTO TUNE]     [065: 20803.54]  time:4.765727e+00  MLUPS:099144  cache block size:68438kiB  reps:3  perf err:  1.7%
OMP: Info #277: omp_set_nested routine deprecated, please use omp_set_max_active_levels instead.
[AUTO TUNE]     [070: 22578.25]  time:9.471061e-01  MLUPS:021384  cache block size:72428kiB  reps:1  perf err: 100.0%
OMP: Info #277: omp_set_nested routine deprecated, please use omp_set_max_active_levels instead.
[AUTO TUNE]     [070: 21461.36]  time:2.808024e+00  MLUPS:060264  cache block size:72428kiB  reps:2  perf err:  5.2%
OMP: Info #277: omp_set_nested routine deprecated, please use omp_set_max_active_levels instead.
[AUTO TUNE]     [070: 21197.39]  time:4.677180e+00  MLUPS:099144  cache block size:72428kiB  reps:3  perf err:  1.2%
OMP: Info #277: omp_set_nested routine deprecated, please use omp_set_max_active_levels instead.
[AUTO TUNE]     [075: 22739.94]  time:9.403717e-01  MLUPS:021384  cache block size:76418kiB  reps:1  perf err: 100.0%
OMP: Info #277: omp_set_nested routine deprecated, please use omp_set_max_active_levels instead.
[AUTO TUNE]     [075: 21692.38]  time:2.778119e+00  MLUPS:060264  cache block size:76418kiB  reps:2  perf err:  4.8%
OMP: Info #277: omp_set_nested routine deprecated, please use omp_set_max_active_levels instead.
[AUTO TUNE]     [075: 20865.68]  time:4.751535e+00  MLUPS:099144  cache block size:76418kiB  reps:3  perf err:  4.0%
OMP: Info #277: omp_set_nested routine deprecated, please use omp_set_max_active_levels instead.
[AUTO TUNE]     [075: 21311.58]  time:6.476477e+00  MLUPS:138024  cache block size:76418kiB  reps:4  perf err:  2.1%
OMP: Info #277: omp_set_nested routine deprecated, please use omp_set_max_active_levels instead.
[AUTO TUNE]     [080: 23182.95]  time:9.224022e-01  MLUPS:021384  cache block size:80408kiB  reps:1  perf err: 100.0%
OMP: Info #277: omp_set_nested routine deprecated, please use omp_set_max_active_levels instead.
[AUTO TUNE]     [080: 22032.67]  time:2.735211e+00  MLUPS:060264  cache block size:80408kiB  reps:2  perf err:  5.2%
OMP: Info #277: omp_set_nested routine deprecated, please use omp_set_max_active_levels instead.
[AUTO TUNE]     [080: 21707.43]  time:4.567284e+00  MLUPS:099144  cache block size:80408kiB  reps:3  perf err:  1.5%
OMP: Info #277: omp_set_nested routine deprecated, please use omp_set_max_active_levels instead.
[AUTO TUNE]     [085: 23540.33]  time:9.083985e-01  MLUPS:021384  cache block size:84398kiB  reps:1  perf err: 100.0%
OMP: Info #277: omp_set_nested routine deprecated, please use omp_set_max_active_levels instead.
[AUTO TUNE]     [085: 21973.54]  time:2.742571e+00  MLUPS:060264  cache block size:84398kiB  reps:2  perf err:  7.1%
OMP: Info #277: omp_set_nested routine deprecated, please use omp_set_max_active_levels instead.
[AUTO TUNE]     [085: 21705.57]  time:4.567675e+00  MLUPS:099144  cache block size:84398kiB  reps:3  perf err:  1.2%
[AUTO TUNE]   Diamond width:72  [wavefronts #: pefromance (MLUPS/s)]
OMP: Info #277: omp_set_nested routine deprecated, please use omp_set_max_active_levels instead.
[AUTO TUNE]     [005: 7936.02]  time:4.654222e+00  MLUPS:036936  cache block size:58862kiB  reps:1  perf err: 100.0%
OMP: Info #277: omp_set_nested routine deprecated, please use omp_set_max_active_levels instead.
[AUTO TUNE]     [005: 7709.12]  time:1.386929e+01  MLUPS:106920  cache block size:58862kiB  reps:2  perf err:  2.9%
OMP: Info #277: omp_set_nested routine deprecated, please use omp_set_max_active_levels instead.
[AUTO TUNE]     [010: 11325.25]  time:3.261385e+00  MLUPS:036936  cache block size:65892kiB  reps:1  perf err: 100.0%
OMP: Info #277: omp_set_nested routine deprecated, please use omp_set_max_active_levels instead.
[AUTO TUNE]     [010: 11225.43]  time:9.524806e+00  MLUPS:106920  cache block size:65892kiB  reps:2  perf err:  0.9%
OMP: Info #277: omp_set_nested routine deprecated, please use omp_set_max_active_levels instead.
[AUTO TUNE]     [015: 13351.14]  time:2.766505e+00  MLUPS:036936  cache block size:72922kiB  reps:1  perf err: 100.0%
OMP: Info #277: omp_set_nested routine deprecated, please use omp_set_max_active_levels instead.
[AUTO TUNE]     [015: 13592.89]  time:7.865879e+00  MLUPS:106920  cache block size:72922kiB  reps:2  perf err:  1.8%
OMP: Info #277: omp_set_nested routine deprecated, please use omp_set_max_active_levels instead.
[AUTO TUNE]     [020: 16104.92]  time:2.293460e+00  MLUPS:036936  cache block size:79952kiB  reps:1  perf err: 100.0%
OMP: Info #277: omp_set_nested routine deprecated, please use omp_set_max_active_levels instead.
[AUTO TUNE]     [020: 15763.23]  time:6.782875e+00  MLUPS:106920  cache block size:79952kiB  reps:2  perf err:  2.2%
OMP: Info #277: omp_set_nested routine deprecated, please use omp_set_max_active_levels instead.
[AUTO TUNE]     [025: 17469.78]  time:2.114279e+00  MLUPS:036936  cache block size:86982kiB  reps:1  perf err: 100.0%
OMP: Info #277: omp_set_nested routine deprecated, please use omp_set_max_active_levels instead.
[AUTO TUNE]     [025: 17138.26]  time:6.238673e+00  MLUPS:106920  cache block size:86982kiB  reps:2  perf err:  1.9%
OMP: Info #277: omp_set_nested routine deprecated, please use omp_set_max_active_levels instead.
[AUTO TUNE]     [030: 19240.53]  time:1.919697e+00  MLUPS:036936  cache block size:94012kiB  reps:1  perf err: 100.0%
OMP: Info #277: omp_set_nested routine deprecated, please use omp_set_max_active_levels instead.
[AUTO TUNE]     [030: 18684.66]  time:5.722343e+00  MLUPS:106920  cache block size:94012kiB  reps:2  perf err:  3.0%
OMP: Info #277: omp_set_nested routine deprecated, please use omp_set_max_active_levels instead.
[AUTO TUNE]     [030: 18584.48]  time:9.518910e+00  MLUPS:176904  cache block size:94012kiB  reps:3  perf err:  0.5%
OMP: Info #277: omp_set_nested routine deprecated, please use omp_set_max_active_levels instead.
[AUTO TUNE]     [035: 20005.43]  time:1.846298e+00  MLUPS:036936  cache block size:101042kiB  reps:1  perf err: 100.0%
OMP: Info #277: omp_set_nested routine deprecated, please use omp_set_max_active_levels instead.
[AUTO TUNE]     [035: 19488.83]  time:5.486220e+00  MLUPS:106920  cache block size:101042kiB  reps:2  perf err:  2.7%
OMP: Info #277: omp_set_nested routine deprecated, please use omp_set_max_active_levels instead.
[AUTO TUNE]     [035: 19107.89]  time:9.258164e+00  MLUPS:176904  cache block size:101042kiB  reps:3  perf err:  2.0%
OMP: Info #277: omp_set_nested routine deprecated, please use omp_set_max_active_levels instead.
[AUTO TUNE]     [040: 20984.67]  time:1.760142e+00  MLUPS:036936  cache block size:108072kiB  reps:1  perf err: 100.0%
OMP: Info #277: omp_set_nested routine deprecated, please use omp_set_max_active_levels instead.
[AUTO TUNE]     [040: 20306.62]  time:5.265279e+00  MLUPS:106920  cache block size:108072kiB  reps:2  perf err:  3.3%
OMP: Info #277: omp_set_nested routine deprecated, please use omp_set_max_active_levels instead.
[AUTO TUNE]     [040: 20182.41]  time:8.765255e+00  MLUPS:176904  cache block size:108072kiB  reps:3  perf err:  0.6%
OMP: Info #277: omp_set_nested routine deprecated, please use omp_set_max_active_levels instead.
[AUTO TUNE]     [045: 21610.68]  time:1.709155e+00  MLUPS:036936  cache block size:115102kiB  reps:1  perf err: 100.0%
OMP: Info #277: omp_set_nested routine deprecated, please use omp_set_max_active_levels instead.
[AUTO TUNE]     [045: 20737.39]  time:5.155903e+00  MLUPS:106920  cache block size:115102kiB  reps:2  perf err:  4.2%
OMP: Info #277: omp_set_nested routine deprecated, please use omp_set_max_active_levels instead.
[AUTO TUNE]     [045: 20718.42]  time:8.538487e+00  MLUPS:176904  cache block size:115102kiB  reps:3  perf err:  0.1%
OMP: Info #277: omp_set_nested routine deprecated, please use omp_set_max_active_levels instead.
[AUTO TUNE]     [050: 22242.25]  time:1.660623e+00  MLUPS:036936  cache block size:122132kiB  reps:1  perf err: 100.0%
OMP: Info #277: omp_set_nested routine deprecated, please use omp_set_max_active_levels instead.
[AUTO TUNE]     [050: 21524.59]  time:4.967342e+00  MLUPS:106920  cache block size:122132kiB  reps:2  perf err:  3.3%
OMP: Info #277: omp_set_nested routine deprecated, please use omp_set_max_active_levels instead.
[AUTO TUNE]     [050: 21491.33]  time:8.231413e+00  MLUPS:176904  cache block size:122132kiB  reps:3  perf err:  0.2%
OMP: Info #277: omp_set_nested routine deprecated, please use omp_set_max_active_levels instead.
[AUTO TUNE]     [055: 22537.23]  time:1.638888e+00  MLUPS:036936  cache block size:129162kiB  reps:1  perf err: 100.0%
OMP: Info #277: omp_set_nested routine deprecated, please use omp_set_max_active_levels instead.
[AUTO TUNE]     [055: 21809.01]  time:4.902561e+00  MLUPS:106920  cache block size:129162kiB  reps:2  perf err:  3.3%
OMP: Info #277: omp_set_nested routine deprecated, please use omp_set_max_active_levels instead.
[AUTO TUNE]     [055: 21312.03]  time:8.300665e+00  MLUPS:176904  cache block size:129162kiB  reps:3  perf err:  2.3%
[AUTO TUNE] COMPLETE tune case #17: Thread group size:30  thc:01  thx:03  thy:02  thz:05  t_dim:09  bs_z:80  perf:21707.43 MLUP/s

[AUTO TUNE] START tune case #18: Thread group size:30  thc:01  thx:03  thy:01  thz:10  Possilbe diam width: 8 24 40 72
[AUTO TUNE]   Diamond width:08  [wavefronts #: pefromance (MLUPS/s)]
OMP: Info #277: omp_set_nested routine deprecated, please use omp_set_max_active_levels instead.
[AUTO TUNE]     [010: 8670.09]  time:6.726575e-01  MLUPS:005832  cache block size:2660kiB  reps:1  perf err: 100.0%
OMP: Info #277: omp_set_nested routine deprecated, please use omp_set_max_active_levels instead.
[AUTO TUNE]     [010: 6686.26]  time:2.035218e+00  MLUPS:013608  cache block size:2660kiB  reps:2  perf err: 29.7%
OMP: Info #277: omp_set_nested routine deprecated, please use omp_set_max_active_levels instead.
[AUTO TUNE]     [010: 6320.12]  time:3.383481e+00  MLUPS:021384  cache block size:2660kiB  reps:3  perf err:  5.8%
OMP: Info #277: omp_set_nested routine deprecated, please use omp_set_max_active_levels instead.
[AUTO TUNE]     [010: 6140.01]  time:4.749178e+00  MLUPS:029160  cache block size:2660kiB  reps:4  perf err:  2.9%
OMP: Info #277: omp_set_nested routine deprecated, please use omp_set_max_active_levels instead.
[AUTO TUNE]     [010: 6047.89]  time:6.107257e+00  MLUPS:036936  cache block size:2660kiB  reps:5  perf err:  1.5%
OMP: Info #277: omp_set_nested routine deprecated, please use omp_set_max_active_levels instead.
[AUTO TUNE]     [020: 11118.93]  time:5.245109e-01  MLUPS:005832  cache block size:4560kiB  reps:1  perf err: 100.0%
OMP: Info #277: omp_set_nested routine deprecated, please use omp_set_max_active_levels instead.
[AUTO TUNE]     [020: 8649.24]  time:1.573317e+00  MLUPS:013608  cache block size:4560kiB  reps:2  perf err: 28.6%
OMP: Info #277: omp_set_nested routine deprecated, please use omp_set_max_active_levels instead.
[AUTO TUNE]     [020: 8132.22]  time:2.629542e+00  MLUPS:021384  cache block size:4560kiB  reps:3  perf err:  6.4%
OMP: Info #277: omp_set_nested routine deprecated, please use omp_set_max_active_levels instead.
[AUTO TUNE]     [020: 7919.04]  time:3.682263e+00  MLUPS:029160  cache block size:4560kiB  reps:4  perf err:  2.7%
OMP: Info #277: omp_set_nested routine deprecated, please use omp_set_max_active_levels instead.
[AUTO TUNE]     [020: 7804.80]  time:4.732472e+00  MLUPS:036936  cache block size:4560kiB  reps:5  perf err:  1.5%
OMP: Info #277: omp_set_nested routine deprecated, please use omp_set_max_active_levels instead.
[AUTO TUNE]     [030: 10951.34]  time:5.325374e-01  MLUPS:005832  cache block size:6460kiB  reps:1  perf err: 100.0%
OMP: Info #277: omp_set_nested routine deprecated, please use omp_set_max_active_levels instead.
[AUTO TUNE]     [030: 8536.90]  time:1.594021e+00  MLUPS:013608  cache block size:6460kiB  reps:2  perf err: 28.3%
OMP: Info #277: omp_set_nested routine deprecated, please use omp_set_max_active_levels instead.
[AUTO TUNE]     [030: 8049.79]  time:2.656468e+00  MLUPS:021384  cache block size:6460kiB  reps:3  perf err:  6.1%
OMP: Info #277: omp_set_nested routine deprecated, please use omp_set_max_active_levels instead.
[AUTO TUNE]     [030: 7852.41]  time:3.713508e+00  MLUPS:029160  cache block size:6460kiB  reps:4  perf err:  2.5%
OMP: Info #277: omp_set_nested routine deprecated, please use omp_set_max_active_levels instead.
[AUTO TUNE]     [030: 7669.42]  time:4.816012e+00  MLUPS:036936  cache block size:6460kiB  reps:5  perf err:  2.4%
[AUTO TUNE]   Diamond width:24  [wavefronts #: pefromance (MLUPS/s)]
OMP: Info #277: omp_set_nested routine deprecated, please use omp_set_max_active_levels instead.
[AUTO TUNE]     [010: 8083.37]  time:1.683456e+00  MLUPS:013608  cache block size:11172kiB  reps:1  perf err: 100.0%
OMP: Info #277: omp_set_nested routine deprecated, please use omp_set_max_active_levels instead.
[AUTO TUNE]     [010: 7326.96]  time:5.041112e+00  MLUPS:036936  cache block size:11172kiB  reps:2  perf err: 10.3%
OMP: Info #277: omp_set_nested routine deprecated, please use omp_set_max_active_levels instead.
[AUTO TUNE]     [010: 7190.93]  time:8.380555e+00  MLUPS:060264  cache block size:11172kiB  reps:3  perf err:  1.9%
OMP: Info #277: omp_set_nested routine deprecated, please use omp_set_max_active_levels instead.
[AUTO TUNE]     [020: 11016.83]  time:1.235201e+00  MLUPS:013608  cache block size:16112kiB  reps:1  perf err: 100.0%
OMP: Info #277: omp_set_nested routine deprecated, please use omp_set_max_active_levels instead.
[AUTO TUNE]     [020: 10853.57]  time:3.403118e+00  MLUPS:036936  cache block size:16112kiB  reps:2  perf err:  1.5%
OMP: Info #277: omp_set_nested routine deprecated, please use omp_set_max_active_levels instead.
[AUTO TUNE]     [030: 13933.85]  time:9.766145e-01  MLUPS:013608  cache block size:21052kiB  reps:1  perf err: 100.0%
OMP: Info #277: omp_set_nested routine deprecated, please use omp_set_max_active_levels instead.
[AUTO TUNE]     [030: 12593.11]  time:2.933032e+00  MLUPS:036936  cache block size:21052kiB  reps:2  perf err: 10.6%
OMP: Info #277: omp_set_nested routine deprecated, please use omp_set_max_active_levels instead.
[AUTO TUNE]     [030: 12360.55]  time:4.875510e+00  MLUPS:060264  cache block size:21052kiB  reps:3  perf err:  1.9%
OMP: Info #277: omp_set_nested routine deprecated, please use omp_set_max_active_levels instead.
[AUTO TUNE]     [040: 15449.84]  time:8.807861e-01  MLUPS:013608  cache block size:25992kiB  reps:1  perf err: 100.0%
OMP: Info #277: omp_set_nested routine deprecated, please use omp_set_max_active_levels instead.
[AUTO TUNE]     [040: 13944.29]  time:2.648826e+00  MLUPS:036936  cache block size:25992kiB  reps:2  perf err: 10.8%
OMP: Info #277: omp_set_nested routine deprecated, please use omp_set_max_active_levels instead.
[AUTO TUNE]     [040: 13727.17]  time:4.390125e+00  MLUPS:060264  cache block size:25992kiB  reps:3  perf err:  1.6%
OMP: Info #277: omp_set_nested routine deprecated, please use omp_set_max_active_levels instead.
[AUTO TUNE]     [050: 16474.18]  time:8.260198e-01  MLUPS:013608  cache block size:30932kiB  reps:1  perf err: 100.0%
OMP: Info #277: omp_set_nested routine deprecated, please use omp_set_max_active_levels instead.
[AUTO TUNE]     [050: 14707.23]  time:2.511418e+00  MLUPS:036936  cache block size:30932kiB  reps:2  perf err: 12.0%
OMP: Info #277: omp_set_nested routine deprecated, please use omp_set_max_active_levels instead.
[AUTO TUNE]     [050: 14501.73]  time:4.155641e+00  MLUPS:060264  cache block size:30932kiB  reps:3  perf err:  1.4%
OMP: Info #277: omp_set_nested routine deprecated, please use omp_set_max_active_levels instead.
[AUTO TUNE]     [060: 17495.84]  time:7.777851e-01  MLUPS:013608  cache block size:35872kiB  reps:1  perf err: 100.0%
OMP: Info #277: omp_set_nested routine deprecated, please use omp_set_max_active_levels instead.
[AUTO TUNE]     [060: 15740.82]  time:2.346511e+00  MLUPS:036936  cache block size:35872kiB  reps:2  perf err: 11.1%
OMP: Info #277: omp_set_nested routine deprecated, please use omp_set_max_active_levels instead.
[AUTO TUNE]     [060: 15394.41]  time:3.914669e+00  MLUPS:060264  cache block size:35872kiB  reps:3  perf err:  2.3%
OMP: Info #277: omp_set_nested routine deprecated, please use omp_set_max_active_levels instead.
[AUTO TUNE]     [070: 17909.85]  time:7.598055e-01  MLUPS:013608  cache block size:40812kiB  reps:1  perf err: 100.0%
OMP: Info #277: omp_set_nested routine deprecated, please use omp_set_max_active_levels instead.
[AUTO TUNE]     [070: 16370.75]  time:2.256220e+00  MLUPS:036936  cache block size:40812kiB  reps:2  perf err:  9.4%
OMP: Info #277: omp_set_nested routine deprecated, please use omp_set_max_active_levels instead.
[AUTO TUNE]     [070: 16056.55]  time:3.753235e+00  MLUPS:060264  cache block size:40812kiB  reps:3  perf err:  2.0%
OMP: Info #277: omp_set_nested routine deprecated, please use omp_set_max_active_levels instead.
[AUTO TUNE]     [080: 18782.82]  time:7.244919e-01  MLUPS:013608  cache block size:45752kiB  reps:1  perf err: 100.0%
OMP: Info #277: omp_set_nested routine deprecated, please use omp_set_max_active_levels instead.
[AUTO TUNE]     [080: 16874.05]  time:2.188923e+00  MLUPS:036936  cache block size:45752kiB  reps:2  perf err: 11.3%
OMP: Info #277: omp_set_nested routine deprecated, please use omp_set_max_active_levels instead.
[AUTO TUNE]     [080: 16508.99]  time:3.650375e+00  MLUPS:060264  cache block size:45752kiB  reps:3  perf err:  2.2%
OMP: Info #277: omp_set_nested routine deprecated, please use omp_set_max_active_levels instead.
[AUTO TUNE]     [090: 18797.62]  time:7.239214e-01  MLUPS:013608  cache block size:50692kiB  reps:1  perf err: 100.0%
OMP: Info #277: omp_set_nested routine deprecated, please use omp_set_max_active_levels instead.
[AUTO TUNE]     [090: 17454.14]  time:2.116174e+00  MLUPS:036936  cache block size:50692kiB  reps:2  perf err:  7.7%
OMP: Info #277: omp_set_nested routine deprecated, please use omp_set_max_active_levels instead.
[AUTO TUNE]     [090: 16956.72]  time:3.553990e+00  MLUPS:060264  cache block size:50692kiB  reps:3  perf err:  2.9%
OMP: Info #277: omp_set_nested routine deprecated, please use omp_set_max_active_levels instead.
[AUTO TUNE]     [090: 16612.54]  time:5.031862e+00  MLUPS:083592  cache block size:50692kiB  reps:4  perf err:  2.1%
OMP: Info #277: omp_set_nested routine deprecated, please use omp_set_max_active_levels instead.
[AUTO TUNE]     [100: 19903.43]  time:6.837013e-01  MLUPS:013608  cache block size:55632kiB  reps:1  perf err: 100.0%
OMP: Info #277: omp_set_nested routine deprecated, please use omp_set_max_active_levels instead.
[AUTO TUNE]     [100: 18050.75]  time:2.046231e+00  MLUPS:036936  cache block size:55632kiB  reps:2  perf err: 10.3%
OMP: Info #277: omp_set_nested routine deprecated, please use omp_set_max_active_levels instead.
[AUTO TUNE]     [100: 17674.86]  time:3.409589e+00  MLUPS:060264  cache block size:55632kiB  reps:3  perf err:  2.1%
OMP: Info #277: omp_set_nested routine deprecated, please use omp_set_max_active_levels instead.
[AUTO TUNE]     [110: 20236.15]  time:6.724599e-01  MLUPS:013608  cache block size:60572kiB  reps:1  perf err: 100.0%
OMP: Info #277: omp_set_nested routine deprecated, please use omp_set_max_active_levels instead.
[AUTO TUNE]     [110: 18206.41]  time:2.028736e+00  MLUPS:036936  cache block size:60572kiB  reps:2  perf err: 11.1%
OMP: Info #277: omp_set_nested routine deprecated, please use omp_set_max_active_levels instead.
[AUTO TUNE]     [110: 17957.59]  time:3.355908e+00  MLUPS:060264  cache block size:60572kiB  reps:3  perf err:  1.4%
OMP: Info #277: omp_set_nested routine deprecated, please use omp_set_max_active_levels instead.
[AUTO TUNE]     [120: 19957.30]  time:6.818556e-01  MLUPS:013608  cache block size:65512kiB  reps:1  perf err: 100.0%
OMP: Info #277: omp_set_nested routine deprecated, please use omp_set_max_active_levels instead.
[AUTO TUNE]     [120: 18553.42]  time:1.990792e+00  MLUPS:036936  cache block size:65512kiB  reps:2  perf err:  7.6%
OMP: Info #277: omp_set_nested routine deprecated, please use omp_set_max_active_levels instead.
[AUTO TUNE]     [120: 18378.77]  time:3.279001e+00  MLUPS:060264  cache block size:65512kiB  reps:3  perf err:  1.0%
OMP: Info #277: omp_set_nested routine deprecated, please use omp_set_max_active_levels instead.
[AUTO TUNE]     [130: 20940.42]  time:6.498437e-01  MLUPS:013608  cache block size:70452kiB  reps:1  perf err: 100.0%
OMP: Info #277: omp_set_nested routine deprecated, please use omp_set_max_active_levels instead.
[AUTO TUNE]     [130: 18835.42]  time:1.960987e+00  MLUPS:036936  cache block size:70452kiB  reps:2  perf err: 11.2%
OMP: Info #277: omp_set_nested routine deprecated, please use omp_set_max_active_levels instead.
[AUTO TUNE]     [130: 18309.83]  time:3.291347e+00  MLUPS:060264  cache block size:70452kiB  reps:3  perf err:  2.9%
OMP: Info #277: omp_set_nested routine deprecated, please use omp_set_max_active_levels instead.
[AUTO TUNE]     [130: 18491.55]  time:4.520550e+00  MLUPS:083592  cache block size:70452kiB  reps:4  perf err:  1.0%
OMP: Info #277: omp_set_nested routine deprecated, please use omp_set_max_active_levels instead.
[AUTO TUNE]     [140: 20876.10]  time:6.518460e-01  MLUPS:013608  cache block size:75392kiB  reps:1  perf err: 100.0%
OMP: Info #277: omp_set_nested routine deprecated, please use omp_set_max_active_levels instead.
[AUTO TUNE]     [140: 19189.00]  time:1.924853e+00  MLUPS:036936  cache block size:75392kiB  reps:2  perf err:  8.8%
OMP: Info #277: omp_set_nested routine deprecated, please use omp_set_max_active_levels instead.
[AUTO TUNE]     [140: 18580.86]  time:3.243337e+00  MLUPS:060264  cache block size:75392kiB  reps:3  perf err:  3.3%
OMP: Info #277: omp_set_nested routine deprecated, please use omp_set_max_active_levels instead.
[AUTO TUNE]     [140: 18744.91]  time:4.459451e+00  MLUPS:083592  cache block size:75392kiB  reps:4  perf err:  0.9%
OMP: Info #277: omp_set_nested routine deprecated, please use omp_set_max_active_levels instead.
[AUTO TUNE]     [150: 21426.98]  time:6.350872e-01  MLUPS:013608  cache block size:80332kiB  reps:1  perf err: 100.0%
OMP: Info #277: omp_set_nested routine deprecated, please use omp_set_max_active_levels instead.
[AUTO TUNE]     [150: 19318.63]  time:1.911937e+00  MLUPS:036936  cache block size:80332kiB  reps:2  perf err: 10.9%
OMP: Info #277: omp_set_nested routine deprecated, please use omp_set_max_active_levels instead.
[AUTO TUNE]     [150: 18643.36]  time:3.232464e+00  MLUPS:060264  cache block size:80332kiB  reps:3  perf err:  3.6%
OMP: Info #277: omp_set_nested routine deprecated, please use omp_set_max_active_levels instead.
[AUTO TUNE]     [150: 18769.37]  time:4.453638e+00  MLUPS:083592  cache block size:80332kiB  reps:4  perf err:  0.7%
OMP: Info #277: omp_set_nested routine deprecated, please use omp_set_max_active_levels instead.
[AUTO TUNE]     [160: 20854.22]  time:6.525299e-01  MLUPS:013608  cache block size:85272kiB  reps:1  perf err: 100.0%
OMP: Info #277: omp_set_nested routine deprecated, please use omp_set_max_active_levels instead.
[AUTO TUNE]     [160: 19259.12]  time:1.917844e+00  MLUPS:036936  cache block size:85272kiB  reps:2  perf err:  8.3%
OMP: Info #277: omp_set_nested routine deprecated, please use omp_set_max_active_levels instead.
[AUTO TUNE]     [160: 18938.89]  time:3.182024e+00  MLUPS:060264  cache block size:85272kiB  reps:3  perf err:  1.7%
OMP: Info #277: omp_set_nested routine deprecated, please use omp_set_max_active_levels instead.
[AUTO TUNE]     [170: 21807.34]  time:6.240100e-01  MLUPS:013608  cache block size:90212kiB  reps:1  perf err: 100.0%
OMP: Info #277: omp_set_nested routine deprecated, please use omp_set_max_active_levels instead.
[AUTO TUNE]     [170: 18725.56]  time:1.972491e+00  MLUPS:036936  cache block size:90212kiB  reps:2  perf err: 16.5%
OMP: Info #277: omp_set_nested routine deprecated, please use omp_set_max_active_levels instead.
[AUTO TUNE]     [170: 18633.05]  time:3.234253e+00  MLUPS:060264  cache block size:90212kiB  reps:3  perf err:  0.5%
[AUTO TUNE]   Diamond width:40  [wavefronts #: pefromance (MLUPS/s)]
OMP: Info #277: omp_set_nested routine deprecated, please use omp_set_max_active_levels instead.
[AUTO TUNE]     [010: 8108.26]  time:2.637309e+00  MLUPS:021384  cache block size:24548kiB  reps:1  perf err: 100.0%
OMP: Info #277: omp_set_nested routine deprecated, please use omp_set_max_active_levels instead.
[AUTO TUNE]     [010: 7560.69]  time:7.970706e+00  MLUPS:060264  cache block size:24548kiB  reps:2  perf err:  7.2%
OMP: Info #277: omp_set_nested routine deprecated, please use omp_set_max_active_levels instead.
[AUTO TUNE]     [010: 7517.52]  time:1.318839e+01  MLUPS:099144  cache block size:24548kiB  reps:3  perf err:  0.6%
OMP: Info #277: omp_set_nested routine deprecated, please use omp_set_max_active_levels instead.
[AUTO TUNE]     [020: 12409.95]  time:1.723134e+00  MLUPS:021384  cache block size:32528kiB  reps:1  perf err: 100.0%
OMP: Info #277: omp_set_nested routine deprecated, please use omp_set_max_active_levels instead.
[AUTO TUNE]     [020: 11674.86]  time:5.161863e+00  MLUPS:060264  cache block size:32528kiB  reps:2  perf err:  6.3%
OMP: Info #277: omp_set_nested routine deprecated, please use omp_set_max_active_levels instead.
[AUTO TUNE]     [020: 11555.77]  time:8.579607e+00  MLUPS:099144  cache block size:32528kiB  reps:3  perf err:  1.0%
OMP: Info #277: omp_set_nested routine deprecated, please use omp_set_max_active_levels instead.
[AUTO TUNE]     [030: 15142.50]  time:1.412185e+00  MLUPS:021384  cache block size:40508kiB  reps:1  perf err: 100.0%
OMP: Info #277: omp_set_nested routine deprecated, please use omp_set_max_active_levels instead.
[AUTO TUNE]     [030: 14269.33]  time:4.223324e+00  MLUPS:060264  cache block size:40508kiB  reps:2  perf err:  6.1%
OMP: Info #277: omp_set_nested routine deprecated, please use omp_set_max_active_levels instead.
[AUTO TUNE]     [030: 13968.43]  time:7.097719e+00  MLUPS:099144  cache block size:40508kiB  reps:3  perf err:  2.2%
OMP: Info #277: omp_set_nested routine deprecated, please use omp_set_max_active_levels instead.
[AUTO TUNE]     [040: 17189.50]  time:1.244015e+00  MLUPS:021384  cache block size:48488kiB  reps:1  perf err: 100.0%
OMP: Info #277: omp_set_nested routine deprecated, please use omp_set_max_active_levels instead.
[AUTO TUNE]     [040: 16125.95]  time:3.737083e+00  MLUPS:060264  cache block size:48488kiB  reps:2  perf err:  6.6%
OMP: Info #277: omp_set_nested routine deprecated, please use omp_set_max_active_levels instead.
[AUTO TUNE]     [040: 15602.77]  time:6.354258e+00  MLUPS:099144  cache block size:48488kiB  reps:3  perf err:  3.4%
OMP: Info #277: omp_set_nested routine deprecated, please use omp_set_max_active_levels instead.
[AUTO TUNE]     [040: 15858.74]  time:8.703338e+00  MLUPS:138024  cache block size:48488kiB  reps:4  perf err:  1.6%
OMP: Info #277: omp_set_nested routine deprecated, please use omp_set_max_active_levels instead.
[AUTO TUNE]     [050: 18345.08]  time:1.165653e+00  MLUPS:021384  cache block size:56468kiB  reps:1  perf err: 100.0%
OMP: Info #277: omp_set_nested routine deprecated, please use omp_set_max_active_levels instead.
[AUTO TUNE]     [050: 17269.38]  time:3.489645e+00  MLUPS:060264  cache block size:56468kiB  reps:2  perf err:  6.2%
OMP: Info #277: omp_set_nested routine deprecated, please use omp_set_max_active_levels instead.
[AUTO TUNE]     [050: 17026.06]  time:5.823074e+00  MLUPS:099144  cache block size:56468kiB  reps:3  perf err:  1.4%
OMP: Info #277: omp_set_nested routine deprecated, please use omp_set_max_active_levels instead.
[AUTO TUNE]     [060: 19696.04]  time:1.085700e+00  MLUPS:021384  cache block size:64448kiB  reps:1  perf err: 100.0%
OMP: Info #277: omp_set_nested routine deprecated, please use omp_set_max_active_levels instead.
[AUTO TUNE]     [060: 18485.72]  time:3.260030e+00  MLUPS:060264  cache block size:64448kiB  reps:2  perf err:  6.5%
OMP: Info #277: omp_set_nested routine deprecated, please use omp_set_max_active_levels instead.
[AUTO TUNE]     [060: 18280.25]  time:5.423559e+00  MLUPS:099144  cache block size:64448kiB  reps:3  perf err:  1.1%
OMP: Info #277: omp_set_nested routine deprecated, please use omp_set_max_active_levels instead.
[AUTO TUNE]     [070: 20469.62]  time:1.044670e+00  MLUPS:021384  cache block size:72428kiB  reps:1  perf err: 100.0%
OMP: Info #277: omp_set_nested routine deprecated, please use omp_set_max_active_levels instead.
[AUTO TUNE]     [070: 19283.56]  time:3.125150e+00  MLUPS:060264  cache block size:72428kiB  reps:2  perf err:  6.2%
OMP: Info #277: omp_set_nested routine deprecated, please use omp_set_max_active_levels instead.
[AUTO TUNE]     [070: 19074.82]  time:5.197636e+00  MLUPS:099144  cache block size:72428kiB  reps:3  perf err:  1.1%
OMP: Info #277: omp_set_nested routine deprecated, please use omp_set_max_active_levels instead.
[AUTO TUNE]     [080: 21264.04]  time:1.005642e+00  MLUPS:021384  cache block size:80408kiB  reps:1  perf err: 100.0%
OMP: Info #277: omp_set_nested routine deprecated, please use omp_set_max_active_levels instead.
[AUTO TUNE]     [080: 20109.06]  time:2.996858e+00  MLUPS:060264  cache block size:80408kiB  reps:2  perf err:  5.7%
OMP: Info #277: omp_set_nested routine deprecated, please use omp_set_max_active_levels instead.
[AUTO TUNE]     [080: 19838.63]  time:4.997523e+00  MLUPS:099144  cache block size:80408kiB  reps:3  perf err:  1.4%
OMP: Info #277: omp_set_nested routine deprecated, please use omp_set_max_active_levels instead.
[AUTO TUNE]     [090: 22004.29]  time:9.718103e-01  MLUPS:021384  cache block size:88388kiB  reps:1  perf err: 100.0%
OMP: Info #277: omp_set_nested routine deprecated, please use omp_set_max_active_levels instead.
[AUTO TUNE]     [090: 20810.49]  time:2.895847e+00  MLUPS:060264  cache block size:88388kiB  reps:2  perf err:  5.7%
OMP: Info #277: omp_set_nested routine deprecated, please use omp_set_max_active_levels instead.
[AUTO TUNE]     [090: 20058.69]  time:4.942695e+00  MLUPS:099144  cache block size:88388kiB  reps:3  perf err:  3.7%
OMP: Info #277: omp_set_nested routine deprecated, please use omp_set_max_active_levels instead.
[AUTO TUNE]     [090: 20427.09]  time:6.756910e+00  MLUPS:138024  cache block size:88388kiB  reps:4  perf err:  1.8%
OMP: Info #277: omp_set_nested routine deprecated, please use omp_set_max_active_levels instead.
[AUTO TUNE]     [100: 22271.34]  time:9.601576e-01  MLUPS:021384  cache block size:96368kiB  reps:1  perf err: 100.0%
OMP: Info #277: omp_set_nested routine deprecated, please use omp_set_max_active_levels instead.
[AUTO TUNE]     [100: 21229.11]  time:2.838743e+00  MLUPS:060264  cache block size:96368kiB  reps:2  perf err:  4.9%
OMP: Info #277: omp_set_nested routine deprecated, please use omp_set_max_active_levels instead.
[AUTO TUNE]     [100: 21054.65]  time:4.708889e+00  MLUPS:099144  cache block size:96368kiB  reps:3  perf err:  0.8%
OMP: Info #277: omp_set_nested routine deprecated, please use omp_set_max_active_levels instead.
[AUTO TUNE]     [110: 22873.66]  time:9.348743e-01  MLUPS:021384  cache block size:104348kiB  reps:1  perf err: 100.0%
OMP: Info #277: omp_set_nested routine deprecated, please use omp_set_max_active_levels instead.
[AUTO TUNE]     [110: 21569.68]  time:2.793922e+00  MLUPS:060264  cache block size:104348kiB  reps:2  perf err:  6.0%
OMP: Info #277: omp_set_nested routine deprecated, please use omp_set_max_active_levels instead.
[AUTO TUNE]     [110: 21321.15]  time:4.650030e+00  MLUPS:099144  cache block size:104348kiB  reps:3  perf err:  1.2%
OMP: Info #277: omp_set_nested routine deprecated, please use omp_set_max_active_levels instead.
[AUTO TUNE]     [120: 23273.53]  time:9.188123e-01  MLUPS:021384  cache block size:112328kiB  reps:1  perf err: 100.0%
OMP: Info #277: omp_set_nested routine deprecated, please use omp_set_max_active_levels instead.
[AUTO TUNE]     [120: 21986.91]  time:2.740904e+00  MLUPS:060264  cache block size:112328kiB  reps:2  perf err:  5.9%
OMP: Info #277: omp_set_nested routine deprecated, please use omp_set_max_active_levels instead.
[AUTO TUNE]     [120: 21787.52]  time:4.550495e+00  MLUPS:099144  cache block size:112328kiB  reps:3  perf err:  0.9%
OMP: Info #277: omp_set_nested routine deprecated, please use omp_set_max_active_levels instead.
[AUTO TUNE]     [130: 23345.84]  time:9.159661e-01  MLUPS:021384  cache block size:120308kiB  reps:1  perf err: 100.0%
OMP: Info #277: omp_set_nested routine deprecated, please use omp_set_max_active_levels instead.
[AUTO TUNE]     [130: 22124.01]  time:2.723918e+00  MLUPS:060264  cache block size:120308kiB  reps:2  perf err:  5.5%
OMP: Info #277: omp_set_nested routine deprecated, please use omp_set_max_active_levels instead.
[AUTO TUNE]     [130: 21924.28]  time:4.522110e+00  MLUPS:099144  cache block size:120308kiB  reps:3  perf err:  0.9%
OMP: Info #277: omp_set_nested routine deprecated, please use omp_set_max_active_levels instead.
[AUTO TUNE]     [140: 23927.92]  time:8.936840e-01  MLUPS:021384  cache block size:128288kiB  reps:1  perf err: 100.0%
OMP: Info #277: omp_set_nested routine deprecated, please use omp_set_max_active_levels instead.
[AUTO TUNE]     [140: 22413.80]  time:2.688701e+00  MLUPS:060264  cache block size:128288kiB  reps:2  perf err:  6.8%
OMP: Info #277: omp_set_nested routine deprecated, please use omp_set_max_active_levels instead.
[AUTO TUNE]     [140: 22166.97]  time:4.472600e+00  MLUPS:099144  cache block size:128288kiB  reps:3  perf err:  1.1%
OMP: Info #277: omp_set_nested routine deprecated, please use omp_set_max_active_levels instead.
[AUTO TUNE]     [150: 23719.51]  time:9.015363e-01  MLUPS:021384  cache block size:136268kiB  reps:1  perf err: 100.0%
OMP: Info #277: omp_set_nested routine deprecated, please use omp_set_max_active_levels instead.
[AUTO TUNE]     [150: 22390.12]  time:2.691544e+00  MLUPS:060264  cache block size:136268kiB  reps:2  perf err:  5.9%
OMP: Info #277: omp_set_nested routine deprecated, please use omp_set_max_active_levels instead.
[AUTO TUNE]     [150: 22028.00]  time:4.500817e+00  MLUPS:099144  cache block size:136268kiB  reps:3  perf err:  1.6%
[AUTO TUNE]   Diamond width:72  [wavefronts #: pefromance (MLUPS/s)]
OMP: Info #277: omp_set_nested routine deprecated, please use omp_set_max_active_levels instead.
[AUTO TUNE]     [010: 7963.67]  time:4.638064e+00  MLUPS:036936  cache block size:65892kiB  reps:1  perf err: 100.0%
OMP: Info #277: omp_set_nested routine deprecated, please use omp_set_max_active_levels instead.
[AUTO TUNE]     [010: 7861.89]  time:1.359978e+01  MLUPS:106920  cache block size:65892kiB  reps:2  perf err:  1.3%
OMP: Info #277: omp_set_nested routine deprecated, please use omp_set_max_active_levels instead.
[AUTO TUNE]     [020: 12808.10]  time:2.883801e+00  MLUPS:036936  cache block size:79952kiB  reps:1  perf err: 100.0%
OMP: Info #277: omp_set_nested routine deprecated, please use omp_set_max_active_levels instead.
[AUTO TUNE]     [020: 12308.62]  time:8.686592e+00  MLUPS:106920  cache block size:79952kiB  reps:2  perf err:  4.1%
OMP: Info #277: omp_set_nested routine deprecated, please use omp_set_max_active_levels instead.
[AUTO TUNE]     [030: 15348.08]  time:2.406555e+00  MLUPS:036936  cache block size:94012kiB  reps:1  perf err: 100.0%
OMP: Info #277: omp_set_nested routine deprecated, please use omp_set_max_active_levels instead.
[AUTO TUNE]     [030: 14808.87]  time:7.219998e+00  MLUPS:106920  cache block size:94012kiB  reps:2  perf err:  3.6%
OMP: Info #277: omp_set_nested routine deprecated, please use omp_set_max_active_levels instead.
[AUTO TUNE]     [030: 14810.39]  time:1.194459e+01  MLUPS:176904  cache block size:94012kiB  reps:3  perf err:  0.0%
OMP: Info #277: omp_set_nested routine deprecated, please use omp_set_max_active_levels instead.
[AUTO TUNE]     [040: 17447.60]  time:2.116968e+00  MLUPS:036936  cache block size:108072kiB  reps:1  perf err: 100.0%
OMP: Info #277: omp_set_nested routine deprecated, please use omp_set_max_active_levels instead.
[AUTO TUNE]     [040: 16991.73]  time:6.292473e+00  MLUPS:106920  cache block size:108072kiB  reps:2  perf err:  2.7%
OMP: Info #277: omp_set_nested routine deprecated, please use omp_set_max_active_levels instead.
[AUTO TUNE]     [040: 16714.89]  time:1.058362e+01  MLUPS:176904  cache block size:108072kiB  reps:3  perf err:  1.7%
OMP: Info #277: omp_set_nested routine deprecated, please use omp_set_max_active_levels instead.
[AUTO TUNE]     [050: 18597.97]  time:1.986023e+00  MLUPS:036936  cache block size:122132kiB  reps:1  perf err: 100.0%
OMP: Info #277: omp_set_nested routine deprecated, please use omp_set_max_active_levels instead.
[AUTO TUNE]     [050: 18085.32]  time:5.911978e+00  MLUPS:106920  cache block size:122132kiB  reps:2  perf err:  2.8%
OMP: Info #277: omp_set_nested routine deprecated, please use omp_set_max_active_levels instead.
[AUTO TUNE]     [050: 18013.55]  time:9.820610e+00  MLUPS:176904  cache block size:122132kiB  reps:3  perf err:  0.4%
OMP: Info #277: omp_set_nested routine deprecated, please use omp_set_max_active_levels instead.
[AUTO TUNE]     [060: 19986.64]  time:1.848035e+00  MLUPS:036936  cache block size:136192kiB  reps:1  perf err: 100.0%
OMP: Info #277: omp_set_nested routine deprecated, please use omp_set_max_active_levels instead.
[AUTO TUNE]     [060: 19299.28]  time:5.540104e+00  MLUPS:106920  cache block size:136192kiB  reps:2  perf err:  3.6%
OMP: Info #277: omp_set_nested routine deprecated, please use omp_set_max_active_levels instead.
[AUTO TUNE]     [060: 19318.27]  time:9.157344e+00  MLUPS:176904  cache block size:136192kiB  reps:3  perf err:  0.1%
OMP: Info #277: omp_set_nested routine deprecated, please use omp_set_max_active_levels instead.
[AUTO TUNE]     [070: 20860.50]  time:1.770619e+00  MLUPS:036936  cache block size:150252kiB  reps:1  perf err: 100.0%
OMP: Info #277: omp_set_nested routine deprecated, please use omp_set_max_active_levels instead.
[AUTO TUNE]     [070: 20158.15]  time:5.304059e+00  MLUPS:106920  cache block size:150252kiB  reps:2  perf err:  3.5%
OMP: Info #277: omp_set_nested routine deprecated, please use omp_set_max_active_levels instead.
[AUTO TUNE]     [070: 20116.33]  time:8.794050e+00  MLUPS:176904  cache block size:150252kiB  reps:3  perf err:  0.2%
OMP: Info #277: omp_set_nested routine deprecated, please use omp_set_max_active_levels instead.
[AUTO TUNE]     [080: 21712.28]  time:1.701157e+00  MLUPS:036936  cache block size:164312kiB  reps:1  perf err: 100.0%
OMP: Info #277: omp_set_nested routine deprecated, please use omp_set_max_active_levels instead.
[AUTO TUNE]     [080: 20531.17]  time:5.207691e+00  MLUPS:106920  cache block size:164312kiB  reps:2  perf err:  5.8%
OMP: Info #277: omp_set_nested routine deprecated, please use omp_set_max_active_levels instead.
[AUTO TUNE]     [080: 20951.20]  time:8.443622e+00  MLUPS:176904  cache block size:164312kiB  reps:3  perf err:  2.0%
OMP: Info #277: omp_set_nested routine deprecated, please use omp_set_max_active_levels instead.
[AUTO TUNE]     [090: 21895.82]  time:1.686897e+00  MLUPS:036936  cache block size:178372kiB  reps:1  perf err: 100.0%
OMP: Info #277: omp_set_nested routine deprecated, please use omp_set_max_active_levels instead.
[AUTO TUNE]     [090: 21124.89]  time:5.061329e+00  MLUPS:106920  cache block size:178372kiB  reps:2  perf err:  3.6%
OMP: Info #277: omp_set_nested routine deprecated, please use omp_set_max_active_levels instead.
[AUTO TUNE]     [090: 21046.54]  time:8.405373e+00  MLUPS:176904  cache block size:178372kiB  reps:3  perf err:  0.4%
OMP: Info #277: omp_set_nested routine deprecated, please use omp_set_max_active_levels instead.
[AUTO TUNE]     [100: 22205.59]  time:1.663365e+00  MLUPS:036936  cache block size:192432kiB  reps:1  perf err: 100.0%
OMP: Info #277: omp_set_nested routine deprecated, please use omp_set_max_active_levels instead.
[AUTO TUNE]     [100: 21424.71]  time:4.990498e+00  MLUPS:106920  cache block size:192432kiB  reps:2  perf err:  3.6%
OMP: Info #277: omp_set_nested routine deprecated, please use omp_set_max_active_levels instead.
[AUTO TUNE]     [100: 21284.96]  time:8.311222e+00  MLUPS:176904  cache block size:192432kiB  reps:3  perf err:  0.7%
OMP: Info #277: omp_set_nested routine deprecated, please use omp_set_max_active_levels instead.
[AUTO TUNE]     [110: 22010.57]  time:1.678103e+00  MLUPS:036936  cache block size:206492kiB  reps:1  perf err: 100.0%
OMP: Info #277: omp_set_nested routine deprecated, please use omp_set_max_active_levels instead.
[AUTO TUNE]     [110: 21319.17]  time:5.015205e+00  MLUPS:106920  cache block size:206492kiB  reps:2  perf err:  3.2%
OMP: Info #277: omp_set_nested routine deprecated, please use omp_set_max_active_levels instead.
[AUTO TUNE]     [110: 20903.22]  time:8.463002e+00  MLUPS:176904  cache block size:206492kiB  reps:3  perf err:  2.0%
[AUTO TUNE] COMPLETE tune case #18: Thread group size:30  thc:01  thx:03  thy:01  thz:10  t_dim:09  bs_z:140  perf:22166.97 MLUP/s

[AUTO TUNE] START tune case #19: Thread group size:30  thc:01  thx:02  thy:01  thz:15  Possilbe diam width: 8 24 40 72
[AUTO TUNE]   Diamond width:08  [wavefronts #: pefromance (MLUPS/s)]
OMP: Info #277: omp_set_nested routine deprecated, please use omp_set_max_active_levels instead.
[AUTO TUNE]     [015: 10704.57]  time:5.448142e-01  MLUPS:005832  cache block size:3610kiB  reps:1  perf err: 100.0%
OMP: Info #277: omp_set_nested routine deprecated, please use omp_set_max_active_levels instead.
[AUTO TUNE]     [015: 7659.68]  time:1.776575e+00  MLUPS:013608  cache block size:3610kiB  reps:2  perf err: 39.8%
OMP: Info #277: omp_set_nested routine deprecated, please use omp_set_max_active_levels instead.
[AUTO TUNE]     [015: 7856.88]  time:2.721691e+00  MLUPS:021384  cache block size:3610kiB  reps:3  perf err:  2.5%
OMP: Info #277: omp_set_nested routine deprecated, please use omp_set_max_active_levels instead.
[AUTO TUNE]     [015: 7619.75]  time:3.826900e+00  MLUPS:029160  cache block size:3610kiB  reps:4  perf err:  3.1%
OMP: Info #277: omp_set_nested routine deprecated, please use omp_set_max_active_levels instead.
[AUTO TUNE]     [015: 7503.27]  time:4.922651e+00  MLUPS:036936  cache block size:3610kiB  reps:5  perf err:  1.6%
OMP: Info #277: omp_set_nested routine deprecated, please use omp_set_max_active_levels instead.
[AUTO TUNE]     [030: 12443.91]  time:4.686628e-01  MLUPS:005832  cache block size:6460kiB  reps:1  perf err: 100.0%
OMP: Info #277: omp_set_nested routine deprecated, please use omp_set_max_active_levels instead.
[AUTO TUNE]     [030: 9642.88]  time:1.411197e+00  MLUPS:013608  cache block size:6460kiB  reps:2  perf err: 29.0%
OMP: Info #277: omp_set_nested routine deprecated, please use omp_set_max_active_levels instead.
[AUTO TUNE]     [030: 9072.88]  time:2.356915e+00  MLUPS:021384  cache block size:6460kiB  reps:3  perf err:  6.3%
OMP: Info #277: omp_set_nested routine deprecated, please use omp_set_max_active_levels instead.
[AUTO TUNE]     [030: 8798.45]  time:3.314219e+00  MLUPS:029160  cache block size:6460kiB  reps:4  perf err:  3.1%
OMP: Info #277: omp_set_nested routine deprecated, please use omp_set_max_active_levels instead.
[AUTO TUNE]     [030: 8662.21]  time:4.264037e+00  MLUPS:036936  cache block size:6460kiB  reps:5  perf err:  1.6%
OMP: Info #277: omp_set_nested routine deprecated, please use omp_set_max_active_levels instead.
[AUTO TUNE]     [045: 11514.99]  time:5.064702e-01  MLUPS:005832  cache block size:9310kiB  reps:1  perf err: 100.0%
OMP: Info #277: omp_set_nested routine deprecated, please use omp_set_max_active_levels instead.
[AUTO TUNE]     [045: 9077.53]  time:1.499086e+00  MLUPS:013608  cache block size:9310kiB  reps:2  perf err: 26.9%
OMP: Info #277: omp_set_nested routine deprecated, please use omp_set_max_active_levels instead.
[AUTO TUNE]     [045: 8464.44]  time:2.526334e+00  MLUPS:021384  cache block size:9310kiB  reps:3  perf err:  7.2%
OMP: Info #277: omp_set_nested routine deprecated, please use omp_set_max_active_levels instead.
[AUTO TUNE]     [045: 8254.98]  time:3.532413e+00  MLUPS:029160  cache block size:9310kiB  reps:4  perf err:  2.5%
OMP: Info #277: omp_set_nested routine deprecated, please use omp_set_max_active_levels instead.
[AUTO TUNE]     [045: 8096.23]  time:4.562121e+00  MLUPS:036936  cache block size:9310kiB  reps:5  perf err:  2.0%
[AUTO TUNE]   Diamond width:24  [wavefronts #: pefromance (MLUPS/s)]
OMP: Info #277: omp_set_nested routine deprecated, please use omp_set_max_active_levels instead.
[AUTO TUNE]     [015: 10690.44]  time:1.272913e+00  MLUPS:013608  cache block size:13642kiB  reps:1  perf err: 100.0%
OMP: Info #277: omp_set_nested routine deprecated, please use omp_set_max_active_levels instead.
[AUTO TUNE]     [015: 9676.02]  time:3.817270e+00  MLUPS:036936  cache block size:13642kiB  reps:2  perf err: 10.5%
OMP: Info #277: omp_set_nested routine deprecated, please use omp_set_max_active_levels instead.
[AUTO TUNE]     [015: 9498.63]  time:6.344493e+00  MLUPS:060264  cache block size:13642kiB  reps:3  perf err:  1.9%
OMP: Info #277: omp_set_nested routine deprecated, please use omp_set_max_active_levels instead.
[AUTO TUNE]     [030: 15131.83]  time:8.992965e-01  MLUPS:013608  cache block size:21052kiB  reps:1  perf err: 100.0%
OMP: Info #277: omp_set_nested routine deprecated, please use omp_set_max_active_levels instead.
[AUTO TUNE]     [030: 13556.75]  time:2.724547e+00  MLUPS:036936  cache block size:21052kiB  reps:2  perf err: 11.6%
OMP: Info #277: omp_set_nested routine deprecated, please use omp_set_max_active_levels instead.
[AUTO TUNE]     [030: 13353.05]  time:4.513126e+00  MLUPS:060264  cache block size:21052kiB  reps:3  perf err:  1.5%
OMP: Info #277: omp_set_nested routine deprecated, please use omp_set_max_active_levels instead.
[AUTO TUNE]     [045: 16702.29]  time:8.147384e-01  MLUPS:013608  cache block size:28462kiB  reps:1  perf err: 100.0%
OMP: Info #277: omp_set_nested routine deprecated, please use omp_set_max_active_levels instead.
[AUTO TUNE]     [045: 15479.25]  time:2.386162e+00  MLUPS:036936  cache block size:28462kiB  reps:2  perf err:  7.9%
OMP: Info #277: omp_set_nested routine deprecated, please use omp_set_max_active_levels instead.
[AUTO TUNE]     [045: 14435.51]  time:4.174707e+00  MLUPS:060264  cache block size:28462kiB  reps:3  perf err:  7.2%
OMP: Info #277: omp_set_nested routine deprecated, please use omp_set_max_active_levels instead.
[AUTO TUNE]     [045: 14985.83]  time:5.578070e+00  MLUPS:083592  cache block size:28462kiB  reps:4  perf err:  3.7%
OMP: Info #277: omp_set_nested routine deprecated, please use omp_set_max_active_levels instead.
[AUTO TUNE]     [045: 14946.36]  time:7.153580e+00  MLUPS:106920  cache block size:28462kiB  reps:5  perf err:  0.3%
OMP: Info #277: omp_set_nested routine deprecated, please use omp_set_max_active_levels instead.
[AUTO TUNE]     [060: 18627.50]  time:7.305328e-01  MLUPS:013608  cache block size:35872kiB  reps:1  perf err: 100.0%
OMP: Info #277: omp_set_nested routine deprecated, please use omp_set_max_active_levels instead.
[AUTO TUNE]     [060: 17395.98]  time:2.123249e+00  MLUPS:036936  cache block size:35872kiB  reps:2  perf err:  7.1%
OMP: Info #277: omp_set_nested routine deprecated, please use omp_set_max_active_levels instead.
[AUTO TUNE]     [060: 17236.83]  time:3.496234e+00  MLUPS:060264  cache block size:35872kiB  reps:3  perf err:  0.9%
OMP: Info #277: omp_set_nested routine deprecated, please use omp_set_max_active_levels instead.
[AUTO TUNE]     [075: 20695.35]  time:6.575389e-01  MLUPS:013608  cache block size:43282kiB  reps:1  perf err: 100.0%
OMP: Info #277: omp_set_nested routine deprecated, please use omp_set_max_active_levels instead.
[AUTO TUNE]     [075: 18557.44]  time:1.990361e+00  MLUPS:036936  cache block size:43282kiB  reps:2  perf err: 11.5%
OMP: Info #277: omp_set_nested routine deprecated, please use omp_set_max_active_levels instead.
[AUTO TUNE]     [075: 18419.25]  time:3.271794e+00  MLUPS:060264  cache block size:43282kiB  reps:3  perf err:  0.8%
OMP: Info #277: omp_set_nested routine deprecated, please use omp_set_max_active_levels instead.
[AUTO TUNE]     [090: 21876.63]  time:6.220337e-01  MLUPS:013608  cache block size:50692kiB  reps:1  perf err: 100.0%
OMP: Info #277: omp_set_nested routine deprecated, please use omp_set_max_active_levels instead.
[AUTO TUNE]     [090: 19777.40]  time:1.867586e+00  MLUPS:036936  cache block size:50692kiB  reps:2  perf err: 10.6%
OMP: Info #277: omp_set_nested routine deprecated, please use omp_set_max_active_levels instead.
[AUTO TUNE]     [090: 19151.75]  time:3.146657e+00  MLUPS:060264  cache block size:50692kiB  reps:3  perf err:  3.3%
OMP: Info #277: omp_set_nested routine deprecated, please use omp_set_max_active_levels instead.
[AUTO TUNE]     [090: 19256.54]  time:4.340966e+00  MLUPS:083592  cache block size:50692kiB  reps:4  perf err:  0.5%
OMP: Info #277: omp_set_nested routine deprecated, please use omp_set_max_active_levels instead.
[AUTO TUNE]     [105: 23064.61]  time:5.899947e-01  MLUPS:013608  cache block size:58102kiB  reps:1  perf err: 100.0%
OMP: Info #277: omp_set_nested routine deprecated, please use omp_set_max_active_levels instead.
[AUTO TUNE]     [105: 20894.78]  time:1.767714e+00  MLUPS:036936  cache block size:58102kiB  reps:2  perf err: 10.4%
OMP: Info #277: omp_set_nested routine deprecated, please use omp_set_max_active_levels instead.
[AUTO TUNE]     [105: 20550.69]  time:2.932456e+00  MLUPS:060264  cache block size:58102kiB  reps:3  perf err:  1.7%
OMP: Info #277: omp_set_nested routine deprecated, please use omp_set_max_active_levels instead.
[AUTO TUNE]     [120: 23746.77]  time:5.730463e-01  MLUPS:013608  cache block size:65512kiB  reps:1  perf err: 100.0%
OMP: Info #277: omp_set_nested routine deprecated, please use omp_set_max_active_levels instead.
[AUTO TUNE]     [120: 21731.44]  time:1.699657e+00  MLUPS:036936  cache block size:65512kiB  reps:2  perf err:  9.3%
OMP: Info #277: omp_set_nested routine deprecated, please use omp_set_max_active_levels instead.
[AUTO TUNE]     [120: 21282.38]  time:2.831638e+00  MLUPS:060264  cache block size:65512kiB  reps:3  perf err:  2.1%
OMP: Info #277: omp_set_nested routine deprecated, please use omp_set_max_active_levels instead.
[AUTO TUNE]     [135: 24373.56]  time:5.583099e-01  MLUPS:013608  cache block size:72922kiB  reps:1  perf err: 100.0%
OMP: Info #277: omp_set_nested routine deprecated, please use omp_set_max_active_levels instead.
[AUTO TUNE]     [135: 21888.23]  time:1.687482e+00  MLUPS:036936  cache block size:72922kiB  reps:2  perf err: 11.4%
OMP: Info #277: omp_set_nested routine deprecated, please use omp_set_max_active_levels instead.
[AUTO TUNE]     [135: 21238.05]  time:2.837549e+00  MLUPS:060264  cache block size:72922kiB  reps:3  perf err:  3.1%
OMP: Info #277: omp_set_nested routine deprecated, please use omp_set_max_active_levels instead.
[AUTO TUNE]     [135: 21270.88]  time:3.929880e+00  MLUPS:083592  cache block size:72922kiB  reps:4  perf err:  0.2%
[AUTO TUNE]   Diamond width:40  [wavefronts #: pefromance (MLUPS/s)]
OMP: Info #277: omp_set_nested routine deprecated, please use omp_set_max_active_levels instead.
[AUTO TUNE]     [015: 10896.24]  time:1.962511e+00  MLUPS:021384  cache block size:28538kiB  reps:1  perf err: 100.0%
OMP: Info #277: omp_set_nested routine deprecated, please use omp_set_max_active_levels instead.
[AUTO TUNE]     [015: 9973.64]  time:6.042326e+00  MLUPS:060264  cache block size:28538kiB  reps:2  perf err:  9.3%
OMP: Info #277: omp_set_nested routine deprecated, please use omp_set_max_active_levels instead.
[AUTO TUNE]     [015: 10097.25]  time:9.818912e+00  MLUPS:099144  cache block size:28538kiB  reps:3  perf err:  1.2%
OMP: Info #277: omp_set_nested routine deprecated, please use omp_set_max_active_levels instead.
[AUTO TUNE]     [030: 16200.18]  time:1.319985e+00  MLUPS:021384  cache block size:40508kiB  reps:1  perf err: 100.0%
OMP: Info #277: omp_set_nested routine deprecated, please use omp_set_max_active_levels instead.
[AUTO TUNE]     [030: 15189.70]  time:3.967425e+00  MLUPS:060264  cache block size:40508kiB  reps:2  perf err:  6.7%
OMP: Info #277: omp_set_nested routine deprecated, please use omp_set_max_active_levels instead.
[AUTO TUNE]     [030: 15009.70]  time:6.605327e+00  MLUPS:099144  cache block size:40508kiB  reps:3  perf err:  1.2%
OMP: Info #277: omp_set_nested routine deprecated, please use omp_set_max_active_levels instead.
[AUTO TUNE]     [045: 19128.05]  time:1.117939e+00  MLUPS:021384  cache block size:52478kiB  reps:1  perf err: 100.0%
OMP: Info #277: omp_set_nested routine deprecated, please use omp_set_max_active_levels instead.
[AUTO TUNE]     [045: 17872.97]  time:3.371795e+00  MLUPS:060264  cache block size:52478kiB  reps:2  perf err:  7.0%
OMP: Info #277: omp_set_nested routine deprecated, please use omp_set_max_active_levels instead.
[AUTO TUNE]     [045: 17691.73]  time:5.603973e+00  MLUPS:099144  cache block size:52478kiB  reps:3  perf err:  1.0%
OMP: Info #277: omp_set_nested routine deprecated, please use omp_set_max_active_levels instead.
[AUTO TUNE]     [060: 22092.09]  time:9.679484e-01  MLUPS:021384  cache block size:64448kiB  reps:1  perf err: 100.0%
OMP: Info #277: omp_set_nested routine deprecated, please use omp_set_max_active_levels instead.
[AUTO TUNE]     [060: 20760.09]  time:2.902877e+00  MLUPS:060264  cache block size:64448kiB  reps:2  perf err:  6.4%
OMP: Info #277: omp_set_nested routine deprecated, please use omp_set_max_active_levels instead.
[AUTO TUNE]     [060: 20615.46]  time:4.809207e+00  MLUPS:099144  cache block size:64448kiB  reps:3  perf err:  0.7%
OMP: Info #277: omp_set_nested routine deprecated, please use omp_set_max_active_levels instead.
[AUTO TUNE]     [075: 22811.98]  time:9.374021e-01  MLUPS:021384  cache block size:76418kiB  reps:1  perf err: 100.0%
OMP: Info #277: omp_set_nested routine deprecated, please use omp_set_max_active_levels instead.
[AUTO TUNE]     [075: 21801.11]  time:2.764263e+00  MLUPS:060264  cache block size:76418kiB  reps:2  perf err:  4.6%
OMP: Info #277: omp_set_nested routine deprecated, please use omp_set_max_active_levels instead.
[AUTO TUNE]     [075: 21724.83]  time:4.563626e+00  MLUPS:099144  cache block size:76418kiB  reps:3  perf err:  0.4%
OMP: Info #277: omp_set_nested routine deprecated, please use omp_set_max_active_levels instead.
[AUTO TUNE]     [090: 24737.96]  time:8.644207e-01  MLUPS:021384  cache block size:88388kiB  reps:1  perf err: 100.0%
OMP: Info #277: omp_set_nested routine deprecated, please use omp_set_max_active_levels instead.
[AUTO TUNE]     [090: 23241.96]  time:2.592897e+00  MLUPS:060264  cache block size:88388kiB  reps:2  perf err:  6.4%
OMP: Info #277: omp_set_nested routine deprecated, please use omp_set_max_active_levels instead.
[AUTO TUNE]     [090: 22232.72]  time:4.459373e+00  MLUPS:099144  cache block size:88388kiB  reps:3  perf err:  4.5%
OMP: Info #277: omp_set_nested routine deprecated, please use omp_set_max_active_levels instead.
[AUTO TUNE]     [090: 22910.71]  time:6.024432e+00  MLUPS:138024  cache block size:88388kiB  reps:4  perf err:  3.0%
OMP: Info #277: omp_set_nested routine deprecated, please use omp_set_max_active_levels instead.
[AUTO TUNE]     [090: 22850.74]  time:7.741717e+00  MLUPS:176904  cache block size:88388kiB  reps:5  perf err:  0.3%
OMP: Info #277: omp_set_nested routine deprecated, please use omp_set_max_active_levels instead.
[AUTO TUNE]     [105: 25423.76]  time:8.411030e-01  MLUPS:021384  cache block size:100358kiB  reps:1  perf err: 100.0%
OMP: Info #277: omp_set_nested routine deprecated, please use omp_set_max_active_levels instead.
[AUTO TUNE]     [105: 24183.57]  time:2.491940e+00  MLUPS:060264  cache block size:100358kiB  reps:2  perf err:  5.1%
OMP: Info #277: omp_set_nested routine deprecated, please use omp_set_max_active_levels instead.
[AUTO TUNE]     [105: 23906.65]  time:4.147131e+00  MLUPS:099144  cache block size:100358kiB  reps:3  perf err:  1.2%
OMP: Info #277: omp_set_nested routine deprecated, please use omp_set_max_active_levels instead.
[AUTO TUNE]     [120: 26081.04]  time:8.199058e-01  MLUPS:021384  cache block size:112328kiB  reps:1  perf err: 100.0%
OMP: Info #277: omp_set_nested routine deprecated, please use omp_set_max_active_levels instead.
[AUTO TUNE]     [120: 24957.96]  time:2.414621e+00  MLUPS:060264  cache block size:112328kiB  reps:2  perf err:  4.5%
OMP: Info #277: omp_set_nested routine deprecated, please use omp_set_max_active_levels instead.
[AUTO TUNE]     [120: 24654.13]  time:4.021395e+00  MLUPS:099144  cache block size:112328kiB  reps:3  perf err:  1.2%
OMP: Info #277: omp_set_nested routine deprecated, please use omp_set_max_active_levels instead.
[AUTO TUNE]     [135: 26574.74]  time:8.046739e-01  MLUPS:021384  cache block size:124298kiB  reps:1  perf err: 100.0%
OMP: Info #277: omp_set_nested routine deprecated, please use omp_set_max_active_levels instead.
[AUTO TUNE]     [135: 24798.55]  time:2.430142e+00  MLUPS:060264  cache block size:124298kiB  reps:2  perf err:  7.2%
OMP: Info #277: omp_set_nested routine deprecated, please use omp_set_max_active_levels instead.
[AUTO TUNE]     [135: 24437.86]  time:4.056983e+00  MLUPS:099144  cache block size:124298kiB  reps:3  perf err:  1.5%
[AUTO TUNE]   Diamond width:72  [wavefronts #: pefromance (MLUPS/s)]
OMP: Info #277: omp_set_nested routine deprecated, please use omp_set_max_active_levels instead.
[AUTO TUNE]     [015: 10903.94]  time:3.387398e+00  MLUPS:036936  cache block size:72922kiB  reps:1  perf err: 100.0%
OMP: Info #277: omp_set_nested routine deprecated, please use omp_set_max_active_levels instead.
[AUTO TUNE]     [015: 10588.29]  time:1.009795e+01  MLUPS:106920  cache block size:72922kiB  reps:2  perf err:  3.0%
OMP: Info #277: omp_set_nested routine deprecated, please use omp_set_max_active_levels instead.
[AUTO TUNE]     [030: 16293.69]  time:2.266890e+00  MLUPS:036936  cache block size:94012kiB  reps:1  perf err: 100.0%
OMP: Info #277: omp_set_nested routine deprecated, please use omp_set_max_active_levels instead.
[AUTO TUNE]     [030: 15706.73]  time:6.807275e+00  MLUPS:106920  cache block size:94012kiB  reps:2  perf err:  3.7%
OMP: Info #277: omp_set_nested routine deprecated, please use omp_set_max_active_levels instead.
[AUTO TUNE]     [030: 15893.21]  time:1.113079e+01  MLUPS:176904  cache block size:94012kiB  reps:3  perf err:  1.2%
OMP: Info #277: omp_set_nested routine deprecated, please use omp_set_max_active_levels instead.
[AUTO TUNE]     [045: 19495.07]  time:1.894633e+00  MLUPS:036936  cache block size:115102kiB  reps:1  perf err: 100.0%
OMP: Info #277: omp_set_nested routine deprecated, please use omp_set_max_active_levels instead.
[AUTO TUNE]     [045: 18871.13]  time:5.665798e+00  MLUPS:106920  cache block size:115102kiB  reps:2  perf err:  3.3%
OMP: Info #277: omp_set_nested routine deprecated, please use omp_set_max_active_levels instead.
[AUTO TUNE]     [045: 18773.74]  time:9.422948e+00  MLUPS:176904  cache block size:115102kiB  reps:3  perf err:  0.5%
OMP: Info #277: omp_set_nested routine deprecated, please use omp_set_max_active_levels instead.
[AUTO TUNE]     [060: 22523.87]  time:1.639861e+00  MLUPS:036936  cache block size:136192kiB  reps:1  perf err: 100.0%
OMP: Info #277: omp_set_nested routine deprecated, please use omp_set_max_active_levels instead.
[AUTO TUNE]     [060: 21486.56]  time:4.976135e+00  MLUPS:106920  cache block size:136192kiB  reps:2  perf err:  4.8%
OMP: Info #277: omp_set_nested routine deprecated, please use omp_set_max_active_levels instead.
[AUTO TUNE]     [060: 21540.01]  time:8.212811e+00  MLUPS:176904  cache block size:136192kiB  reps:3  perf err:  0.2%
OMP: Info #277: omp_set_nested routine deprecated, please use omp_set_max_active_levels instead.
[AUTO TUNE]     [075: 23233.70]  time:1.589760e+00  MLUPS:036936  cache block size:157282kiB  reps:1  perf err: 100.0%
OMP: Info #277: omp_set_nested routine deprecated, please use omp_set_max_active_levels instead.
[AUTO TUNE]     [075: 22230.92]  time:4.809517e+00  MLUPS:106920  cache block size:157282kiB  reps:2  perf err:  4.5%
OMP: Info #277: omp_set_nested routine deprecated, please use omp_set_max_active_levels instead.
[AUTO TUNE]     [075: 22328.41]  time:7.922822e+00  MLUPS:176904  cache block size:157282kiB  reps:3  perf err:  0.4%
OMP: Info #277: omp_set_nested routine deprecated, please use omp_set_max_active_levels instead.
[AUTO TUNE]     [090: 24498.57]  time:1.507680e+00  MLUPS:036936  cache block size:178372kiB  reps:1  perf err: 100.0%
OMP: Info #277: omp_set_nested routine deprecated, please use omp_set_max_active_levels instead.
[AUTO TUNE]     [090: 23073.21]  time:4.633946e+00  MLUPS:106920  cache block size:178372kiB  reps:2  perf err:  6.2%
OMP: Info #277: omp_set_nested routine deprecated, please use omp_set_max_active_levels instead.
[AUTO TUNE]     [090: 23400.64]  time:7.559795e+00  MLUPS:176904  cache block size:178372kiB  reps:3  perf err:  1.4%
OMP: Info #277: omp_set_nested routine deprecated, please use omp_set_max_active_levels instead.
[AUTO TUNE]     [105: 24754.29]  time:1.492105e+00  MLUPS:036936  cache block size:199462kiB  reps:1  perf err: 100.0%
OMP: Info #277: omp_set_nested routine deprecated, please use omp_set_max_active_levels instead.
[AUTO TUNE]     [105: 23827.76]  time:4.487204e+00  MLUPS:106920  cache block size:199462kiB  reps:2  perf err:  3.9%
OMP: Info #277: omp_set_nested routine deprecated, please use omp_set_max_active_levels instead.
[AUTO TUNE]     [105: 23798.40]  time:7.433442e+00  MLUPS:176904  cache block size:199462kiB  reps:3  perf err:  0.1%
OMP: Info #277: omp_set_nested routine deprecated, please use omp_set_max_active_levels instead.
[AUTO TUNE]     [120: 24042.93]  time:1.536252e+00  MLUPS:036936  cache block size:220552kiB  reps:1  perf err: 100.0%
OMP: Info #277: omp_set_nested routine deprecated, please use omp_set_max_active_levels instead.
[AUTO TUNE]     [120: 23285.29]  time:4.591740e+00  MLUPS:106920  cache block size:220552kiB  reps:2  perf err:  3.3%
OMP: Info #277: omp_set_nested routine deprecated, please use omp_set_max_active_levels instead.
[AUTO TUNE]     [120: 23280.04]  time:7.598955e+00  MLUPS:176904  cache block size:220552kiB  reps:3  perf err:  0.0%
[AUTO TUNE] COMPLETE tune case #19: Thread group size:30  thc:01  thx:02  thy:01  thz:15  t_dim:09  bs_z:120  perf:24654.13 MLUP/s

[AUTO TUNE] START tune case #20: Thread group size:30  thc:01  thx:01  thy:02  thz:15  Possilbe diam width: 8 24 40 72
[AUTO TUNE]   Diamond width:08  [wavefronts #: pefromance (MLUPS/s)]
OMP: Info #277: omp_set_nested routine deprecated, please use omp_set_max_active_levels instead.
[AUTO TUNE]     [015: 11831.33]  time:4.929285e-01  MLUPS:005832  cache block size:3610kiB  reps:1  perf err: 100.0%
OMP: Info #277: omp_set_nested routine deprecated, please use omp_set_max_active_levels instead.
[AUTO TUNE]     [015: 9187.02]  time:1.481221e+00  MLUPS:013608  cache block size:3610kiB  reps:2  perf err: 28.8%
OMP: Info #277: omp_set_nested routine deprecated, please use omp_set_max_active_levels instead.
[AUTO TUNE]     [015: 8624.37]  time:2.479486e+00  MLUPS:021384  cache block size:3610kiB  reps:3  perf err:  6.5%
OMP: Info #277: omp_set_nested routine deprecated, please use omp_set_max_active_levels instead.
[AUTO TUNE]     [015: 8402.04]  time:3.470586e+00  MLUPS:029160  cache block size:3610kiB  reps:4  perf err:  2.6%
OMP: Info #277: omp_set_nested routine deprecated, please use omp_set_max_active_levels instead.
[AUTO TUNE]     [015: 8287.22]  time:4.456985e+00  MLUPS:036936  cache block size:3610kiB  reps:5  perf err:  1.4%
OMP: Info #277: omp_set_nested routine deprecated, please use omp_set_max_active_levels instead.
[AUTO TUNE]     [030: 12664.17]  time:4.605119e-01  MLUPS:005832  cache block size:6460kiB  reps:1  perf err: 100.0%
OMP: Info #277: omp_set_nested routine deprecated, please use omp_set_max_active_levels instead.
[AUTO TUNE]     [030: 9916.48]  time:1.372261e+00  MLUPS:013608  cache block size:6460kiB  reps:2  perf err: 27.7%
OMP: Info #277: omp_set_nested routine deprecated, please use omp_set_max_active_levels instead.
[AUTO TUNE]     [030: 9335.17]  time:2.290692e+00  MLUPS:021384  cache block size:6460kiB  reps:3  perf err:  6.2%
OMP: Info #277: omp_set_nested routine deprecated, please use omp_set_max_active_levels instead.
[AUTO TUNE]     [030: 9099.53]  time:3.204560e+00  MLUPS:029160  cache block size:6460kiB  reps:4  perf err:  2.6%
OMP: Info #277: omp_set_nested routine deprecated, please use omp_set_max_active_levels instead.
[AUTO TUNE]     [030: 8641.58]  time:4.274219e+00  MLUPS:036936  cache block size:6460kiB  reps:5  perf err:  5.3%
OMP: Info #277: omp_set_nested routine deprecated, please use omp_set_max_active_levels instead.
[AUTO TUNE]     [030: 8873.12]  time:5.039038e+00  MLUPS:044712  cache block size:6460kiB  reps:6  perf err:  2.6%
OMP: Info #277: omp_set_nested routine deprecated, please use omp_set_max_active_levels instead.
[AUTO TUNE]     [030: 8752.40]  time:5.996981e+00  MLUPS:052488  cache block size:6460kiB  reps:7  perf err:  1.4%
OMP: Info #277: omp_set_nested routine deprecated, please use omp_set_max_active_levels instead.
[AUTO TUNE]     [045: 12211.79]  time:4.775714e-01  MLUPS:005832  cache block size:9310kiB  reps:1  perf err: 100.0%
OMP: Info #277: omp_set_nested routine deprecated, please use omp_set_max_active_levels instead.
[AUTO TUNE]     [045: 9552.39]  time:1.424565e+00  MLUPS:013608  cache block size:9310kiB  reps:2  perf err: 27.8%
OMP: Info #277: omp_set_nested routine deprecated, please use omp_set_max_active_levels instead.
[AUTO TUNE]     [045: 8929.50]  time:2.394758e+00  MLUPS:021384  cache block size:9310kiB  reps:3  perf err:  7.0%
OMP: Info #277: omp_set_nested routine deprecated, please use omp_set_max_active_levels instead.
[AUTO TUNE]     [045: 8756.92]  time:3.329937e+00  MLUPS:029160  cache block size:9310kiB  reps:4  perf err:  2.0%
OMP: Info #277: omp_set_nested routine deprecated, please use omp_set_max_active_levels instead.
[AUTO TUNE]     [060: 13570.36]  time:4.297602e-01  MLUPS:005832  cache block size:12160kiB  reps:1  perf err: 100.0%
OMP: Info #277: omp_set_nested routine deprecated, please use omp_set_max_active_levels instead.
[AUTO TUNE]     [060: 10576.16]  time:1.286668e+00  MLUPS:013608  cache block size:12160kiB  reps:2  perf err: 28.3%
OMP: Info #277: omp_set_nested routine deprecated, please use omp_set_max_active_levels instead.
[AUTO TUNE]     [060: 9463.96]  time:2.259520e+00  MLUPS:021384  cache block size:12160kiB  reps:3  perf err: 11.8%
OMP: Info #277: omp_set_nested routine deprecated, please use omp_set_max_active_levels instead.
[AUTO TUNE]     [060: 9598.24]  time:3.038058e+00  MLUPS:029160  cache block size:12160kiB  reps:4  perf err:  1.4%
OMP: Info #277: omp_set_nested routine deprecated, please use omp_set_max_active_levels instead.
[AUTO TUNE]     [075: 14113.45]  time:4.132228e-01  MLUPS:005832  cache block size:15010kiB  reps:1  perf err: 100.0%
OMP: Info #277: omp_set_nested routine deprecated, please use omp_set_max_active_levels instead.
[AUTO TUNE]     [075: 10297.39]  time:1.321499e+00  MLUPS:013608  cache block size:15010kiB  reps:2  perf err: 37.1%
OMP: Info #277: omp_set_nested routine deprecated, please use omp_set_max_active_levels instead.
[AUTO TUNE]     [075: 10368.51]  time:2.062398e+00  MLUPS:021384  cache block size:15010kiB  reps:3  perf err:  0.7%
OMP: Info #277: omp_set_nested routine deprecated, please use omp_set_max_active_levels instead.
[AUTO TUNE]     [090: 14928.27]  time:3.906683e-01  MLUPS:005832  cache block size:17860kiB  reps:1  perf err: 100.0%
OMP: Info #277: omp_set_nested routine deprecated, please use omp_set_max_active_levels instead.
[AUTO TUNE]     [090: 11393.48]  time:1.194367e+00  MLUPS:013608  cache block size:17860kiB  reps:2  perf err: 31.0%
OMP: Info #277: omp_set_nested routine deprecated, please use omp_set_max_active_levels instead.
[AUTO TUNE]     [090: 10497.40]  time:2.037076e+00  MLUPS:021384  cache block size:17860kiB  reps:3  perf err:  8.5%
OMP: Info #277: omp_set_nested routine deprecated, please use omp_set_max_active_levels instead.
[AUTO TUNE]     [090: 10235.22]  time:2.848986e+00  MLUPS:029160  cache block size:17860kiB  reps:4  perf err:  2.6%
OMP: Info #277: omp_set_nested routine deprecated, please use omp_set_max_active_levels instead.
[AUTO TUNE]     [090: 9759.98]  time:3.784436e+00  MLUPS:036936  cache block size:17860kiB  reps:5  perf err:  4.9%
OMP: Info #277: omp_set_nested routine deprecated, please use omp_set_max_active_levels instead.
[AUTO TUNE]     [090: 9874.46]  time:4.528043e+00  MLUPS:044712  cache block size:17860kiB  reps:6  perf err:  1.2%
[AUTO TUNE]   Diamond width:24  [wavefronts #: pefromance (MLUPS/s)]
OMP: Info #277: omp_set_nested routine deprecated, please use omp_set_max_active_levels instead.
[AUTO TUNE]     [015: 11398.49]  time:1.193842e+00  MLUPS:013608  cache block size:13642kiB  reps:1  perf err: 100.0%
OMP: Info #277: omp_set_nested routine deprecated, please use omp_set_max_active_levels instead.
[AUTO TUNE]     [015: 10369.51]  time:3.561983e+00  MLUPS:036936  cache block size:13642kiB  reps:2  perf err:  9.9%
OMP: Info #277: omp_set_nested routine deprecated, please use omp_set_max_active_levels instead.
[AUTO TUNE]     [015: 10179.87]  time:5.919920e+00  MLUPS:060264  cache block size:13642kiB  reps:3  perf err:  1.9%
OMP: Info #277: omp_set_nested routine deprecated, please use omp_set_max_active_levels instead.
[AUTO TUNE]     [030: 16583.48]  time:8.205756e-01  MLUPS:013608  cache block size:21052kiB  reps:1  perf err: 100.0%
OMP: Info #277: omp_set_nested routine deprecated, please use omp_set_max_active_levels instead.
[AUTO TUNE]     [030: 14439.79]  time:2.557932e+00  MLUPS:036936  cache block size:21052kiB  reps:2  perf err: 14.8%
OMP: Info #277: omp_set_nested routine deprecated, please use omp_set_max_active_levels instead.
[AUTO TUNE]     [030: 14782.18]  time:4.076799e+00  MLUPS:060264  cache block size:21052kiB  reps:3  perf err:  2.3%
OMP: Info #277: omp_set_nested routine deprecated, please use omp_set_max_active_levels instead.
[AUTO TUNE]     [045: 20265.33]  time:6.714916e-01  MLUPS:013608  cache block size:28462kiB  reps:1  perf err: 100.0%
OMP: Info #277: omp_set_nested routine deprecated, please use omp_set_max_active_levels instead.
[AUTO TUNE]     [045: 18243.30]  time:2.024633e+00  MLUPS:036936  cache block size:28462kiB  reps:2  perf err: 11.1%
OMP: Info #277: omp_set_nested routine deprecated, please use omp_set_max_active_levels instead.
[AUTO TUNE]     [045: 17973.60]  time:3.352919e+00  MLUPS:060264  cache block size:28462kiB  reps:3  perf err:  1.5%
OMP: Info #277: omp_set_nested routine deprecated, please use omp_set_max_active_levels instead.
[AUTO TUNE]     [060: 22910.32]  time:5.939682e-01  MLUPS:013608  cache block size:35872kiB  reps:1  perf err: 100.0%
OMP: Info #277: omp_set_nested routine deprecated, please use omp_set_max_active_levels instead.
[AUTO TUNE]     [060: 21173.36]  time:1.744456e+00  MLUPS:036936  cache block size:35872kiB  reps:2  perf err:  8.2%
OMP: Info #277: omp_set_nested routine deprecated, please use omp_set_max_active_levels instead.
[AUTO TUNE]     [060: 21004.39]  time:2.869115e+00  MLUPS:060264  cache block size:35872kiB  reps:3  perf err:  0.8%
OMP: Info #277: omp_set_nested routine deprecated, please use omp_set_max_active_levels instead.
[AUTO TUNE]     [075: 25061.84]  time:5.429770e-01  MLUPS:013608  cache block size:43282kiB  reps:1  perf err: 100.0%
OMP: Info #277: omp_set_nested routine deprecated, please use omp_set_max_active_levels instead.
[AUTO TUNE]     [075: 23295.44]  time:1.585546e+00  MLUPS:036936  cache block size:43282kiB  reps:2  perf err:  7.6%
OMP: Info #277: omp_set_nested routine deprecated, please use omp_set_max_active_levels instead.
[AUTO TUNE]     [075: 22576.75]  time:2.669294e+00  MLUPS:060264  cache block size:43282kiB  reps:3  perf err:  3.2%
OMP: Info #277: omp_set_nested routine deprecated, please use omp_set_max_active_levels instead.
[AUTO TUNE]     [075: 21834.33]  time:3.828467e+00  MLUPS:083592  cache block size:43282kiB  reps:4  perf err:  3.4%
OMP: Info #277: omp_set_nested routine deprecated, please use omp_set_max_active_levels instead.
[AUTO TUNE]     [075: 21954.39]  time:4.870097e+00  MLUPS:106920  cache block size:43282kiB  reps:5  perf err:  0.5%
OMP: Info #277: omp_set_nested routine deprecated, please use omp_set_max_active_levels instead.
[AUTO TUNE]     [090: 27173.82]  time:5.007762e-01  MLUPS:013608  cache block size:50692kiB  reps:1  perf err: 100.0%
OMP: Info #277: omp_set_nested routine deprecated, please use omp_set_max_active_levels instead.
[AUTO TUNE]     [090: 24109.18]  time:1.532031e+00  MLUPS:036936  cache block size:50692kiB  reps:2  perf err: 12.7%
OMP: Info #277: omp_set_nested routine deprecated, please use omp_set_max_active_levels instead.
[AUTO TUNE]     [090: 24927.45]  time:2.417576e+00  MLUPS:060264  cache block size:50692kiB  reps:3  perf err:  3.3%
OMP: Info #277: omp_set_nested routine deprecated, please use omp_set_max_active_levels instead.
[AUTO TUNE]     [090: 24504.52]  time:3.411289e+00  MLUPS:083592  cache block size:50692kiB  reps:4  perf err:  1.7%
OMP: Info #277: omp_set_nested routine deprecated, please use omp_set_max_active_levels instead.
[AUTO TUNE]     [105: 28800.88]  time:4.724856e-01  MLUPS:013608  cache block size:58102kiB  reps:1  perf err: 100.0%
OMP: Info #277: omp_set_nested routine deprecated, please use omp_set_max_active_levels instead.
[AUTO TUNE]     [105: 25907.00]  time:1.425715e+00  MLUPS:036936  cache block size:58102kiB  reps:2  perf err: 11.2%
OMP: Info #277: omp_set_nested routine deprecated, please use omp_set_max_active_levels instead.
[AUTO TUNE]     [105: 26296.31]  time:2.291729e+00  MLUPS:060264  cache block size:58102kiB  reps:3  perf err:  1.5%
OMP: Info #277: omp_set_nested routine deprecated, please use omp_set_max_active_levels instead.
[AUTO TUNE]     [120: 29904.87]  time:4.550430e-01  MLUPS:013608  cache block size:65512kiB  reps:1  perf err: 100.0%
OMP: Info #277: omp_set_nested routine deprecated, please use omp_set_max_active_levels instead.
[AUTO TUNE]     [120: 27608.63]  time:1.337843e+00  MLUPS:036936  cache block size:65512kiB  reps:2  perf err:  8.3%
OMP: Info #277: omp_set_nested routine deprecated, please use omp_set_max_active_levels instead.
[AUTO TUNE]     [120: 26658.06]  time:2.260630e+00  MLUPS:060264  cache block size:65512kiB  reps:3  perf err:  3.6%
OMP: Info #277: omp_set_nested routine deprecated, please use omp_set_max_active_levels instead.
[AUTO TUNE]     [120: 26634.84]  time:3.138446e+00  MLUPS:083592  cache block size:65512kiB  reps:4  perf err:  0.1%
OMP: Info #277: omp_set_nested routine deprecated, please use omp_set_max_active_levels instead.
[AUTO TUNE]     [135: 29448.65]  time:4.620925e-01  MLUPS:013608  cache block size:72922kiB  reps:1  perf err: 100.0%
OMP: Info #277: omp_set_nested routine deprecated, please use omp_set_max_active_levels instead.
[AUTO TUNE]     [135: 27635.06]  time:1.336563e+00  MLUPS:036936  cache block size:72922kiB  reps:2  perf err:  6.6%
OMP: Info #277: omp_set_nested routine deprecated, please use omp_set_max_active_levels instead.
[AUTO TUNE]     [135: 27020.63]  time:2.230296e+00  MLUPS:060264  cache block size:72922kiB  reps:3  perf err:  2.3%
OMP: Info #277: omp_set_nested routine deprecated, please use omp_set_max_active_levels instead.
[AUTO TUNE]     [150: 29938.90]  time:4.545257e-01  MLUPS:013608  cache block size:80332kiB  reps:1  perf err: 100.0%
OMP: Info #277: omp_set_nested routine deprecated, please use omp_set_max_active_levels instead.
[AUTO TUNE]     [150: 28639.83]  time:1.289672e+00  MLUPS:036936  cache block size:80332kiB  reps:2  perf err:  4.5%
OMP: Info #277: omp_set_nested routine deprecated, please use omp_set_max_active_levels instead.
[AUTO TUNE]     [150: 27029.60]  time:2.229556e+00  MLUPS:060264  cache block size:80332kiB  reps:3  perf err:  6.0%
OMP: Info #277: omp_set_nested routine deprecated, please use omp_set_max_active_levels instead.
[AUTO TUNE]     [150: 26353.26]  time:3.171979e+00  MLUPS:083592  cache block size:80332kiB  reps:4  perf err:  2.6%
OMP: Info #277: omp_set_nested routine deprecated, please use omp_set_max_active_levels instead.
[AUTO TUNE]     [150: 27494.89]  time:3.888723e+00  MLUPS:106920  cache block size:80332kiB  reps:5  perf err:  4.2%
OMP: Info #277: omp_set_nested routine deprecated, please use omp_set_max_active_levels instead.
[AUTO TUNE]     [150: 27408.49]  time:4.752103e+00  MLUPS:130248  cache block size:80332kiB  reps:6  perf err:  0.3%
OMP: Info #277: omp_set_nested routine deprecated, please use omp_set_max_active_levels instead.
[AUTO TUNE]     [165: 30373.43]  time:4.480231e-01  MLUPS:013608  cache block size:87742kiB  reps:1  perf err: 100.0%
OMP: Info #277: omp_set_nested routine deprecated, please use omp_set_max_active_levels instead.
[AUTO TUNE]     [165: 26827.42]  time:1.376800e+00  MLUPS:036936  cache block size:87742kiB  reps:2  perf err: 13.2%
OMP: Info #277: omp_set_nested routine deprecated, please use omp_set_max_active_levels instead.
[AUTO TUNE]     [165: 27521.55]  time:2.189702e+00  MLUPS:060264  cache block size:87742kiB  reps:3  perf err:  2.5%
OMP: Info #277: omp_set_nested routine deprecated, please use omp_set_max_active_levels instead.
[AUTO TUNE]     [165: 26398.48]  time:3.166546e+00  MLUPS:083592  cache block size:87742kiB  reps:4  perf err:  4.3%
OMP: Info #277: omp_set_nested routine deprecated, please use omp_set_max_active_levels instead.
[AUTO TUNE]     [165: 26587.55]  time:4.021431e+00  MLUPS:106920  cache block size:87742kiB  reps:5  perf err:  0.7%
[AUTO TUNE]   Diamond width:40  [wavefronts #: pefromance (MLUPS/s)]
OMP: Info #277: omp_set_nested routine deprecated, please use omp_set_max_active_levels instead.
[AUTO TUNE]     [015: 11364.61]  time:1.881631e+00  MLUPS:021384  cache block size:28538kiB  reps:1  perf err: 100.0%
OMP: Info #277: omp_set_nested routine deprecated, please use omp_set_max_active_levels instead.
[AUTO TUNE]     [015: 10778.17]  time:5.591300e+00  MLUPS:060264  cache block size:28538kiB  reps:2  perf err:  5.4%
OMP: Info #277: omp_set_nested routine deprecated, please use omp_set_max_active_levels instead.
[AUTO TUNE]     [015: 10637.74]  time:9.320026e+00  MLUPS:099144  cache block size:28538kiB  reps:3  perf err:  1.3%
OMP: Info #277: omp_set_nested routine deprecated, please use omp_set_max_active_levels instead.
[AUTO TUNE]     [030: 18002.65]  time:1.187825e+00  MLUPS:021384  cache block size:40508kiB  reps:1  perf err: 100.0%
OMP: Info #277: omp_set_nested routine deprecated, please use omp_set_max_active_levels instead.
[AUTO TUNE]     [030: 16779.07]  time:3.591617e+00  MLUPS:060264  cache block size:40508kiB  reps:2  perf err:  7.3%
OMP: Info #277: omp_set_nested routine deprecated, please use omp_set_max_active_levels instead.
[AUTO TUNE]     [030: 16625.49]  time:5.963375e+00  MLUPS:099144  cache block size:40508kiB  reps:3  perf err:  0.9%
OMP: Info #277: omp_set_nested routine deprecated, please use omp_set_max_active_levels instead.
[AUTO TUNE]     [045: 23194.18]  time:9.219554e-01  MLUPS:021384  cache block size:52478kiB  reps:1  perf err: 100.0%
OMP: Info #277: omp_set_nested routine deprecated, please use omp_set_max_active_levels instead.
[AUTO TUNE]     [045: 21969.93]  time:2.743022e+00  MLUPS:060264  cache block size:52478kiB  reps:2  perf err:  5.6%
OMP: Info #277: omp_set_nested routine deprecated, please use omp_set_max_active_levels instead.
[AUTO TUNE]     [045: 21680.59]  time:4.572938e+00  MLUPS:099144  cache block size:52478kiB  reps:3  perf err:  1.3%
OMP: Info #277: omp_set_nested routine deprecated, please use omp_set_max_active_levels instead.
[AUTO TUNE]     [060: 27563.77]  time:7.758009e-01  MLUPS:021384  cache block size:64448kiB  reps:1  perf err: 100.0%
OMP: Info #277: omp_set_nested routine deprecated, please use omp_set_max_active_levels instead.
[AUTO TUNE]     [060: 26354.27]  time:2.286688e+00  MLUPS:060264  cache block size:64448kiB  reps:2  perf err:  4.6%
OMP: Info #277: omp_set_nested routine deprecated, please use omp_set_max_active_levels instead.
[AUTO TUNE]     [060: 25321.87]  time:3.915351e+00  MLUPS:099144  cache block size:64448kiB  reps:3  perf err:  4.1%
OMP: Info #277: omp_set_nested routine deprecated, please use omp_set_max_active_levels instead.
[AUTO TUNE]     [060: 25903.83]  time:5.328323e+00  MLUPS:138024  cache block size:64448kiB  reps:4  perf err:  2.2%
OMP: Info #277: omp_set_nested routine deprecated, please use omp_set_max_active_levels instead.
[AUTO TUNE]     [075: 30590.52]  time:6.990402e-01  MLUPS:021384  cache block size:76418kiB  reps:1  perf err: 100.0%
OMP: Info #277: omp_set_nested routine deprecated, please use omp_set_max_active_levels instead.
[AUTO TUNE]     [075: 28831.55]  time:2.090210e+00  MLUPS:060264  cache block size:76418kiB  reps:2  perf err:  6.1%
OMP: Info #277: omp_set_nested routine deprecated, please use omp_set_max_active_levels instead.
[AUTO TUNE]     [075: 28661.32]  time:3.459157e+00  MLUPS:099144  cache block size:76418kiB  reps:3  perf err:  0.6%
OMP: Info #277: omp_set_nested routine deprecated, please use omp_set_max_active_levels instead.
[AUTO TUNE]     [090: 32530.15]  time:6.573594e-01  MLUPS:021384  cache block size:88388kiB  reps:1  perf err: 100.0%
OMP: Info #277: omp_set_nested routine deprecated, please use omp_set_max_active_levels instead.
[AUTO TUNE]     [090: 30499.71]  time:1.975888e+00  MLUPS:060264  cache block size:88388kiB  reps:2  perf err:  6.7%
OMP: Info #277: omp_set_nested routine deprecated, please use omp_set_max_active_levels instead.
[AUTO TUNE]     [090: 30614.17]  time:3.238500e+00  MLUPS:099144  cache block size:88388kiB  reps:3  perf err:  0.4%
OMP: Info #277: omp_set_nested routine deprecated, please use omp_set_max_active_levels instead.
[AUTO TUNE]     [105: 33791.36]  time:6.328244e-01  MLUPS:021384  cache block size:100358kiB  reps:1  perf err: 100.0%
OMP: Info #277: omp_set_nested routine deprecated, please use omp_set_max_active_levels instead.
[AUTO TUNE]     [105: 32036.66]  time:1.881095e+00  MLUPS:060264  cache block size:100358kiB  reps:2  perf err:  5.5%
OMP: Info #277: omp_set_nested routine deprecated, please use omp_set_max_active_levels instead.
[AUTO TUNE]     [105: 32110.16]  time:3.087621e+00  MLUPS:099144  cache block size:100358kiB  reps:3  perf err:  0.2%
OMP: Info #277: omp_set_nested routine deprecated, please use omp_set_max_active_levels instead.
[AUTO TUNE]     [120: 35465.20]  time:6.029573e-01  MLUPS:021384  cache block size:112328kiB  reps:1  perf err: 100.0%
OMP: Info #277: omp_set_nested routine deprecated, please use omp_set_max_active_levels instead.
[AUTO TUNE]     [120: 33598.33]  time:1.793661e+00  MLUPS:060264  cache block size:112328kiB  reps:2  perf err:  5.6%
OMP: Info #277: omp_set_nested routine deprecated, please use omp_set_max_active_levels instead.
[AUTO TUNE]     [120: 33160.01]  time:2.989866e+00  MLUPS:099144  cache block size:112328kiB  reps:3  perf err:  1.3%
OMP: Info #277: omp_set_nested routine deprecated, please use omp_set_max_active_levels instead.
[AUTO TUNE]     [135: 34983.25]  time:6.112640e-01  MLUPS:021384  cache block size:124298kiB  reps:1  perf err: 100.0%
OMP: Info #277: omp_set_nested routine deprecated, please use omp_set_max_active_levels instead.
[AUTO TUNE]     [135: 32273.15]  time:1.867311e+00  MLUPS:060264  cache block size:124298kiB  reps:2  perf err:  8.4%
OMP: Info #277: omp_set_nested routine deprecated, please use omp_set_max_active_levels instead.
[AUTO TUNE]     [135: 32855.28]  time:3.017597e+00  MLUPS:099144  cache block size:124298kiB  reps:3  perf err:  1.8%
[AUTO TUNE]   Diamond width:72  [wavefronts #: pefromance (MLUPS/s)]
OMP: Info #277: omp_set_nested routine deprecated, please use omp_set_max_active_levels instead.
[AUTO TUNE]     [015: 11408.30]  time:3.237642e+00  MLUPS:036936  cache block size:72922kiB  reps:1  perf err: 100.0%
OMP: Info #277: omp_set_nested routine deprecated, please use omp_set_max_active_levels instead.
[AUTO TUNE]     [015: 11123.04]  time:9.612477e+00  MLUPS:106920  cache block size:72922kiB  reps:2  perf err:  2.6%
OMP: Info #277: omp_set_nested routine deprecated, please use omp_set_max_active_levels instead.
[AUTO TUNE]     [030: 18319.47]  time:2.016215e+00  MLUPS:036936  cache block size:94012kiB  reps:1  perf err: 100.0%
OMP: Info #277: omp_set_nested routine deprecated, please use omp_set_max_active_levels instead.
[AUTO TUNE]     [030: 17717.33]  time:6.034770e+00  MLUPS:106920  cache block size:94012kiB  reps:2  perf err:  3.4%
OMP: Info #277: omp_set_nested routine deprecated, please use omp_set_max_active_levels instead.
[AUTO TUNE]     [030: 17467.90]  time:1.012738e+01  MLUPS:176904  cache block size:94012kiB  reps:3  perf err:  1.4%
OMP: Info #277: omp_set_nested routine deprecated, please use omp_set_max_active_levels instead.
[AUTO TUNE]     [045: 23430.71]  time:1.576393e+00  MLUPS:036936  cache block size:115102kiB  reps:1  perf err: 100.0%
OMP: Info #277: omp_set_nested routine deprecated, please use omp_set_max_active_levels instead.
[AUTO TUNE]     [045: 22717.89]  time:4.706424e+00  MLUPS:106920  cache block size:115102kiB  reps:2  perf err:  3.1%
OMP: Info #277: omp_set_nested routine deprecated, please use omp_set_max_active_levels instead.
[AUTO TUNE]     [045: 22831.95]  time:7.748090e+00  MLUPS:176904  cache block size:115102kiB  reps:3  perf err:  0.5%
OMP: Info #277: omp_set_nested routine deprecated, please use omp_set_max_active_levels instead.
[AUTO TUNE]     [060: 28745.86]  time:1.284916e+00  MLUPS:036936  cache block size:136192kiB  reps:1  perf err: 100.0%
OMP: Info #277: omp_set_nested routine deprecated, please use omp_set_max_active_levels instead.
[AUTO TUNE]     [060: 27822.23]  time:3.842971e+00  MLUPS:106920  cache block size:136192kiB  reps:2  perf err:  3.3%
OMP: Info #277: omp_set_nested routine deprecated, please use omp_set_max_active_levels instead.
[AUTO TUNE]     [060: 27829.76]  time:6.356648e+00  MLUPS:176904  cache block size:136192kiB  reps:3  perf err:  0.0%
OMP: Info #277: omp_set_nested routine deprecated, please use omp_set_max_active_levels instead.
[AUTO TUNE]     [075: 31215.01]  time:1.183277e+00  MLUPS:036936  cache block size:157282kiB  reps:1  perf err: 100.0%
OMP: Info #277: omp_set_nested routine deprecated, please use omp_set_max_active_levels instead.
[AUTO TUNE]     [075: 30182.48]  time:3.542453e+00  MLUPS:106920  cache block size:157282kiB  reps:2  perf err:  3.4%
OMP: Info #277: omp_set_nested routine deprecated, please use omp_set_max_active_levels instead.
[AUTO TUNE]     [075: 30330.15]  time:5.832612e+00  MLUPS:176904  cache block size:157282kiB  reps:3  perf err:  0.5%
OMP: Info #277: omp_set_nested routine deprecated, please use omp_set_max_active_levels instead.
[AUTO TUNE]     [090: 33807.69]  time:1.092533e+00  MLUPS:036936  cache block size:178372kiB  reps:1  perf err: 100.0%
OMP: Info #277: omp_set_nested routine deprecated, please use omp_set_max_active_levels instead.
[AUTO TUNE]     [090: 32555.57]  time:3.284230e+00  MLUPS:106920  cache block size:178372kiB  reps:2  perf err:  3.8%
OMP: Info #277: omp_set_nested routine deprecated, please use omp_set_max_active_levels instead.
[AUTO TUNE]     [090: 32549.67]  time:5.434894e+00  MLUPS:176904  cache block size:178372kiB  reps:3  perf err:  0.0%
OMP: Info #277: omp_set_nested routine deprecated, please use omp_set_max_active_levels instead.
[AUTO TUNE]     [105: 34058.89]  time:1.084474e+00  MLUPS:036936  cache block size:199462kiB  reps:1  perf err: 100.0%
OMP: Info #277: omp_set_nested routine deprecated, please use omp_set_max_active_levels instead.
[AUTO TUNE]     [105: 32267.36]  time:3.313566e+00  MLUPS:106920  cache block size:199462kiB  reps:2  perf err:  5.6%
OMP: Info #277: omp_set_nested routine deprecated, please use omp_set_max_active_levels instead.
[AUTO TUNE]     [105: 32709.38]  time:5.408357e+00  MLUPS:176904  cache block size:199462kiB  reps:3  perf err:  1.4%
OMP: Info #277: omp_set_nested routine deprecated, please use omp_set_max_active_levels instead.
[AUTO TUNE]     [120: 34514.69]  time:1.070153e+00  MLUPS:036936  cache block size:220552kiB  reps:1  perf err: 100.0%
OMP: Info #277: omp_set_nested routine deprecated, please use omp_set_max_active_levels instead.
[AUTO TUNE]     [120: 33332.02]  time:3.207727e+00  MLUPS:106920  cache block size:220552kiB  reps:2  perf err:  3.5%
OMP: Info #277: omp_set_nested routine deprecated, please use omp_set_max_active_levels instead.
[AUTO TUNE]     [120: 33502.33]  time:5.280349e+00  MLUPS:176904  cache block size:220552kiB  reps:3  perf err:  0.5%
OMP: Info #277: omp_set_nested routine deprecated, please use omp_set_max_active_levels instead.
[AUTO TUNE]     [135: 34222.03]  time:1.079305e+00  MLUPS:036936  cache block size:241642kiB  reps:1  perf err: 100.0%
OMP: Info #277: omp_set_nested routine deprecated, please use omp_set_max_active_levels instead.
[AUTO TUNE]     [135: 32703.73]  time:3.269351e+00  MLUPS:106920  cache block size:241642kiB  reps:2  perf err:  4.6%
OMP: Info #277: omp_set_nested routine deprecated, please use omp_set_max_active_levels instead.
[AUTO TUNE]     [135: 33320.45]  time:5.309171e+00  MLUPS:176904  cache block size:241642kiB  reps:3  perf err:  1.9%
[AUTO TUNE] COMPLETE tune case #20: Thread group size:30  thc:01  thx:01  thy:02  thz:15  t_dim:17  bs_z:120  perf:33502.33 MLUP/s

[AUTO TUNE] START tune case #21: Thread group size:30  thc:01  thx:01  thy:01  thz:30  Possilbe diam width: 8 24 40 72
[AUTO TUNE]   Diamond width:08  [wavefronts #: pefromance (MLUPS/s)]
OMP: Info #277: omp_set_nested routine deprecated, please use omp_set_max_active_levels instead.
[AUTO TUNE]     [030: 15599.21]  time:3.738650e-01  MLUPS:005832  cache block size:6460kiB  reps:1  perf err: 100.0%
OMP: Info #277: omp_set_nested routine deprecated, please use omp_set_max_active_levels instead.
[AUTO TUNE]     [030: 12041.45]  time:1.130097e+00  MLUPS:013608  cache block size:6460kiB  reps:2  perf err: 29.5%
OMP: Info #277: omp_set_nested routine deprecated, please use omp_set_max_active_levels instead.
[AUTO TUNE]     [030: 11401.40]  time:1.875559e+00  MLUPS:021384  cache block size:6460kiB  reps:3  perf err:  5.6%
OMP: Info #277: omp_set_nested routine deprecated, please use omp_set_max_active_levels instead.
[AUTO TUNE]     [030: 10937.32]  time:2.666101e+00  MLUPS:029160  cache block size:6460kiB  reps:4  perf err:  4.2%
OMP: Info #277: omp_set_nested routine deprecated, please use omp_set_max_active_levels instead.
[AUTO TUNE]     [030: 10862.39]  time:3.400358e+00  MLUPS:036936  cache block size:6460kiB  reps:5  perf err:  0.7%
OMP: Info #277: omp_set_nested routine deprecated, please use omp_set_max_active_levels instead.
[AUTO TUNE]     [060: 13834.91]  time:4.215424e-01  MLUPS:005832  cache block size:12160kiB  reps:1  perf err: 100.0%
OMP: Info #277: omp_set_nested routine deprecated, please use omp_set_max_active_levels instead.
[AUTO TUNE]     [060: 10821.50]  time:1.257497e+00  MLUPS:013608  cache block size:12160kiB  reps:2  perf err: 27.8%
OMP: Info #277: omp_set_nested routine deprecated, please use omp_set_max_active_levels instead.
[AUTO TUNE]     [060: 10189.23]  time:2.098686e+00  MLUPS:021384  cache block size:12160kiB  reps:3  perf err:  6.2%
OMP: Info #277: omp_set_nested routine deprecated, please use omp_set_max_active_levels instead.
[AUTO TUNE]     [060: 9922.88]  time:2.938662e+00  MLUPS:029160  cache block size:12160kiB  reps:4  perf err:  2.7%
OMP: Info #277: omp_set_nested routine deprecated, please use omp_set_max_active_levels instead.
[AUTO TUNE]     [060: 9803.76]  time:3.767533e+00  MLUPS:036936  cache block size:12160kiB  reps:5  perf err:  1.2%
[AUTO TUNE]   Diamond width:24  [wavefronts #: pefromance (MLUPS/s)]
OMP: Info #277: omp_set_nested routine deprecated, please use omp_set_max_active_levels instead.
[AUTO TUNE]     [030: 16359.24]  time:8.318235e-01  MLUPS:013608  cache block size:21052kiB  reps:1  perf err: 100.0%
OMP: Info #277: omp_set_nested routine deprecated, please use omp_set_max_active_levels instead.
[AUTO TUNE]     [030: 14965.10]  time:2.468142e+00  MLUPS:036936  cache block size:21052kiB  reps:2  perf err:  9.3%
OMP: Info #277: omp_set_nested routine deprecated, please use omp_set_max_active_levels instead.
[AUTO TUNE]     [030: 14593.53]  time:4.129501e+00  MLUPS:060264  cache block size:21052kiB  reps:3  perf err:  2.5%
OMP: Info #277: omp_set_nested routine deprecated, please use omp_set_max_active_levels instead.
[AUTO TUNE]     [030: 14489.36]  time:5.769200e+00  MLUPS:083592  cache block size:21052kiB  reps:4  perf err:  0.7%
OMP: Info #277: omp_set_nested routine deprecated, please use omp_set_max_active_levels instead.
[AUTO TUNE]     [060: 19518.98]  time:6.971675e-01  MLUPS:013608  cache block size:35872kiB  reps:1  perf err: 100.0%
OMP: Info #277: omp_set_nested routine deprecated, please use omp_set_max_active_levels instead.
[AUTO TUNE]     [060: 17488.77]  time:2.111984e+00  MLUPS:036936  cache block size:35872kiB  reps:2  perf err: 11.6%
OMP: Info #277: omp_set_nested routine deprecated, please use omp_set_max_active_levels instead.
[AUTO TUNE]     [060: 16673.27]  time:3.614408e+00  MLUPS:060264  cache block size:35872kiB  reps:3  perf err:  4.9%
OMP: Info #277: omp_set_nested routine deprecated, please use omp_set_max_active_levels instead.
[AUTO TUNE]     [060: 17019.90]  time:4.911428e+00  MLUPS:083592  cache block size:35872kiB  reps:4  perf err:  2.0%
OMP: Info #277: omp_set_nested routine deprecated, please use omp_set_max_active_levels instead.
[AUTO TUNE]     [090: 20658.65]  time:6.587072e-01  MLUPS:013608  cache block size:50692kiB  reps:1  perf err: 100.0%
OMP: Info #277: omp_set_nested routine deprecated, please use omp_set_max_active_levels instead.
[AUTO TUNE]     [090: 18786.24]  time:1.966120e+00  MLUPS:036936  cache block size:50692kiB  reps:2  perf err: 10.0%
OMP: Info #277: omp_set_nested routine deprecated, please use omp_set_max_active_levels instead.
[AUTO TUNE]     [090: 17792.62]  time:3.387022e+00  MLUPS:060264  cache block size:50692kiB  reps:3  perf err:  5.6%
OMP: Info #277: omp_set_nested routine deprecated, please use omp_set_max_active_levels instead.
[AUTO TUNE]     [090: 18308.73]  time:4.565690e+00  MLUPS:083592  cache block size:50692kiB  reps:4  perf err:  2.8%
OMP: Info #277: omp_set_nested routine deprecated, please use omp_set_max_active_levels instead.
[AUTO TUNE]     [090: 18493.90]  time:5.781367e+00  MLUPS:106920  cache block size:50692kiB  reps:5  perf err:  1.0%
OMP: Info #277: omp_set_nested routine deprecated, please use omp_set_max_active_levels instead.
[AUTO TUNE]     [120: 22984.92]  time:5.920404e-01  MLUPS:013608  cache block size:65512kiB  reps:1  perf err: 100.0%
OMP: Info #277: omp_set_nested routine deprecated, please use omp_set_max_active_levels instead.
[AUTO TUNE]     [120: 21508.58]  time:1.717268e+00  MLUPS:036936  cache block size:65512kiB  reps:2  perf err:  6.9%
OMP: Info #277: omp_set_nested routine deprecated, please use omp_set_max_active_levels instead.
[AUTO TUNE]     [120: 21117.15]  time:2.853794e+00  MLUPS:060264  cache block size:65512kiB  reps:3  perf err:  1.9%
OMP: Info #277: omp_set_nested routine deprecated, please use omp_set_max_active_levels instead.
[AUTO TUNE]     [150: 25025.23]  time:5.437713e-01  MLUPS:013608  cache block size:80332kiB  reps:1  perf err: 100.0%
OMP: Info #277: omp_set_nested routine deprecated, please use omp_set_max_active_levels instead.
[AUTO TUNE]     [150: 23647.07]  time:1.561969e+00  MLUPS:036936  cache block size:80332kiB  reps:2  perf err:  5.8%
OMP: Info #277: omp_set_nested routine deprecated, please use omp_set_max_active_levels instead.
[AUTO TUNE]     [150: 22930.36]  time:2.628131e+00  MLUPS:060264  cache block size:80332kiB  reps:3  perf err:  3.1%
OMP: Info #277: omp_set_nested routine deprecated, please use omp_set_max_active_levels instead.
[AUTO TUNE]     [150: 22713.88]  time:3.680217e+00  MLUPS:083592  cache block size:80332kiB  reps:4  perf err:  1.0%
OMP: Info #277: omp_set_nested routine deprecated, please use omp_set_max_active_levels instead.
[AUTO TUNE]     [180: 25562.98]  time:5.323323e-01  MLUPS:013608  cache block size:95152kiB  reps:1  perf err: 100.0%
OMP: Info #277: omp_set_nested routine deprecated, please use omp_set_max_active_levels instead.
[AUTO TUNE]     [180: 23641.45]  time:1.562340e+00  MLUPS:036936  cache block size:95152kiB  reps:2  perf err:  8.1%
OMP: Info #277: omp_set_nested routine deprecated, please use omp_set_max_active_levels instead.
[AUTO TUNE]     [180: 23321.56]  time:2.584046e+00  MLUPS:060264  cache block size:95152kiB  reps:3  perf err:  1.4%
OMP: Info #277: omp_set_nested routine deprecated, please use omp_set_max_active_levels instead.
[AUTO TUNE]     [210: 26921.24]  time:5.054745e-01  MLUPS:013608  cache block size:109972kiB  reps:1  perf err: 100.0%
OMP: Info #277: omp_set_nested routine deprecated, please use omp_set_max_active_levels instead.
[AUTO TUNE]     [210: 24753.85]  time:1.492131e+00  MLUPS:036936  cache block size:109972kiB  reps:2  perf err:  8.8%
OMP: Info #277: omp_set_nested routine deprecated, please use omp_set_max_active_levels instead.
[AUTO TUNE]     [210: 24574.03]  time:2.452345e+00  MLUPS:060264  cache block size:109972kiB  reps:3  perf err:  0.7%
OMP: Info #277: omp_set_nested routine deprecated, please use omp_set_max_active_levels instead.
[AUTO TUNE]     [240: 27656.70]  time:4.920326e-01  MLUPS:013608  cache block size:124792kiB  reps:1  perf err: 100.0%
OMP: Info #277: omp_set_nested routine deprecated, please use omp_set_max_active_levels instead.
[AUTO TUNE]     [240: 25604.95]  time:1.442533e+00  MLUPS:036936  cache block size:124792kiB  reps:2  perf err:  8.0%
OMP: Info #277: omp_set_nested routine deprecated, please use omp_set_max_active_levels instead.
[AUTO TUNE]     [240: 25240.24]  time:2.387616e+00  MLUPS:060264  cache block size:124792kiB  reps:3  perf err:  1.4%
OMP: Info #277: omp_set_nested routine deprecated, please use omp_set_max_active_levels instead.
[AUTO TUNE]     [270: 28202.46]  time:4.825111e-01  MLUPS:013608  cache block size:139612kiB  reps:1  perf err: 100.0%
OMP: Info #277: omp_set_nested routine deprecated, please use omp_set_max_active_levels instead.
[AUTO TUNE]     [270: 27536.97]  time:1.341324e+00  MLUPS:036936  cache block size:139612kiB  reps:2  perf err:  2.4%
OMP: Info #277: omp_set_nested routine deprecated, please use omp_set_max_active_levels instead.
[AUTO TUNE]     [300: 28359.51]  time:4.798390e-01  MLUPS:013608  cache block size:154432kiB  reps:1  perf err: 100.0%
OMP: Info #277: omp_set_nested routine deprecated, please use omp_set_max_active_levels instead.
[AUTO TUNE]     [300: 25838.91]  time:1.429472e+00  MLUPS:036936  cache block size:154432kiB  reps:2  perf err:  9.8%
OMP: Info #277: omp_set_nested routine deprecated, please use omp_set_max_active_levels instead.
[AUTO TUNE]     [300: 26045.65]  time:2.313784e+00  MLUPS:060264  cache block size:154432kiB  reps:3  perf err:  0.8%
[AUTO TUNE]   Diamond width:40  [wavefronts #: pefromance (MLUPS/s)]
OMP: Info #277: omp_set_nested routine deprecated, please use omp_set_max_active_levels instead.
[AUTO TUNE]     [030: 16655.94]  time:1.283866e+00  MLUPS:021384  cache block size:40508kiB  reps:1  perf err: 100.0%
OMP: Info #277: omp_set_nested routine deprecated, please use omp_set_max_active_levels instead.
[AUTO TUNE]     [030: 15229.91]  time:3.956952e+00  MLUPS:060264  cache block size:40508kiB  reps:2  perf err:  9.4%
OMP: Info #277: omp_set_nested routine deprecated, please use omp_set_max_active_levels instead.
[AUTO TUNE]     [030: 15645.48]  time:6.336911e+00  MLUPS:099144  cache block size:40508kiB  reps:3  perf err:  2.7%
OMP: Info #277: omp_set_nested routine deprecated, please use omp_set_max_active_levels instead.
[AUTO TUNE]     [030: 15645.92]  time:8.821723e+00  MLUPS:138024  cache block size:40508kiB  reps:4  perf err:  0.0%
OMP: Info #277: omp_set_nested routine deprecated, please use omp_set_max_active_levels instead.
[AUTO TUNE]     [060: 21034.07]  time:1.016636e+00  MLUPS:021384  cache block size:64448kiB  reps:1  perf err: 100.0%
OMP: Info #277: omp_set_nested routine deprecated, please use omp_set_max_active_levels instead.
[AUTO TUNE]     [060: 19765.01]  time:3.049025e+00  MLUPS:060264  cache block size:64448kiB  reps:2  perf err:  6.4%
OMP: Info #277: omp_set_nested routine deprecated, please use omp_set_max_active_levels instead.
[AUTO TUNE]     [060: 19609.75]  time:5.055853e+00  MLUPS:099144  cache block size:64448kiB  reps:3  perf err:  0.8%
OMP: Info #277: omp_set_nested routine deprecated, please use omp_set_max_active_levels instead.
[AUTO TUNE]     [090: 23755.92]  time:9.001547e-01  MLUPS:021384  cache block size:88388kiB  reps:1  perf err: 100.0%
OMP: Info #277: omp_set_nested routine deprecated, please use omp_set_max_active_levels instead.
[AUTO TUNE]     [090: 22421.97]  time:2.687721e+00  MLUPS:060264  cache block size:88388kiB  reps:2  perf err:  5.9%
OMP: Info #277: omp_set_nested routine deprecated, please use omp_set_max_active_levels instead.
[AUTO TUNE]     [090: 22238.05]  time:4.458305e+00  MLUPS:099144  cache block size:88388kiB  reps:3  perf err:  0.8%
OMP: Info #277: omp_set_nested routine deprecated, please use omp_set_max_active_levels instead.
[AUTO TUNE]     [120: 27283.59]  time:7.837677e-01  MLUPS:021384  cache block size:112328kiB  reps:1  perf err: 100.0%
OMP: Info #277: omp_set_nested routine deprecated, please use omp_set_max_active_levels instead.
[AUTO TUNE]     [120: 25602.04]  time:2.353875e+00  MLUPS:060264  cache block size:112328kiB  reps:2  perf err:  6.6%
OMP: Info #277: omp_set_nested routine deprecated, please use omp_set_max_active_levels instead.
[AUTO TUNE]     [120: 25335.27]  time:3.913279e+00  MLUPS:099144  cache block size:112328kiB  reps:3  perf err:  1.1%
OMP: Info #277: omp_set_nested routine deprecated, please use omp_set_max_active_levels instead.
[AUTO TUNE]     [150: 29629.39]  time:7.217157e-01  MLUPS:021384  cache block size:136268kiB  reps:1  perf err: 100.0%
OMP: Info #277: omp_set_nested routine deprecated, please use omp_set_max_active_levels instead.
[AUTO TUNE]     [150: 28060.87]  time:2.147617e+00  MLUPS:060264  cache block size:136268kiB  reps:2  perf err:  5.6%
OMP: Info #277: omp_set_nested routine deprecated, please use omp_set_max_active_levels instead.
[AUTO TUNE]     [150: 27875.22]  time:3.556708e+00  MLUPS:099144  cache block size:136268kiB  reps:3  perf err:  0.7%
OMP: Info #277: omp_set_nested routine deprecated, please use omp_set_max_active_levels instead.
[AUTO TUNE]     [180: 31267.15]  time:6.839126e-01  MLUPS:021384  cache block size:160208kiB  reps:1  perf err: 100.0%
OMP: Info #277: omp_set_nested routine deprecated, please use omp_set_max_active_levels instead.
[AUTO TUNE]     [180: 29469.79]  time:2.044941e+00  MLUPS:060264  cache block size:160208kiB  reps:2  perf err:  6.1%
OMP: Info #277: omp_set_nested routine deprecated, please use omp_set_max_active_levels instead.
[AUTO TUNE]     [180: 29181.73]  time:3.397468e+00  MLUPS:099144  cache block size:160208kiB  reps:3  perf err:  1.0%
OMP: Info #277: omp_set_nested routine deprecated, please use omp_set_max_active_levels instead.
[AUTO TUNE]     [210: 30647.85]  time:6.977324e-01  MLUPS:021384  cache block size:184148kiB  reps:1  perf err: 100.0%
OMP: Info #277: omp_set_nested routine deprecated, please use omp_set_max_active_levels instead.
[AUTO TUNE]     [210: 29629.92]  time:2.033890e+00  MLUPS:060264  cache block size:184148kiB  reps:2  perf err:  3.4%
OMP: Info #277: omp_set_nested routine deprecated, please use omp_set_max_active_levels instead.
[AUTO TUNE]     [210: 29385.92]  time:3.373861e+00  MLUPS:099144  cache block size:184148kiB  reps:3  perf err:  0.8%
OMP: Info #277: omp_set_nested routine deprecated, please use omp_set_max_active_levels instead.
[AUTO TUNE]     [240: 26751.91]  time:7.993448e-01  MLUPS:021384  cache block size:208088kiB  reps:1  perf err: 100.0%
OMP: Info #277: omp_set_nested routine deprecated, please use omp_set_max_active_levels instead.
[AUTO TUNE]     [240: 29079.13]  time:2.072414e+00  MLUPS:060264  cache block size:208088kiB  reps:2  perf err:  8.0%
OMP: Info #277: omp_set_nested routine deprecated, please use omp_set_max_active_levels instead.
[AUTO TUNE]     [240: 28779.63]  time:3.444936e+00  MLUPS:099144  cache block size:208088kiB  reps:3  perf err:  1.0%
[AUTO TUNE]   Diamond width:72  [wavefronts #: pefromance (MLUPS/s)]
OMP: Info #277: omp_set_nested routine deprecated, please use omp_set_max_active_levels instead.
[AUTO TUNE]     [030: 16708.84]  time:2.210566e+00  MLUPS:036936  cache block size:94012kiB  reps:1  perf err: 100.0%
OMP: Info #277: omp_set_nested routine deprecated, please use omp_set_max_active_levels instead.
[AUTO TUNE]     [030: 15907.98]  time:6.721155e+00  MLUPS:106920  cache block size:94012kiB  reps:2  perf err:  5.0%
OMP: Info #277: omp_set_nested routine deprecated, please use omp_set_max_active_levels instead.
[AUTO TUNE]     [030: 16139.90]  time:1.096066e+01  MLUPS:176904  cache block size:94012kiB  reps:3  perf err:  1.4%
OMP: Info #277: omp_set_nested routine deprecated, please use omp_set_max_active_levels instead.
[AUTO TUNE]     [060: 21257.96]  time:1.737514e+00  MLUPS:036936  cache block size:136192kiB  reps:1  perf err: 100.0%
OMP: Info #277: omp_set_nested routine deprecated, please use omp_set_max_active_levels instead.
[AUTO TUNE]     [060: 20647.67]  time:5.178309e+00  MLUPS:106920  cache block size:136192kiB  reps:2  perf err:  3.0%
OMP: Info #277: omp_set_nested routine deprecated, please use omp_set_max_active_levels instead.
[AUTO TUNE]     [060: 20612.14]  time:8.582514e+00  MLUPS:176904  cache block size:136192kiB  reps:3  perf err:  0.2%
OMP: Info #277: omp_set_nested routine deprecated, please use omp_set_max_active_levels instead.
[AUTO TUNE]     [090: 23619.99]  time:1.563760e+00  MLUPS:036936  cache block size:178372kiB  reps:1  perf err: 100.0%
OMP: Info #277: omp_set_nested routine deprecated, please use omp_set_max_active_levels instead.
[AUTO TUNE]     [090: 22801.98]  time:4.689067e+00  MLUPS:106920  cache block size:178372kiB  reps:2  perf err:  3.6%
OMP: Info #277: omp_set_nested routine deprecated, please use omp_set_max_active_levels instead.
[AUTO TUNE]     [090: 22694.86]  time:7.794893e+00  MLUPS:176904  cache block size:178372kiB  reps:3  perf err:  0.5%
OMP: Info #277: omp_set_nested routine deprecated, please use omp_set_max_active_levels instead.
[AUTO TUNE]     [120: 24591.10]  time:1.502007e+00  MLUPS:036936  cache block size:220552kiB  reps:1  perf err: 100.0%
OMP: Info #277: omp_set_nested routine deprecated, please use omp_set_max_active_levels instead.
[AUTO TUNE]     [120: 23194.29]  time:4.609755e+00  MLUPS:106920  cache block size:220552kiB  reps:2  perf err:  6.0%
OMP: Info #277: omp_set_nested routine deprecated, please use omp_set_max_active_levels instead.
[AUTO TUNE]     [120: 23570.38]  time:7.505354e+00  MLUPS:176904  cache block size:220552kiB  reps:3  perf err:  1.6%
OMP: Info #277: omp_set_nested routine deprecated, please use omp_set_max_active_levels instead.
[AUTO TUNE]     [150: 26941.22]  time:1.370985e+00  MLUPS:036936  cache block size:262732kiB  reps:1  perf err: 100.0%
OMP: Info #277: omp_set_nested routine deprecated, please use omp_set_max_active_levels instead.
[AUTO TUNE]     [150: 26284.19]  time:4.067844e+00  MLUPS:106920  cache block size:262732kiB  reps:2  perf err:  2.5%
OMP: Info #277: omp_set_nested routine deprecated, please use omp_set_max_active_levels instead.
[AUTO TUNE]     [180: 26677.49]  time:1.384538e+00  MLUPS:036936  cache block size:304912kiB  reps:1  perf err: 100.0%
OMP: Info #277: omp_set_nested routine deprecated, please use omp_set_max_active_levels instead.
[AUTO TUNE]     [180: 25772.84]  time:4.148554e+00  MLUPS:106920  cache block size:304912kiB  reps:2  perf err:  3.5%
OMP: Info #277: omp_set_nested routine deprecated, please use omp_set_max_active_levels instead.
[AUTO TUNE]     [180: 25701.04]  time:6.883145e+00  MLUPS:176904  cache block size:304912kiB  reps:3  perf err:  0.3%
[AUTO TUNE] COMPLETE tune case #21: Thread group size:30  thc:01  thx:01  thy:01  thz:30  t_dim:09  bs_z:210  perf:29385.92 MLUP/s
[AUTO TUNE]  Tuning time: 3354.5 seconds
###INFO: Modified nt from 1000 to 1002 for the intra-diamond method to work properly
Started on Sun Jul 20 00:08:04 2025

******************************************************
Parameters settings
******************************************************
Time stepper name: Diamond
Stencil Kernel name: star
Stencil Kernel semi-bandwidth: 2
Stencil Kernel coefficients: constant
Precision: DP
Global domain    size:1944000000    nx:600    ny:1800    nz:1800
Rank 0 domain    size:1944000000    nx:600    ny:1800    nz:1800
Number of time steps: 1002
Alignment size: 8 Bytes
Number of tests: 3
Verify:   0
Source point enabled: 0
Time unroll:   9
Using separate call to central line update: 0
Halo concatenation: 0
Enable wavefronts: 1
Wavefront parallel strategy: Fixed execution wavefronts
Intra-diamond width:   40
Wavefront width:  91
Cache block size/wf (kiB): 30229
Total cache block size (kiB): 181374
Next larger cache block size/wf (kiB): 37905 (diam_width=48)
Intra-diamond prologue/epilogue MStencils: 21384
Multi-wavefront updates: 55
User set thread group size: -1
Thread group size: 10
Threads along z-axis: 5
Threads along y-axis: 2
Threads along x-axis: 1
Threads per cell    : 1
Threads block: 1
Threads stride: 1
OpenMP Threads: 60
Assumed usable cache size: 0KiB
MPI size: 1
Processors topology (npx, npy, npz): 01,01,01
******************************************************
[rank=0] alloc. dom(err=0):29.484703GiB coef(err=0):0.000000GiB total:29.484703GiB

******************************************************
Performance results
******************************************************
OMP: Info #277: omp_set_nested routine deprecated, please use omp_set_max_active_levels instead.
Rank 0 TEST#01 time: 5.357509e+01
OMP: Info #277: omp_set_nested routine deprecated, please use omp_set_max_active_levels instead.
Rank 0 TEST#02 time: 5.353378e+01
OMP: Info #277: omp_set_nested routine deprecated, please use omp_set_max_active_levels instead.
Rank 0 TEST#03 time: 5.358213e+01
******************************************************
Total memory allocation per MPI rank: 45288 MiB
Total time(s): 1.606910e+02
time/test(s): 5.356367e+01

Total RANK0 MStencil/s MIN: 36353.317066  
Total RANK0 MStencil/s MAX: 36386.145514  
******************************************************
MWD main-loop RANK0 MStencil/s MIN: 36478.485032
MWD main-loop RANK0 MStencil/s MAX: 36514.894175
******************************************************
RANK0 ts main loop:         52.812062 (s) - 98.56%
RANK0 ts prologue/epilogue: 0.769790 (s) - 01.44%
RANK0 ts others:            0.000274 (s) - 00.00%
******************************************************
Metric \ core:                  core 00       core 01       core 02       core 03       core 04       core 05       core 06       core 07       core 08       core 09       core 10       core 11       core 12       core 13       core 14       core 15       core 16       core 17       core 18       core 19       core 20       core 21       core 22       core 23       core 24       core 25       core 26       core 27       core 28       core 29       core 30       core 31       core 32       core 33       core 34       core 35       core 36       core 37       core 38       core 39       core 40       core 41       core 42       core 43       core 44       core 45       core 46       core 47       core 48       core 49       core 50       core 51       core 52       core 53       core 54       core 55       core 56       core 57       core 58       core 59     
Wavefront synchronization [s]:  5.199181e+00  7.135897e+00  4.966641e+00  4.938868e+00  6.589929e+00  6.518267e+00  8.569983e+00  8.645727e+00  8.783839e+00  9.140934e+00  7.009597e+00  7.350346e+00  4.910153e+00  4.924640e+00  6.197254e+00  6.606917e+00  8.475067e+00  8.427024e+00  8.768089e+00  9.101696e+00  7.042095e+00  7.364029e+00  4.576713e+00  4.667145e+00  6.251231e+00  6.605318e+00  8.670267e+00  8.709435e+00  8.691586e+00  8.627967e+00  5.348035e+00  7.481709e+00  4.811790e+00  5.143176e+00  5.915025e+00  6.363720e+00  8.327453e+00  8.354279e+00  8.255124e+00  8.662643e+00  7.489330e+00  7.893350e+00  5.444141e+00  5.431498e+00  6.903520e+00  7.142291e+00  8.842210e+00  9.148469e+00  9.348806e+00  9.687177e+00  7.088054e+00  7.322671e+00  4.576375e+00  4.446413e+00  6.607409e+00  6.617293e+00  8.833882e+00  8.651141e+00  8.653728e+00  8.510298e+00
Wavefront synchronization [%]:  09.70         13.32         09.27         09.22         12.30         12.17         15.99         16.14         16.39         17.06         13.08         13.72         09.16         09.19         11.57         12.33         15.82         15.73         16.36         16.99         13.14         13.74         08.54         08.71         11.67         12.33         16.18         16.25         16.22         16.10         09.98         13.96         08.98         09.60         11.04         11.88         15.54         15.59         15.41         16.17         13.98         14.73         10.16         10.14         12.88         13.33         16.50         17.07         17.45         18.08         13.23         13.67         08.54         08.30         12.33         12.35         16.49         16.15         16.15         15.88       

Metric \ thread group:       group 00      group 01      group 02      group 03      group 04      group 05    
Wavefront steady state [s]:  5.153454e+01  5.163853e+01  5.153437e+01  5.154380e+01  5.166272e+01  5.163642e+01
Wavefront steady state [%]:  96.18         96.37         96.18         96.20         96.42         96.37       
Wavefront startup/end [s]:   1.971362e+00  1.881663e+00  1.954641e+00  1.967536e+00  1.858652e+00  1.936392e+00
Wavefront startup/end [%]:   03.68         03.51         03.65         03.67         03.47         03.61       
Wavefront communication [s]:  1.491030e-04  1.571063e-04  1.474054e-04  1.346540e-04  1.295608e-04  1.218196e-04
Wavefront communication [%]:  00.00         00.00         00.00         00.00         00.00         00.00       
Wavefront others [s]:        7.579707e-02  6.150082e-02  9.269369e-02  7.038025e-02  6.034816e-02  8.919708e-03
Wavefront others [%]:        00.14         00.11         00.17         00.13         00.11         00.02       
Group spin-wait [s]:         1.352967e-05  1.258915e-05  1.247122e-05  1.242326e-05  1.243292e-05  1.257309e-05
Group spin-wait [%]:         00.00         00.00         00.00         00.00         00.00         00.00       
Resolved diamonds:           7.415000e+02  7.450000e+02  7.430000e+02  7.420000e+02  7.390000e+02  7.445000e+02
******************************************************
COMPLETED SUCCESSFULLY on Sun Jul 20 00:10:47 2025
