Running without Marker API. Activate Marker API with -m on commandline.
INFO: Using maximum configured thread group size 30
[AUTO TUNE] Any selected values for time block and number of frontlines are ignored
[AUTO TUNE] [AUTO TUNE] Allocated based on diam width: 72
[AUTO TUNE] Tuning case(s) [22] (thread group size, th_z, th_y, th_x, th_c): (1, 1, 1, 1, 1) (2, 1, 1, 2, 1) (2, 1, 2, 1, 1) (2, 2, 1, 1, 1) (3, 1, 1, 3, 1) (3, 3, 1, 1, 1) (5, 5, 1, 1, 1) (6, 1, 2, 3, 1) (6, 2, 1, 3, 1) (6, 3, 1, 2, 1) (6, 3, 2, 1, 1) (6, 6, 1, 1, 1) (10, 5, 1, 2, 1) (10, 5, 2, 1, 1) (10, 10, 1, 1, 1) (15, 5, 1, 3, 1) (15, 15, 1, 1, 1) (30, 5, 2, 3, 1) (30, 10, 1, 3, 1) (30, 15, 1, 2, 1) (30, 15, 2, 1, 1) (30, 30, 1, 1, 1) 

[AUTO TUNE] START tune case #00: Thread group size:01  thc:01  thx:01  thy:01  thz:01  Possilbe diam width: 4 8 12
[AUTO TUNE]   Diamond width:04  [wavefronts #: pefromance (MLUPS/s)]
OMP: Info #277: omp_set_nested routine deprecated, please use omp_set_max_active_levels instead.
[AUTO TUNE]     [001: 27624.59]  time:2.111163e-01  MLUPS:005832  cache block size:8550kiB  reps:1  perf err: 100.0%
OMP: Info #277: omp_set_nested routine deprecated, please use omp_set_max_active_levels instead.
[AUTO TUNE]     [001: 20490.21]  time:6.641221e-01  MLUPS:013608  cache block size:8550kiB  reps:2  perf err: 34.8%
OMP: Info #277: omp_set_nested routine deprecated, please use omp_set_max_active_levels instead.
[AUTO TUNE]     [001: 20072.77]  time:1.065324e+00  MLUPS:021384  cache block size:8550kiB  reps:3  perf err:  2.1%
OMP: Info #277: omp_set_nested routine deprecated, please use omp_set_max_active_levels instead.
[AUTO TUNE]     [002: 25557.31]  time:2.281930e-01  MLUPS:005832  cache block size:11400kiB  reps:1  perf err: 100.0%
OMP: Info #277: omp_set_nested routine deprecated, please use omp_set_max_active_levels instead.
[AUTO TUNE]     [002: 20858.79]  time:6.523870e-01  MLUPS:013608  cache block size:11400kiB  reps:2  perf err: 22.5%
OMP: Info #277: omp_set_nested routine deprecated, please use omp_set_max_active_levels instead.
[AUTO TUNE]     [002: 19353.34]  time:1.104925e+00  MLUPS:021384  cache block size:11400kiB  reps:3  perf err:  7.8%
OMP: Info #277: omp_set_nested routine deprecated, please use omp_set_max_active_levels instead.
[AUTO TUNE]     [002: 18756.62]  time:1.554651e+00  MLUPS:029160  cache block size:11400kiB  reps:4  perf err:  3.2%
OMP: Info #277: omp_set_nested routine deprecated, please use omp_set_max_active_levels instead.
[AUTO TUNE]     [002: 18513.88]  time:1.995043e+00  MLUPS:036936  cache block size:11400kiB  reps:5  perf err:  1.3%
[AUTO TUNE]   Diamond width:08  [wavefronts #: pefromance (MLUPS/s)]
OMP: Info #277: omp_set_nested routine deprecated, please use omp_set_max_active_levels instead.
[AUTO TUNE]     [001: 38084.69]  time:2.552207e-01  MLUPS:009720  cache block size:26790kiB  reps:1  perf err: 100.0%
OMP: Info #277: omp_set_nested routine deprecated, please use omp_set_max_active_levels instead.
[AUTO TUNE]     [001: 33485.76]  time:7.547089e-01  MLUPS:025272  cache block size:26790kiB  reps:2  perf err: 13.7%
OMP: Info #277: omp_set_nested routine deprecated, please use omp_set_max_active_levels instead.
[AUTO TUNE]     [001: 33272.08]  time:1.226975e+00  MLUPS:040824  cache block size:26790kiB  reps:3  perf err:  0.6%
OMP: Info #277: omp_set_nested routine deprecated, please use omp_set_max_active_levels instead.
[AUTO TUNE]     [002: 38874.87]  time:2.500330e-01  MLUPS:009720  cache block size:31920kiB  reps:1  perf err: 100.0%
OMP: Info #277: omp_set_nested routine deprecated, please use omp_set_max_active_levels instead.
[AUTO TUNE]     [002: 33696.22]  time:7.499950e-01  MLUPS:025272  cache block size:31920kiB  reps:2  perf err: 15.4%
OMP: Info #277: omp_set_nested routine deprecated, please use omp_set_max_active_levels instead.
[AUTO TUNE]     [002: 33568.88]  time:1.216126e+00  MLUPS:040824  cache block size:31920kiB  reps:3  perf err:  0.4%
OMP: Info #277: omp_set_nested routine deprecated, please use omp_set_max_active_levels instead.
[AUTO TUNE]     [003: 39420.40]  time:2.465728e-01  MLUPS:009720  cache block size:37050kiB  reps:1  perf err: 100.0%
OMP: Info #277: omp_set_nested routine deprecated, please use omp_set_max_active_levels instead.
[AUTO TUNE]     [003: 33302.92]  time:7.588525e-01  MLUPS:025272  cache block size:37050kiB  reps:2  perf err: 18.4%
OMP: Info #277: omp_set_nested routine deprecated, please use omp_set_max_active_levels instead.
[AUTO TUNE]     [003: 33824.44]  time:1.206938e+00  MLUPS:040824  cache block size:37050kiB  reps:3  perf err:  1.5%
OMP: Info #277: omp_set_nested routine deprecated, please use omp_set_max_active_levels instead.
[AUTO TUNE]     [004: 38769.92]  time:2.507098e-01  MLUPS:009720  cache block size:42180kiB  reps:1  perf err: 100.0%
OMP: Info #277: omp_set_nested routine deprecated, please use omp_set_max_active_levels instead.
[AUTO TUNE]     [004: 33624.70]  time:7.515905e-01  MLUPS:025272  cache block size:42180kiB  reps:2  perf err: 15.3%
OMP: Info #277: omp_set_nested routine deprecated, please use omp_set_max_active_levels instead.
[AUTO TUNE]     [004: 33795.69]  time:1.207965e+00  MLUPS:040824  cache block size:42180kiB  reps:3  perf err:  0.5%
[AUTO TUNE]   Diamond width:12  [wavefronts #: pefromance (MLUPS/s)]
OMP: Info #277: omp_set_nested routine deprecated, please use omp_set_max_active_levels instead.
[AUTO TUNE]     [001: 38144.05]  time:3.567529e-01  MLUPS:013608  cache block size:54150kiB  reps:1  perf err: 100.0%
OMP: Info #277: omp_set_nested routine deprecated, please use omp_set_max_active_levels instead.
[AUTO TUNE]     [001: 38355.72]  time:9.629855e-01  MLUPS:036936  cache block size:54150kiB  reps:2  perf err:  0.6%
OMP: Info #277: omp_set_nested routine deprecated, please use omp_set_max_active_levels instead.
[AUTO TUNE]     [002: 37940.33]  time:3.586684e-01  MLUPS:013608  cache block size:61560kiB  reps:1  perf err: 100.0%
OMP: Info #277: omp_set_nested routine deprecated, please use omp_set_max_active_levels instead.
[AUTO TUNE]     [002: 37926.14]  time:9.738929e-01  MLUPS:036936  cache block size:61560kiB  reps:2  perf err:  0.0%
[AUTO TUNE] COMPLETE tune case #00: Thread group size:01  thc:01  thx:01  thy:01  thz:01  t_dim:05  bs_z:01  perf:38355.72 MLUP/s

[AUTO TUNE] START tune case #01: Thread group size:02  thc:01  thx:02  thy:01  thz:01  Possilbe diam width: 4 8 12 20
[AUTO TUNE]   Diamond width:04  [wavefronts #: pefromance (MLUPS/s)]
OMP: Info #277: omp_set_nested routine deprecated, please use omp_set_max_active_levels instead.
[AUTO TUNE]     [001: 21053.85]  time:2.770040e-01  MLUPS:005832  cache block size:4275kiB  reps:1  perf err: 100.0%
OMP: Info #277: omp_set_nested routine deprecated, please use omp_set_max_active_levels instead.
[AUTO TUNE]     [001: 17020.34]  time:7.995138e-01  MLUPS:013608  cache block size:4275kiB  reps:2  perf err: 23.7%
OMP: Info #277: omp_set_nested routine deprecated, please use omp_set_max_active_levels instead.
[AUTO TUNE]     [001: 16320.67]  time:1.310241e+00  MLUPS:021384  cache block size:4275kiB  reps:3  perf err:  4.3%
OMP: Info #277: omp_set_nested routine deprecated, please use omp_set_max_active_levels instead.
[AUTO TUNE]     [001: 15721.15]  time:1.854826e+00  MLUPS:029160  cache block size:4275kiB  reps:4  perf err:  3.8%
OMP: Info #277: omp_set_nested routine deprecated, please use omp_set_max_active_levels instead.
[AUTO TUNE]     [001: 15635.97]  time:2.362245e+00  MLUPS:036936  cache block size:4275kiB  reps:5  perf err:  0.5%
OMP: Info #277: omp_set_nested routine deprecated, please use omp_set_max_active_levels instead.
[AUTO TUNE]     [002: 21989.07]  time:2.652227e-01  MLUPS:005832  cache block size:5700kiB  reps:1  perf err: 100.0%
OMP: Info #277: omp_set_nested routine deprecated, please use omp_set_max_active_levels instead.
[AUTO TUNE]     [002: 17067.46]  time:7.973066e-01  MLUPS:013608  cache block size:5700kiB  reps:2  perf err: 28.8%
OMP: Info #277: omp_set_nested routine deprecated, please use omp_set_max_active_levels instead.
[AUTO TUNE]     [002: 16087.43]  time:1.329237e+00  MLUPS:021384  cache block size:5700kiB  reps:3  perf err:  6.1%
OMP: Info #277: omp_set_nested routine deprecated, please use omp_set_max_active_levels instead.
[AUTO TUNE]     [002: 16021.23]  time:1.820084e+00  MLUPS:029160  cache block size:5700kiB  reps:4  perf err:  0.4%
OMP: Info #277: omp_set_nested routine deprecated, please use omp_set_max_active_levels instead.
[AUTO TUNE]     [003: 22518.96]  time:2.589818e-01  MLUPS:005832  cache block size:7125kiB  reps:1  perf err: 100.0%
OMP: Info #277: omp_set_nested routine deprecated, please use omp_set_max_active_levels instead.
[AUTO TUNE]     [003: 17376.53]  time:7.831252e-01  MLUPS:013608  cache block size:7125kiB  reps:2  perf err: 29.6%
OMP: Info #277: omp_set_nested routine deprecated, please use omp_set_max_active_levels instead.
[AUTO TUNE]     [003: 16451.60]  time:1.299813e+00  MLUPS:021384  cache block size:7125kiB  reps:3  perf err:  5.6%
OMP: Info #277: omp_set_nested routine deprecated, please use omp_set_max_active_levels instead.
[AUTO TUNE]     [003: 15938.80]  time:1.829498e+00  MLUPS:029160  cache block size:7125kiB  reps:4  perf err:  3.2%
OMP: Info #277: omp_set_nested routine deprecated, please use omp_set_max_active_levels instead.
[AUTO TUNE]     [003: 15817.05]  time:2.335202e+00  MLUPS:036936  cache block size:7125kiB  reps:5  perf err:  0.8%
[AUTO TUNE]   Diamond width:08  [wavefronts #: pefromance (MLUPS/s)]
OMP: Info #277: omp_set_nested routine deprecated, please use omp_set_max_active_levels instead.
[AUTO TUNE]     [001: 27666.62]  time:3.513259e-01  MLUPS:009720  cache block size:13395kiB  reps:1  perf err: 100.0%
OMP: Info #277: omp_set_nested routine deprecated, please use omp_set_max_active_levels instead.
[AUTO TUNE]     [001: 25021.13]  time:1.010026e+00  MLUPS:025272  cache block size:13395kiB  reps:2  perf err: 10.6%
OMP: Info #277: omp_set_nested routine deprecated, please use omp_set_max_active_levels instead.
[AUTO TUNE]     [001: 24342.86]  time:1.677042e+00  MLUPS:040824  cache block size:13395kiB  reps:3  perf err:  2.8%
OMP: Info #277: omp_set_nested routine deprecated, please use omp_set_max_active_levels instead.
[AUTO TUNE]     [001: 24102.01]  time:2.339058e+00  MLUPS:056376  cache block size:13395kiB  reps:4  perf err:  1.0%
OMP: Info #277: omp_set_nested routine deprecated, please use omp_set_max_active_levels instead.
[AUTO TUNE]     [002: 29170.35]  time:3.332151e-01  MLUPS:009720  cache block size:15960kiB  reps:1  perf err: 100.0%
OMP: Info #277: omp_set_nested routine deprecated, please use omp_set_max_active_levels instead.
[AUTO TUNE]     [002: 26231.92]  time:9.634065e-01  MLUPS:025272  cache block size:15960kiB  reps:2  perf err: 11.2%
OMP: Info #277: omp_set_nested routine deprecated, please use omp_set_max_active_levels instead.
[AUTO TUNE]     [002: 25335.34]  time:1.611346e+00  MLUPS:040824  cache block size:15960kiB  reps:3  perf err:  3.5%
OMP: Info #277: omp_set_nested routine deprecated, please use omp_set_max_active_levels instead.
[AUTO TUNE]     [002: 25094.98]  time:2.246505e+00  MLUPS:056376  cache block size:15960kiB  reps:4  perf err:  1.0%
OMP: Info #277: omp_set_nested routine deprecated, please use omp_set_max_active_levels instead.
[AUTO TUNE]     [003: 29824.74]  time:3.259040e-01  MLUPS:009720  cache block size:18525kiB  reps:1  perf err: 100.0%
OMP: Info #277: omp_set_nested routine deprecated, please use omp_set_max_active_levels instead.
[AUTO TUNE]     [003: 26384.94]  time:9.578192e-01  MLUPS:025272  cache block size:18525kiB  reps:2  perf err: 13.0%
OMP: Info #277: omp_set_nested routine deprecated, please use omp_set_max_active_levels instead.
[AUTO TUNE]     [003: 25773.96]  time:1.583924e+00  MLUPS:040824  cache block size:18525kiB  reps:3  perf err:  2.4%
OMP: Info #277: omp_set_nested routine deprecated, please use omp_set_max_active_levels instead.
[AUTO TUNE]     [004: 29143.84]  time:3.335182e-01  MLUPS:009720  cache block size:21090kiB  reps:1  perf err: 100.0%
OMP: Info #277: omp_set_nested routine deprecated, please use omp_set_max_active_levels instead.
[AUTO TUNE]     [004: 26173.80]  time:9.655457e-01  MLUPS:025272  cache block size:21090kiB  reps:2  perf err: 11.3%
OMP: Info #277: omp_set_nested routine deprecated, please use omp_set_max_active_levels instead.
[AUTO TUNE]     [004: 25824.49]  time:1.580825e+00  MLUPS:040824  cache block size:21090kiB  reps:3  perf err:  1.4%
OMP: Info #277: omp_set_nested routine deprecated, please use omp_set_max_active_levels instead.
[AUTO TUNE]     [005: 30005.39]  time:3.239418e-01  MLUPS:009720  cache block size:23655kiB  reps:1  perf err: 100.0%
OMP: Info #277: omp_set_nested routine deprecated, please use omp_set_max_active_levels instead.
[AUTO TUNE]     [005: 26685.13]  time:9.470444e-01  MLUPS:025272  cache block size:23655kiB  reps:2  perf err: 12.4%
OMP: Info #277: omp_set_nested routine deprecated, please use omp_set_max_active_levels instead.
[AUTO TUNE]     [005: 25534.52]  time:1.598777e+00  MLUPS:040824  cache block size:23655kiB  reps:3  perf err:  4.5%
OMP: Info #277: omp_set_nested routine deprecated, please use omp_set_max_active_levels instead.
[AUTO TUNE]     [005: 25365.35]  time:2.222560e+00  MLUPS:056376  cache block size:23655kiB  reps:4  perf err:  0.7%
[AUTO TUNE]   Diamond width:12  [wavefronts #: pefromance (MLUPS/s)]
OMP: Info #277: omp_set_nested routine deprecated, please use omp_set_max_active_levels instead.
[AUTO TUNE]     [001: 28092.56]  time:4.843988e-01  MLUPS:013608  cache block size:27075kiB  reps:1  perf err: 100.0%
OMP: Info #277: omp_set_nested routine deprecated, please use omp_set_max_active_levels instead.
[AUTO TUNE]     [001: 27588.82]  time:1.338803e+00  MLUPS:036936  cache block size:27075kiB  reps:2  perf err:  1.8%
OMP: Info #277: omp_set_nested routine deprecated, please use omp_set_max_active_levels instead.
[AUTO TUNE]     [002: 29128.44]  time:4.671722e-01  MLUPS:013608  cache block size:30780kiB  reps:1  perf err: 100.0%
OMP: Info #277: omp_set_nested routine deprecated, please use omp_set_max_active_levels instead.
[AUTO TUNE]     [002: 28407.44]  time:1.300223e+00  MLUPS:036936  cache block size:30780kiB  reps:2  perf err:  2.5%
OMP: Info #277: omp_set_nested routine deprecated, please use omp_set_max_active_levels instead.
[AUTO TUNE]     [002: 28344.96]  time:2.126092e+00  MLUPS:060264  cache block size:30780kiB  reps:3  perf err:  0.2%
OMP: Info #277: omp_set_nested routine deprecated, please use omp_set_max_active_levels instead.
[AUTO TUNE]     [003: 29551.33]  time:4.604870e-01  MLUPS:013608  cache block size:34485kiB  reps:1  perf err: 100.0%
OMP: Info #277: omp_set_nested routine deprecated, please use omp_set_max_active_levels instead.
[AUTO TUNE]     [003: 28714.58]  time:1.286315e+00  MLUPS:036936  cache block size:34485kiB  reps:2  perf err:  2.9%
OMP: Info #277: omp_set_nested routine deprecated, please use omp_set_max_active_levels instead.
[AUTO TUNE]     [003: 28611.35]  time:2.106297e+00  MLUPS:060264  cache block size:34485kiB  reps:3  perf err:  0.4%
OMP: Info #277: omp_set_nested routine deprecated, please use omp_set_max_active_levels instead.
[AUTO TUNE]     [004: 30063.18]  time:4.526467e-01  MLUPS:013608  cache block size:38190kiB  reps:1  perf err: 100.0%
OMP: Info #277: omp_set_nested routine deprecated, please use omp_set_max_active_levels instead.
[AUTO TUNE]     [004: 28930.58]  time:1.276711e+00  MLUPS:036936  cache block size:38190kiB  reps:2  perf err:  3.9%
OMP: Info #277: omp_set_nested routine deprecated, please use omp_set_max_active_levels instead.
[AUTO TUNE]     [004: 27911.88]  time:2.159081e+00  MLUPS:060264  cache block size:38190kiB  reps:3  perf err:  3.6%
OMP: Info #277: omp_set_nested routine deprecated, please use omp_set_max_active_levels instead.
[AUTO TUNE]     [004: 28723.33]  time:2.910248e+00  MLUPS:083592  cache block size:38190kiB  reps:4  perf err:  2.8%
OMP: Info #277: omp_set_nested routine deprecated, please use omp_set_max_active_levels instead.
[AUTO TUNE]     [004: 28554.54]  time:3.744413e+00  MLUPS:106920  cache block size:38190kiB  reps:5  perf err:  0.6%
[AUTO TUNE]   Diamond width:20  [wavefronts #: pefromance (MLUPS/s)]
OMP: Info #277: omp_set_nested routine deprecated, please use omp_set_max_active_levels instead.
[AUTO TUNE]     [001: 26562.57]  time:8.050427e-01  MLUPS:021384  cache block size:68115kiB  reps:1  perf err: 100.0%
OMP: Info #277: omp_set_nested routine deprecated, please use omp_set_max_active_levels instead.
[AUTO TUNE]     [001: 27601.89]  time:2.183328e+00  MLUPS:060264  cache block size:68115kiB  reps:2  perf err:  3.8%
OMP: Info #277: omp_set_nested routine deprecated, please use omp_set_max_active_levels instead.
[AUTO TUNE]     [001: 28037.49]  time:3.536122e+00  MLUPS:099144  cache block size:68115kiB  reps:3  perf err:  1.6%
OMP: Info #277: omp_set_nested routine deprecated, please use omp_set_max_active_levels instead.
[AUTO TUNE]     [002: 27123.87]  time:7.883829e-01  MLUPS:021384  cache block size:74100kiB  reps:1  perf err: 100.0%
OMP: Info #277: omp_set_nested routine deprecated, please use omp_set_max_active_levels instead.
[AUTO TUNE]     [002: 28412.72]  time:2.121022e+00  MLUPS:060264  cache block size:74100kiB  reps:2  perf err:  4.5%
OMP: Info #277: omp_set_nested routine deprecated, please use omp_set_max_active_levels instead.
[AUTO TUNE]     [002: 28377.40]  time:3.493767e+00  MLUPS:099144  cache block size:74100kiB  reps:3  perf err:  0.1%
OMP: Info #277: omp_set_nested routine deprecated, please use omp_set_max_active_levels instead.
[AUTO TUNE]     [003: 27374.63]  time:7.811614e-01  MLUPS:021384  cache block size:80085kiB  reps:1  perf err: 100.0%
OMP: Info #277: omp_set_nested routine deprecated, please use omp_set_max_active_levels instead.
[AUTO TUNE]     [003: 27921.28]  time:2.158354e+00  MLUPS:060264  cache block size:80085kiB  reps:2  perf err:  2.0%
[AUTO TUNE] COMPLETE tune case #01: Thread group size:02  thc:01  thx:02  thy:01  thz:01  t_dim:05  bs_z:03  perf:28611.35 MLUP/s

[AUTO TUNE] START tune case #02: Thread group size:02  thc:01  thx:01  thy:02  thz:01  Possilbe diam width: 4 8 12 20
[AUTO TUNE]   Diamond width:04  [wavefronts #: pefromance (MLUPS/s)]
OMP: Info #277: omp_set_nested routine deprecated, please use omp_set_max_active_levels instead.
[AUTO TUNE]     [001: 23276.47]  time:2.505534e-01  MLUPS:005832  cache block size:4275kiB  reps:1  perf err: 100.0%
OMP: Info #277: omp_set_nested routine deprecated, please use omp_set_max_active_levels instead.
[AUTO TUNE]     [001: 17426.27]  time:7.808901e-01  MLUPS:013608  cache block size:4275kiB  reps:2  perf err: 33.6%
OMP: Info #277: omp_set_nested routine deprecated, please use omp_set_max_active_levels instead.
[AUTO TUNE]     [001: 16707.59]  time:1.279897e+00  MLUPS:021384  cache block size:4275kiB  reps:3  perf err:  4.3%
OMP: Info #277: omp_set_nested routine deprecated, please use omp_set_max_active_levels instead.
[AUTO TUNE]     [001: 16178.85]  time:1.802353e+00  MLUPS:029160  cache block size:4275kiB  reps:4  perf err:  3.3%
OMP: Info #277: omp_set_nested routine deprecated, please use omp_set_max_active_levels instead.
[AUTO TUNE]     [001: 16149.01]  time:2.287199e+00  MLUPS:036936  cache block size:4275kiB  reps:5  perf err:  0.2%
OMP: Info #277: omp_set_nested routine deprecated, please use omp_set_max_active_levels instead.
[AUTO TUNE]     [002: 22743.06]  time:2.564299e-01  MLUPS:005832  cache block size:5700kiB  reps:1  perf err: 100.0%
OMP: Info #277: omp_set_nested routine deprecated, please use omp_set_max_active_levels instead.
[AUTO TUNE]     [002: 18241.77]  time:7.459803e-01  MLUPS:013608  cache block size:5700kiB  reps:2  perf err: 24.7%
OMP: Info #277: omp_set_nested routine deprecated, please use omp_set_max_active_levels instead.
[AUTO TUNE]     [002: 17184.31]  time:1.244391e+00  MLUPS:021384  cache block size:5700kiB  reps:3  perf err:  6.2%
OMP: Info #277: omp_set_nested routine deprecated, please use omp_set_max_active_levels instead.
[AUTO TUNE]     [002: 16767.97]  time:1.739030e+00  MLUPS:029160  cache block size:5700kiB  reps:4  perf err:  2.5%
OMP: Info #277: omp_set_nested routine deprecated, please use omp_set_max_active_levels instead.
[AUTO TUNE]     [003: 22484.45]  time:2.593792e-01  MLUPS:005832  cache block size:7125kiB  reps:1  perf err: 100.0%
OMP: Info #277: omp_set_nested routine deprecated, please use omp_set_max_active_levels instead.
[AUTO TUNE]     [003: 17866.86]  time:7.616337e-01  MLUPS:013608  cache block size:7125kiB  reps:2  perf err: 25.8%
OMP: Info #277: omp_set_nested routine deprecated, please use omp_set_max_active_levels instead.
[AUTO TUNE]     [003: 16702.76]  time:1.280268e+00  MLUPS:021384  cache block size:7125kiB  reps:3  perf err:  7.0%
OMP: Info #277: omp_set_nested routine deprecated, please use omp_set_max_active_levels instead.
[AUTO TUNE]     [003: 16530.72]  time:1.763989e+00  MLUPS:029160  cache block size:7125kiB  reps:4  perf err:  1.0%
[AUTO TUNE]   Diamond width:08  [wavefronts #: pefromance (MLUPS/s)]
OMP: Info #277: omp_set_nested routine deprecated, please use omp_set_max_active_levels instead.
[AUTO TUNE]     [001: 30521.59]  time:3.184631e-01  MLUPS:009720  cache block size:13395kiB  reps:1  perf err: 100.0%
OMP: Info #277: omp_set_nested routine deprecated, please use omp_set_max_active_levels instead.
[AUTO TUNE]     [001: 27329.67]  time:9.247094e-01  MLUPS:025272  cache block size:13395kiB  reps:2  perf err: 11.7%
OMP: Info #277: omp_set_nested routine deprecated, please use omp_set_max_active_levels instead.
[AUTO TUNE]     [001: 26733.18]  time:1.527091e+00  MLUPS:040824  cache block size:13395kiB  reps:3  perf err:  2.2%
OMP: Info #277: omp_set_nested routine deprecated, please use omp_set_max_active_levels instead.
[AUTO TUNE]     [002: 31978.26]  time:3.039565e-01  MLUPS:009720  cache block size:15960kiB  reps:1  perf err: 100.0%
OMP: Info #277: omp_set_nested routine deprecated, please use omp_set_max_active_levels instead.
[AUTO TUNE]     [002: 29099.21]  time:8.684770e-01  MLUPS:025272  cache block size:15960kiB  reps:2  perf err:  9.9%
OMP: Info #277: omp_set_nested routine deprecated, please use omp_set_max_active_levels instead.
[AUTO TUNE]     [002: 28315.44]  time:1.441758e+00  MLUPS:040824  cache block size:15960kiB  reps:3  perf err:  2.8%
OMP: Info #277: omp_set_nested routine deprecated, please use omp_set_max_active_levels instead.
[AUTO TUNE]     [002: 27943.91]  time:2.017470e+00  MLUPS:056376  cache block size:15960kiB  reps:4  perf err:  1.3%
OMP: Info #277: omp_set_nested routine deprecated, please use omp_set_max_active_levels instead.
[AUTO TUNE]     [003: 32379.37]  time:3.001912e-01  MLUPS:009720  cache block size:18525kiB  reps:1  perf err: 100.0%
OMP: Info #277: omp_set_nested routine deprecated, please use omp_set_max_active_levels instead.
[AUTO TUNE]     [003: 29437.21]  time:8.585052e-01  MLUPS:025272  cache block size:18525kiB  reps:2  perf err: 10.0%
OMP: Info #277: omp_set_nested routine deprecated, please use omp_set_max_active_levels instead.
[AUTO TUNE]     [003: 28704.10]  time:1.422236e+00  MLUPS:040824  cache block size:18525kiB  reps:3  perf err:  2.6%
OMP: Info #277: omp_set_nested routine deprecated, please use omp_set_max_active_levels instead.
[AUTO TUNE]     [003: 28341.96]  time:1.989136e+00  MLUPS:056376  cache block size:18525kiB  reps:4  perf err:  1.3%
OMP: Info #277: omp_set_nested routine deprecated, please use omp_set_max_active_levels instead.
[AUTO TUNE]     [004: 33954.40]  time:2.862663e-01  MLUPS:009720  cache block size:21090kiB  reps:1  perf err: 100.0%
OMP: Info #277: omp_set_nested routine deprecated, please use omp_set_max_active_levels instead.
[AUTO TUNE]     [004: 29552.95]  time:8.551430e-01  MLUPS:025272  cache block size:21090kiB  reps:2  perf err: 14.9%
OMP: Info #277: omp_set_nested routine deprecated, please use omp_set_max_active_levels instead.
[AUTO TUNE]     [004: 28931.88]  time:1.411039e+00  MLUPS:040824  cache block size:21090kiB  reps:3  perf err:  2.1%
OMP: Info #277: omp_set_nested routine deprecated, please use omp_set_max_active_levels instead.
[AUTO TUNE]     [005: 33509.47]  time:2.900672e-01  MLUPS:009720  cache block size:23655kiB  reps:1  perf err: 100.0%
OMP: Info #277: omp_set_nested routine deprecated, please use omp_set_max_active_levels instead.
[AUTO TUNE]     [005: 29851.29]  time:8.465966e-01  MLUPS:025272  cache block size:23655kiB  reps:2  perf err: 12.3%
OMP: Info #277: omp_set_nested routine deprecated, please use omp_set_max_active_levels instead.
[AUTO TUNE]     [005: 29197.78]  time:1.398189e+00  MLUPS:040824  cache block size:23655kiB  reps:3  perf err:  2.2%
OMP: Info #277: omp_set_nested routine deprecated, please use omp_set_max_active_levels instead.
[AUTO TUNE]     [006: 33015.22]  time:2.944097e-01  MLUPS:009720  cache block size:26220kiB  reps:1  perf err: 100.0%
OMP: Info #277: omp_set_nested routine deprecated, please use omp_set_max_active_levels instead.
[AUTO TUNE]     [006: 30082.62]  time:8.400865e-01  MLUPS:025272  cache block size:26220kiB  reps:2  perf err:  9.7%
OMP: Info #277: omp_set_nested routine deprecated, please use omp_set_max_active_levels instead.
[AUTO TUNE]     [006: 29389.87]  time:1.389050e+00  MLUPS:040824  cache block size:26220kiB  reps:3  perf err:  2.4%
OMP: Info #277: omp_set_nested routine deprecated, please use omp_set_max_active_levels instead.
[AUTO TUNE]     [007: 33645.94]  time:2.888907e-01  MLUPS:009720  cache block size:28785kiB  reps:1  perf err: 100.0%
OMP: Info #277: omp_set_nested routine deprecated, please use omp_set_max_active_levels instead.
[AUTO TUNE]     [007: 30307.35]  time:8.338572e-01  MLUPS:025272  cache block size:28785kiB  reps:2  perf err: 11.0%
OMP: Info #277: omp_set_nested routine deprecated, please use omp_set_max_active_levels instead.
[AUTO TUNE]     [007: 29378.41]  time:1.389592e+00  MLUPS:040824  cache block size:28785kiB  reps:3  perf err:  3.2%
OMP: Info #277: omp_set_nested routine deprecated, please use omp_set_max_active_levels instead.
[AUTO TUNE]     [007: 29067.35]  time:1.939496e+00  MLUPS:056376  cache block size:28785kiB  reps:4  perf err:  1.1%
[AUTO TUNE]   Diamond width:12  [wavefronts #: pefromance (MLUPS/s)]
OMP: Info #277: omp_set_nested routine deprecated, please use omp_set_max_active_levels instead.
[AUTO TUNE]     [001: 32420.05]  time:4.197403e-01  MLUPS:013608  cache block size:27075kiB  reps:1  perf err: 100.0%
OMP: Info #277: omp_set_nested routine deprecated, please use omp_set_max_active_levels instead.
[AUTO TUNE]     [001: 30815.12]  time:1.198633e+00  MLUPS:036936  cache block size:27075kiB  reps:2  perf err:  5.2%
OMP: Info #277: omp_set_nested routine deprecated, please use omp_set_max_active_levels instead.
[AUTO TUNE]     [001: 32366.38]  time:1.861932e+00  MLUPS:060264  cache block size:27075kiB  reps:3  perf err:  4.8%
OMP: Info #277: omp_set_nested routine deprecated, please use omp_set_max_active_levels instead.
[AUTO TUNE]     [001: 32333.01]  time:2.585346e+00  MLUPS:083592  cache block size:27075kiB  reps:4  perf err:  0.1%
OMP: Info #277: omp_set_nested routine deprecated, please use omp_set_max_active_levels instead.
[AUTO TUNE]     [002: 33614.56]  time:4.048245e-01  MLUPS:013608  cache block size:30780kiB  reps:1  perf err: 100.0%
OMP: Info #277: omp_set_nested routine deprecated, please use omp_set_max_active_levels instead.
[AUTO TUNE]     [002: 33340.36]  time:1.107846e+00  MLUPS:036936  cache block size:30780kiB  reps:2  perf err:  0.8%
OMP: Info #277: omp_set_nested routine deprecated, please use omp_set_max_active_levels instead.
[AUTO TUNE]     [003: 33057.81]  time:4.116426e-01  MLUPS:013608  cache block size:34485kiB  reps:1  perf err: 100.0%
OMP: Info #277: omp_set_nested routine deprecated, please use omp_set_max_active_levels instead.
[AUTO TUNE]     [003: 33760.73]  time:1.094052e+00  MLUPS:036936  cache block size:34485kiB  reps:2  perf err:  2.1%
OMP: Info #277: omp_set_nested routine deprecated, please use omp_set_max_active_levels instead.
[AUTO TUNE]     [004: 33287.46]  time:4.088026e-01  MLUPS:013608  cache block size:38190kiB  reps:1  perf err: 100.0%
OMP: Info #277: omp_set_nested routine deprecated, please use omp_set_max_active_levels instead.
[AUTO TUNE]     [004: 33900.20]  time:1.089551e+00  MLUPS:036936  cache block size:38190kiB  reps:2  perf err:  1.8%
OMP: Info #277: omp_set_nested routine deprecated, please use omp_set_max_active_levels instead.
[AUTO TUNE]     [005: 33645.11]  time:4.044569e-01  MLUPS:013608  cache block size:41895kiB  reps:1  perf err: 100.0%
OMP: Info #277: omp_set_nested routine deprecated, please use omp_set_max_active_levels instead.
[AUTO TUNE]     [005: 34146.90]  time:1.081679e+00  MLUPS:036936  cache block size:41895kiB  reps:2  perf err:  1.5%
OMP: Info #277: omp_set_nested routine deprecated, please use omp_set_max_active_levels instead.
[AUTO TUNE]     [006: 34781.61]  time:3.912413e-01  MLUPS:013608  cache block size:45600kiB  reps:1  perf err: 100.0%
OMP: Info #277: omp_set_nested routine deprecated, please use omp_set_max_active_levels instead.
[AUTO TUNE]     [006: 34299.87]  time:1.076856e+00  MLUPS:036936  cache block size:45600kiB  reps:2  perf err:  1.4%
OMP: Info #277: omp_set_nested routine deprecated, please use omp_set_max_active_levels instead.
[AUTO TUNE]     [007: 34873.15]  time:3.902143e-01  MLUPS:013608  cache block size:49305kiB  reps:1  perf err: 100.0%
OMP: Info #277: omp_set_nested routine deprecated, please use omp_set_max_active_levels instead.
[AUTO TUNE]     [007: 34363.54]  time:1.074860e+00  MLUPS:036936  cache block size:49305kiB  reps:2  perf err:  1.5%
OMP: Info #277: omp_set_nested routine deprecated, please use omp_set_max_active_levels instead.
[AUTO TUNE]     [008: 34889.16]  time:3.900352e-01  MLUPS:013608  cache block size:53010kiB  reps:1  perf err: 100.0%
OMP: Info #277: omp_set_nested routine deprecated, please use omp_set_max_active_levels instead.
[AUTO TUNE]     [008: 34380.44]  time:1.074332e+00  MLUPS:036936  cache block size:53010kiB  reps:2  perf err:  1.5%
OMP: Info #277: omp_set_nested routine deprecated, please use omp_set_max_active_levels instead.
[AUTO TUNE]     [009: 35190.31]  time:3.866973e-01  MLUPS:013608  cache block size:56715kiB  reps:1  perf err: 100.0%
OMP: Info #277: omp_set_nested routine deprecated, please use omp_set_max_active_levels instead.
[AUTO TUNE]     [009: 34632.93]  time:1.066499e+00  MLUPS:036936  cache block size:56715kiB  reps:2  perf err:  1.6%
OMP: Info #277: omp_set_nested routine deprecated, please use omp_set_max_active_levels instead.
[AUTO TUNE]     [010: 35177.46]  time:3.868386e-01  MLUPS:013608  cache block size:60420kiB  reps:1  perf err: 100.0%
OMP: Info #277: omp_set_nested routine deprecated, please use omp_set_max_active_levels instead.
[AUTO TUNE]     [010: 34823.42]  time:1.060665e+00  MLUPS:036936  cache block size:60420kiB  reps:2  perf err:  1.0%
OMP: Info #277: omp_set_nested routine deprecated, please use omp_set_max_active_levels instead.
[AUTO TUNE]     [011: 35301.58]  time:3.854785e-01  MLUPS:013608  cache block size:64125kiB  reps:1  perf err: 100.0%
OMP: Info #277: omp_set_nested routine deprecated, please use omp_set_max_active_levels instead.
[AUTO TUNE]     [011: 33031.59]  time:1.118202e+00  MLUPS:036936  cache block size:64125kiB  reps:2  perf err:  6.9%
OMP: Info #277: omp_set_nested routine deprecated, please use omp_set_max_active_levels instead.
[AUTO TUNE]     [011: 34813.39]  time:1.731058e+00  MLUPS:060264  cache block size:64125kiB  reps:3  perf err:  5.1%
OMP: Info #277: omp_set_nested routine deprecated, please use omp_set_max_active_levels instead.
[AUTO TUNE]     [011: 34664.86]  time:2.411433e+00  MLUPS:083592  cache block size:64125kiB  reps:4  perf err:  0.4%
[AUTO TUNE]   Diamond width:20  [wavefronts #: pefromance (MLUPS/s)]
OMP: Info #277: omp_set_nested routine deprecated, please use omp_set_max_active_levels instead.
[AUTO TUNE]     [001: 33060.40]  time:6.468161e-01  MLUPS:021384  cache block size:68115kiB  reps:1  perf err: 100.0%
OMP: Info #277: omp_set_nested routine deprecated, please use omp_set_max_active_levels instead.
[AUTO TUNE]     [001: 34667.88]  time:1.738324e+00  MLUPS:060264  cache block size:68115kiB  reps:2  perf err:  4.6%
OMP: Info #277: omp_set_nested routine deprecated, please use omp_set_max_active_levels instead.
[AUTO TUNE]     [001: 35997.95]  time:2.754156e+00  MLUPS:099144  cache block size:68115kiB  reps:3  perf err:  3.7%
OMP: Info #277: omp_set_nested routine deprecated, please use omp_set_max_active_levels instead.
[AUTO TUNE]     [001: 36339.38]  time:3.798193e+00  MLUPS:138024  cache block size:68115kiB  reps:4  perf err:  0.9%
OMP: Info #277: omp_set_nested routine deprecated, please use omp_set_max_active_levels instead.
[AUTO TUNE]     [002: 33942.31]  time:6.300101e-01  MLUPS:021384  cache block size:74100kiB  reps:1  perf err: 100.0%
OMP: Info #277: omp_set_nested routine deprecated, please use omp_set_max_active_levels instead.
[AUTO TUNE]     [002: 35376.63]  time:1.703498e+00  MLUPS:060264  cache block size:74100kiB  reps:2  perf err:  4.1%
OMP: Info #277: omp_set_nested routine deprecated, please use omp_set_max_active_levels instead.
[AUTO TUNE]     [002: 35173.79]  time:2.818690e+00  MLUPS:099144  cache block size:74100kiB  reps:3  perf err:  0.6%
[AUTO TUNE] COMPLETE tune case #02: Thread group size:02  thc:01  thx:01  thy:02  thz:01  t_dim:09  bs_z:01  perf:36339.38 MLUP/s

[AUTO TUNE] START tune case #03: Thread group size:02  thc:01  thx:01  thy:01  thz:02  Possilbe diam width: 4 8 12 20
[AUTO TUNE]   Diamond width:04  [wavefronts #: pefromance (MLUPS/s)]
OMP: Info #277: omp_set_nested routine deprecated, please use omp_set_max_active_levels instead.
[AUTO TUNE]     [002: 10515.39]  time:5.546157e-01  MLUPS:005832  cache block size:5700kiB  reps:1  perf err: 100.0%
OMP: Info #277: omp_set_nested routine deprecated, please use omp_set_max_active_levels instead.
[AUTO TUNE]     [002: 7549.77]  time:1.802438e+00  MLUPS:013608  cache block size:5700kiB  reps:2  perf err: 39.3%
OMP: Info #277: omp_set_nested routine deprecated, please use omp_set_max_active_levels instead.
[AUTO TUNE]     [002: 7070.92]  time:3.024217e+00  MLUPS:021384  cache block size:5700kiB  reps:3  perf err:  6.8%
OMP: Info #277: omp_set_nested routine deprecated, please use omp_set_max_active_levels instead.
[AUTO TUNE]     [002: 6907.33]  time:4.221599e+00  MLUPS:029160  cache block size:5700kiB  reps:4  perf err:  2.4%
OMP: Info #277: omp_set_nested routine deprecated, please use omp_set_max_active_levels instead.
[AUTO TUNE]     [004: 6604.10]  time:8.830875e-01  MLUPS:005832  cache block size:8550kiB  reps:1  perf err: 100.0%
OMP: Info #277: omp_set_nested routine deprecated, please use omp_set_max_active_levels instead.
[AUTO TUNE]     [004: 5138.14]  time:2.648428e+00  MLUPS:013608  cache block size:8550kiB  reps:2  perf err: 28.5%
OMP: Info #277: omp_set_nested routine deprecated, please use omp_set_max_active_levels instead.
[AUTO TUNE]     [004: 4775.73]  time:4.477640e+00  MLUPS:021384  cache block size:8550kiB  reps:3  perf err:  7.6%
OMP: Info #277: omp_set_nested routine deprecated, please use omp_set_max_active_levels instead.
[AUTO TUNE]     [004: 4646.95]  time:6.275087e+00  MLUPS:029160  cache block size:8550kiB  reps:4  perf err:  2.8%
OMP: Info #277: omp_set_nested routine deprecated, please use omp_set_max_active_levels instead.
[AUTO TUNE]     [004: 4544.26]  time:8.128051e+00  MLUPS:036936  cache block size:8550kiB  reps:5  perf err:  2.3%
[AUTO TUNE]   Diamond width:08  [wavefronts #: pefromance (MLUPS/s)]
OMP: Info #277: omp_set_nested routine deprecated, please use omp_set_max_active_levels instead.
[AUTO TUNE]     [002: 17892.97]  time:5.432301e-01  MLUPS:009720  cache block size:15960kiB  reps:1  perf err: 100.0%
OMP: Info #277: omp_set_nested routine deprecated, please use omp_set_max_active_levels instead.
[AUTO TUNE]     [002: 15079.50]  time:1.675917e+00  MLUPS:025272  cache block size:15960kiB  reps:2  perf err: 18.7%
OMP: Info #277: omp_set_nested routine deprecated, please use omp_set_max_active_levels instead.
[AUTO TUNE]     [002: 14386.57]  time:2.837647e+00  MLUPS:040824  cache block size:15960kiB  reps:3  perf err:  4.8%
OMP: Info #277: omp_set_nested routine deprecated, please use omp_set_max_active_levels instead.
[AUTO TUNE]     [002: 14126.37]  time:3.990833e+00  MLUPS:056376  cache block size:15960kiB  reps:4  perf err:  1.8%
OMP: Info #277: omp_set_nested routine deprecated, please use omp_set_max_active_levels instead.
[AUTO TUNE]     [004: 12170.44]  time:7.986566e-01  MLUPS:009720  cache block size:21090kiB  reps:1  perf err: 100.0%
OMP: Info #277: omp_set_nested routine deprecated, please use omp_set_max_active_levels instead.
[AUTO TUNE]     [004: 10159.80]  time:2.487451e+00  MLUPS:025272  cache block size:21090kiB  reps:2  perf err: 19.8%
OMP: Info #277: omp_set_nested routine deprecated, please use omp_set_max_active_levels instead.
[AUTO TUNE]     [004: 9628.60]  time:4.239867e+00  MLUPS:040824  cache block size:21090kiB  reps:3  perf err:  5.5%
OMP: Info #277: omp_set_nested routine deprecated, please use omp_set_max_active_levels instead.
[AUTO TUNE]     [004: 9322.25]  time:6.047465e+00  MLUPS:056376  cache block size:21090kiB  reps:4  perf err:  3.3%
OMP: Info #277: omp_set_nested routine deprecated, please use omp_set_max_active_levels instead.
[AUTO TUNE]     [004: 9235.69]  time:7.788051e+00  MLUPS:071928  cache block size:21090kiB  reps:5  perf err:  0.9%
[AUTO TUNE]   Diamond width:12  [wavefronts #: pefromance (MLUPS/s)]
OMP: Info #277: omp_set_nested routine deprecated, please use omp_set_max_active_levels instead.
[AUTO TUNE]     [002: 25928.45]  time:5.248290e-01  MLUPS:013608  cache block size:30780kiB  reps:1  perf err: 100.0%
OMP: Info #277: omp_set_nested routine deprecated, please use omp_set_max_active_levels instead.
[AUTO TUNE]     [002: 24052.92]  time:1.535614e+00  MLUPS:036936  cache block size:30780kiB  reps:2  perf err:  7.8%
OMP: Info #277: omp_set_nested routine deprecated, please use omp_set_max_active_levels instead.
[AUTO TUNE]     [002: 23411.26]  time:2.574146e+00  MLUPS:060264  cache block size:30780kiB  reps:3  perf err:  2.7%
OMP: Info #277: omp_set_nested routine deprecated, please use omp_set_max_active_levels instead.
[AUTO TUNE]     [002: 23829.53]  time:3.507917e+00  MLUPS:083592  cache block size:30780kiB  reps:4  perf err:  1.8%
OMP: Info #277: omp_set_nested routine deprecated, please use omp_set_max_active_levels instead.
[AUTO TUNE]     [004: 24727.89]  time:5.503098e-01  MLUPS:013608  cache block size:38190kiB  reps:1  perf err: 100.0%
OMP: Info #277: omp_set_nested routine deprecated, please use omp_set_max_active_levels instead.
[AUTO TUNE]     [004: 21627.85]  time:1.707798e+00  MLUPS:036936  cache block size:38190kiB  reps:2  perf err: 14.3%
OMP: Info #277: omp_set_nested routine deprecated, please use omp_set_max_active_levels instead.
[AUTO TUNE]     [004: 22206.40]  time:2.713812e+00  MLUPS:060264  cache block size:38190kiB  reps:3  perf err:  2.6%
OMP: Info #277: omp_set_nested routine deprecated, please use omp_set_max_active_levels instead.
[AUTO TUNE]     [004: 21731.30]  time:3.846618e+00  MLUPS:083592  cache block size:38190kiB  reps:4  perf err:  2.2%
[AUTO TUNE]   Diamond width:20  [wavefronts #: pefromance (MLUPS/s)]
OMP: Info #277: omp_set_nested routine deprecated, please use omp_set_max_active_levels instead.
[AUTO TUNE]     [002: 29374.29]  time:7.279835e-01  MLUPS:021384  cache block size:74100kiB  reps:1  perf err: 100.0%
OMP: Info #277: omp_set_nested routine deprecated, please use omp_set_max_active_levels instead.
[AUTO TUNE]     [002: 29671.21]  time:2.031059e+00  MLUPS:060264  cache block size:74100kiB  reps:2  perf err:  1.0%
OMP: Info #277: omp_set_nested routine deprecated, please use omp_set_max_active_levels instead.
[AUTO TUNE]     [004: 33837.09]  time:6.319693e-01  MLUPS:021384  cache block size:86070kiB  reps:1  perf err: 100.0%
OMP: Info #277: omp_set_nested routine deprecated, please use omp_set_max_active_levels instead.
[AUTO TUNE]     [004: 33898.80]  time:1.777762e+00  MLUPS:060264  cache block size:86070kiB  reps:2  perf err:  0.2%
OMP: Info #277: omp_set_nested routine deprecated, please use omp_set_max_active_levels instead.
[AUTO TUNE]     [006: 34423.62]  time:6.212014e-01  MLUPS:021384  cache block size:98040kiB  reps:1  perf err: 100.0%
OMP: Info #277: omp_set_nested routine deprecated, please use omp_set_max_active_levels instead.
[AUTO TUNE]     [006: 34930.37]  time:1.725261e+00  MLUPS:060264  cache block size:98040kiB  reps:2  perf err:  1.5%
OMP: Info #277: omp_set_nested routine deprecated, please use omp_set_max_active_levels instead.
[AUTO TUNE]     [008: 35855.73]  time:5.963900e-01  MLUPS:021384  cache block size:110010kiB  reps:1  perf err: 100.0%
OMP: Info #277: omp_set_nested routine deprecated, please use omp_set_max_active_levels instead.
[AUTO TUNE]     [008: 35600.84]  time:1.692769e+00  MLUPS:060264  cache block size:110010kiB  reps:2  perf err:  0.7%
OMP: Info #277: omp_set_nested routine deprecated, please use omp_set_max_active_levels instead.
[AUTO TUNE]     [010: 35164.73]  time:6.081092e-01  MLUPS:021384  cache block size:121980kiB  reps:1  perf err: 100.0%
OMP: Info #277: omp_set_nested routine deprecated, please use omp_set_max_active_levels instead.
[AUTO TUNE]     [010: 36701.77]  time:1.641992e+00  MLUPS:060264  cache block size:121980kiB  reps:2  perf err:  4.2%
OMP: Info #277: omp_set_nested routine deprecated, please use omp_set_max_active_levels instead.
[AUTO TUNE]     [010: 37241.21]  time:2.662212e+00  MLUPS:099144  cache block size:121980kiB  reps:3  perf err:  1.4%
OMP: Info #277: omp_set_nested routine deprecated, please use omp_set_max_active_levels instead.
[AUTO TUNE]     [012: 35526.67]  time:6.019139e-01  MLUPS:021384  cache block size:133950kiB  reps:1  perf err: 100.0%
OMP: Info #277: omp_set_nested routine deprecated, please use omp_set_max_active_levels instead.
[AUTO TUNE]     [012: 37024.45]  time:1.627681e+00  MLUPS:060264  cache block size:133950kiB  reps:2  perf err:  4.0%
OMP: Info #277: omp_set_nested routine deprecated, please use omp_set_max_active_levels instead.
[AUTO TUNE]     [012: 37405.54]  time:2.650516e+00  MLUPS:099144  cache block size:133950kiB  reps:3  perf err:  1.0%
OMP: Info #277: omp_set_nested routine deprecated, please use omp_set_max_active_levels instead.
[AUTO TUNE]     [014: 35974.91]  time:5.944144e-01  MLUPS:021384  cache block size:145920kiB  reps:1  perf err: 100.0%
OMP: Info #277: omp_set_nested routine deprecated, please use omp_set_max_active_levels instead.
[AUTO TUNE]     [014: 37464.10]  time:1.608580e+00  MLUPS:060264  cache block size:145920kiB  reps:2  perf err:  4.0%
OMP: Info #277: omp_set_nested routine deprecated, please use omp_set_max_active_levels instead.
[AUTO TUNE]     [014: 38220.37]  time:2.594009e+00  MLUPS:099144  cache block size:145920kiB  reps:3  perf err:  2.0%
OMP: Info #277: omp_set_nested routine deprecated, please use omp_set_max_active_levels instead.
[AUTO TUNE]     [016: 36273.67]  time:5.895185e-01  MLUPS:021384  cache block size:157890kiB  reps:1  perf err: 100.0%
OMP: Info #277: omp_set_nested routine deprecated, please use omp_set_max_active_levels instead.
[AUTO TUNE]     [016: 37626.22]  time:1.601649e+00  MLUPS:060264  cache block size:157890kiB  reps:2  perf err:  3.6%
OMP: Info #277: omp_set_nested routine deprecated, please use omp_set_max_active_levels instead.
[AUTO TUNE]     [016: 38318.88]  time:2.587341e+00  MLUPS:099144  cache block size:157890kiB  reps:3  perf err:  1.8%
OMP: Info #277: omp_set_nested routine deprecated, please use omp_set_max_active_levels instead.
[AUTO TUNE]     [018: 36796.58]  time:5.811409e-01  MLUPS:021384  cache block size:169860kiB  reps:1  perf err: 100.0%
OMP: Info #277: omp_set_nested routine deprecated, please use omp_set_max_active_levels instead.
[AUTO TUNE]     [018: 37755.36]  time:1.596171e+00  MLUPS:060264  cache block size:169860kiB  reps:2  perf err:  2.5%
OMP: Info #277: omp_set_nested routine deprecated, please use omp_set_max_active_levels instead.
[AUTO TUNE]     [018: 38744.95]  time:2.558889e+00  MLUPS:099144  cache block size:169860kiB  reps:3  perf err:  2.6%
OMP: Info #277: omp_set_nested routine deprecated, please use omp_set_max_active_levels instead.
[AUTO TUNE]     [018: 38695.60]  time:3.566918e+00  MLUPS:138024  cache block size:169860kiB  reps:4  perf err:  0.1%
OMP: Info #277: omp_set_nested routine deprecated, please use omp_set_max_active_levels instead.
[AUTO TUNE]     [020: 36793.38]  time:5.811916e-01  MLUPS:021384  cache block size:181830kiB  reps:1  perf err: 100.0%
OMP: Info #277: omp_set_nested routine deprecated, please use omp_set_max_active_levels instead.
[AUTO TUNE]     [020: 37584.35]  time:1.603433e+00  MLUPS:060264  cache block size:181830kiB  reps:2  perf err:  2.1%
[AUTO TUNE] COMPLETE tune case #03: Thread group size:02  thc:01  thx:01  thy:01  thz:02  t_dim:09  bs_z:18  perf:38695.60 MLUP/s

[AUTO TUNE] START tune case #04: Thread group size:03  thc:01  thx:03  thy:01  thz:01  Possilbe diam width: 4 8 12 20 24
[AUTO TUNE]   Diamond width:04  [wavefronts #: pefromance (MLUPS/s)]
OMP: Info #277: omp_set_nested routine deprecated, please use omp_set_max_active_levels instead.
[AUTO TUNE]     [001: 19384.73]  time:3.008553e-01  MLUPS:005832  cache block size:2850kiB  reps:1  perf err: 100.0%
OMP: Info #277: omp_set_nested routine deprecated, please use omp_set_max_active_levels instead.
[AUTO TUNE]     [001: 14781.35]  time:9.206193e-01  MLUPS:013608  cache block size:2850kiB  reps:2  perf err: 31.1%
OMP: Info #277: omp_set_nested routine deprecated, please use omp_set_max_active_levels instead.
[AUTO TUNE]     [001: 14520.44]  time:1.472683e+00  MLUPS:021384  cache block size:2850kiB  reps:3  perf err:  1.8%
OMP: Info #277: omp_set_nested routine deprecated, please use omp_set_max_active_levels instead.
[AUTO TUNE]     [002: 19187.91]  time:3.039414e-01  MLUPS:005832  cache block size:3800kiB  reps:1  perf err: 100.0%
OMP: Info #277: omp_set_nested routine deprecated, please use omp_set_max_active_levels instead.
[AUTO TUNE]     [002: 14963.16]  time:9.094337e-01  MLUPS:013608  cache block size:3800kiB  reps:2  perf err: 28.2%
OMP: Info #277: omp_set_nested routine deprecated, please use omp_set_max_active_levels instead.
[AUTO TUNE]     [002: 14006.72]  time:1.526696e+00  MLUPS:021384  cache block size:3800kiB  reps:3  perf err:  6.8%
OMP: Info #277: omp_set_nested routine deprecated, please use omp_set_max_active_levels instead.
[AUTO TUNE]     [002: 13729.74]  time:2.123856e+00  MLUPS:029160  cache block size:3800kiB  reps:4  perf err:  2.0%
[AUTO TUNE]   Diamond width:08  [wavefronts #: pefromance (MLUPS/s)]
OMP: Info #277: omp_set_nested routine deprecated, please use omp_set_max_active_levels instead.
[AUTO TUNE]     [001: 22223.92]  time:4.373665e-01  MLUPS:009720  cache block size:8930kiB  reps:1  perf err: 100.0%
OMP: Info #277: omp_set_nested routine deprecated, please use omp_set_max_active_levels instead.
[AUTO TUNE]     [001: 19802.69]  time:1.276190e+00  MLUPS:025272  cache block size:8930kiB  reps:2  perf err: 12.2%
OMP: Info #277: omp_set_nested routine deprecated, please use omp_set_max_active_levels instead.
[AUTO TUNE]     [001: 19320.54]  time:2.112984e+00  MLUPS:040824  cache block size:8930kiB  reps:3  perf err:  2.5%
OMP: Info #277: omp_set_nested routine deprecated, please use omp_set_max_active_levels instead.
[AUTO TUNE]     [002: 24191.60]  time:4.017924e-01  MLUPS:009720  cache block size:10640kiB  reps:1  perf err: 100.0%
OMP: Info #277: omp_set_nested routine deprecated, please use omp_set_max_active_levels instead.
[AUTO TUNE]     [002: 21542.62]  time:1.173116e+00  MLUPS:025272  cache block size:10640kiB  reps:2  perf err: 12.3%
OMP: Info #277: omp_set_nested routine deprecated, please use omp_set_max_active_levels instead.
[AUTO TUNE]     [002: 21035.41]  time:1.940727e+00  MLUPS:040824  cache block size:10640kiB  reps:3  perf err:  2.4%
OMP: Info #277: omp_set_nested routine deprecated, please use omp_set_max_active_levels instead.
[AUTO TUNE]     [003: 24911.74]  time:3.901775e-01  MLUPS:009720  cache block size:12350kiB  reps:1  perf err: 100.0%
OMP: Info #277: omp_set_nested routine deprecated, please use omp_set_max_active_levels instead.
[AUTO TUNE]     [003: 22312.96]  time:1.132615e+00  MLUPS:025272  cache block size:12350kiB  reps:2  perf err: 11.6%
OMP: Info #277: omp_set_nested routine deprecated, please use omp_set_max_active_levels instead.
[AUTO TUNE]     [003: 21733.86]  time:1.878360e+00  MLUPS:040824  cache block size:12350kiB  reps:3  perf err:  2.7%
OMP: Info #277: omp_set_nested routine deprecated, please use omp_set_max_active_levels instead.
[AUTO TUNE]     [003: 21515.11]  time:2.620298e+00  MLUPS:056376  cache block size:12350kiB  reps:4  perf err:  1.0%
OMP: Info #277: omp_set_nested routine deprecated, please use omp_set_max_active_levels instead.
[AUTO TUNE]     [004: 25115.29]  time:3.870153e-01  MLUPS:009720  cache block size:14060kiB  reps:1  perf err: 100.0%
OMP: Info #277: omp_set_nested routine deprecated, please use omp_set_max_active_levels instead.
[AUTO TUNE]     [004: 22387.47]  time:1.128846e+00  MLUPS:025272  cache block size:14060kiB  reps:2  perf err: 12.2%
OMP: Info #277: omp_set_nested routine deprecated, please use omp_set_max_active_levels instead.
[AUTO TUNE]     [004: 21800.08]  time:1.872654e+00  MLUPS:040824  cache block size:14060kiB  reps:3  perf err:  2.7%
OMP: Info #277: omp_set_nested routine deprecated, please use omp_set_max_active_levels instead.
[AUTO TUNE]     [004: 21677.21]  time:2.600703e+00  MLUPS:056376  cache block size:14060kiB  reps:4  perf err:  0.6%
OMP: Info #277: omp_set_nested routine deprecated, please use omp_set_max_active_levels instead.
[AUTO TUNE]     [005: 17416.97]  time:5.580764e-01  MLUPS:009720  cache block size:15770kiB  reps:1  perf err: 100.0%
OMP: Info #277: omp_set_nested routine deprecated, please use omp_set_max_active_levels instead.
[AUTO TUNE]     [005: 22634.16]  time:1.116543e+00  MLUPS:025272  cache block size:15770kiB  reps:2  perf err: 23.1%
OMP: Info #277: omp_set_nested routine deprecated, please use omp_set_max_active_levels instead.
[AUTO TUNE]     [005: 22010.13]  time:1.854782e+00  MLUPS:040824  cache block size:15770kiB  reps:3  perf err:  2.8%
OMP: Info #277: omp_set_nested routine deprecated, please use omp_set_max_active_levels instead.
[AUTO TUNE]     [005: 21712.12]  time:2.596523e+00  MLUPS:056376  cache block size:15770kiB  reps:4  perf err:  1.4%
OMP: Info #277: omp_set_nested routine deprecated, please use omp_set_max_active_levels instead.
[AUTO TUNE]     [006: 25353.10]  time:3.833851e-01  MLUPS:009720  cache block size:17480kiB  reps:1  perf err: 100.0%
OMP: Info #277: omp_set_nested routine deprecated, please use omp_set_max_active_levels instead.
[AUTO TUNE]     [006: 22494.01]  time:1.123499e+00  MLUPS:025272  cache block size:17480kiB  reps:2  perf err: 12.7%
OMP: Info #277: omp_set_nested routine deprecated, please use omp_set_max_active_levels instead.
[AUTO TUNE]     [006: 21941.28]  time:1.860602e+00  MLUPS:040824  cache block size:17480kiB  reps:3  perf err:  2.5%
OMP: Info #277: omp_set_nested routine deprecated, please use omp_set_max_active_levels instead.
[AUTO TUNE]     [006: 21733.67]  time:2.593948e+00  MLUPS:056376  cache block size:17480kiB  reps:4  perf err:  1.0%
OMP: Info #277: omp_set_nested routine deprecated, please use omp_set_max_active_levels instead.
[AUTO TUNE]     [007: 25398.55]  time:3.826990e-01  MLUPS:009720  cache block size:19190kiB  reps:1  perf err: 100.0%
OMP: Info #277: omp_set_nested routine deprecated, please use omp_set_max_active_levels instead.
[AUTO TUNE]     [007: 22547.20]  time:1.120849e+00  MLUPS:025272  cache block size:19190kiB  reps:2  perf err: 12.6%
OMP: Info #277: omp_set_nested routine deprecated, please use omp_set_max_active_levels instead.
[AUTO TUNE]     [007: 21938.08]  time:1.860874e+00  MLUPS:040824  cache block size:19190kiB  reps:3  perf err:  2.8%
OMP: Info #277: omp_set_nested routine deprecated, please use omp_set_max_active_levels instead.
[AUTO TUNE]     [007: 21727.23]  time:2.594717e+00  MLUPS:056376  cache block size:19190kiB  reps:4  perf err:  1.0%
[AUTO TUNE]   Diamond width:12  [wavefronts #: pefromance (MLUPS/s)]
OMP: Info #277: omp_set_nested routine deprecated, please use omp_set_max_active_levels instead.
[AUTO TUNE]     [001: 23493.19]  time:5.792317e-01  MLUPS:013608  cache block size:18050kiB  reps:1  perf err: 100.0%
OMP: Info #277: omp_set_nested routine deprecated, please use omp_set_max_active_levels instead.
[AUTO TUNE]     [001: 22052.40]  time:1.674920e+00  MLUPS:036936  cache block size:18050kiB  reps:2  perf err:  6.5%
OMP: Info #277: omp_set_nested routine deprecated, please use omp_set_max_active_levels instead.
[AUTO TUNE]     [001: 21780.42]  time:2.766889e+00  MLUPS:060264  cache block size:18050kiB  reps:3  perf err:  1.2%
OMP: Info #277: omp_set_nested routine deprecated, please use omp_set_max_active_levels instead.
[AUTO TUNE]     [002: 25074.95]  time:5.426930e-01  MLUPS:013608  cache block size:20520kiB  reps:1  perf err: 100.0%
OMP: Info #277: omp_set_nested routine deprecated, please use omp_set_max_active_levels instead.
[AUTO TUNE]     [002: 23786.53]  time:1.552812e+00  MLUPS:036936  cache block size:20520kiB  reps:2  perf err:  5.4%
OMP: Info #277: omp_set_nested routine deprecated, please use omp_set_max_active_levels instead.
[AUTO TUNE]     [002: 23375.04]  time:2.578135e+00  MLUPS:060264  cache block size:20520kiB  reps:3  perf err:  1.8%
OMP: Info #277: omp_set_nested routine deprecated, please use omp_set_max_active_levels instead.
[AUTO TUNE]     [003: 25709.21]  time:5.293044e-01  MLUPS:013608  cache block size:22990kiB  reps:1  perf err: 100.0%
OMP: Info #277: omp_set_nested routine deprecated, please use omp_set_max_active_levels instead.
[AUTO TUNE]     [003: 24383.89]  time:1.514771e+00  MLUPS:036936  cache block size:22990kiB  reps:2  perf err:  5.4%
OMP: Info #277: omp_set_nested routine deprecated, please use omp_set_max_active_levels instead.
[AUTO TUNE]     [003: 23970.01]  time:2.514142e+00  MLUPS:060264  cache block size:22990kiB  reps:3  perf err:  1.7%
OMP: Info #277: omp_set_nested routine deprecated, please use omp_set_max_active_levels instead.
[AUTO TUNE]     [004: 26265.23]  time:5.180994e-01  MLUPS:013608  cache block size:25460kiB  reps:1  perf err: 100.0%
OMP: Info #277: omp_set_nested routine deprecated, please use omp_set_max_active_levels instead.
[AUTO TUNE]     [004: 24574.20]  time:1.503039e+00  MLUPS:036936  cache block size:25460kiB  reps:2  perf err:  6.9%
OMP: Info #277: omp_set_nested routine deprecated, please use omp_set_max_active_levels instead.
[AUTO TUNE]     [004: 24134.49]  time:2.497007e+00  MLUPS:060264  cache block size:25460kiB  reps:3  perf err:  1.8%
OMP: Info #277: omp_set_nested routine deprecated, please use omp_set_max_active_levels instead.
[AUTO TUNE]     [005: 26292.17]  time:5.175685e-01  MLUPS:013608  cache block size:27930kiB  reps:1  perf err: 100.0%
OMP: Info #277: omp_set_nested routine deprecated, please use omp_set_max_active_levels instead.
[AUTO TUNE]     [005: 24461.36]  time:1.509974e+00  MLUPS:036936  cache block size:27930kiB  reps:2  perf err:  7.5%
OMP: Info #277: omp_set_nested routine deprecated, please use omp_set_max_active_levels instead.
[AUTO TUNE]     [005: 24312.72]  time:2.478702e+00  MLUPS:060264  cache block size:27930kiB  reps:3  perf err:  0.6%
OMP: Info #277: omp_set_nested routine deprecated, please use omp_set_max_active_levels instead.
[AUTO TUNE]     [006: 26410.66]  time:5.152465e-01  MLUPS:013608  cache block size:30400kiB  reps:1  perf err: 100.0%
OMP: Info #277: omp_set_nested routine deprecated, please use omp_set_max_active_levels instead.
[AUTO TUNE]     [006: 24791.36]  time:1.489874e+00  MLUPS:036936  cache block size:30400kiB  reps:2  perf err:  6.5%
OMP: Info #277: omp_set_nested routine deprecated, please use omp_set_max_active_levels instead.
[AUTO TUNE]     [006: 24391.46]  time:2.470701e+00  MLUPS:060264  cache block size:30400kiB  reps:3  perf err:  1.6%
OMP: Info #277: omp_set_nested routine deprecated, please use omp_set_max_active_levels instead.
[AUTO TUNE]     [007: 26531.03]  time:5.129089e-01  MLUPS:013608  cache block size:32870kiB  reps:1  perf err: 100.0%
OMP: Info #277: omp_set_nested routine deprecated, please use omp_set_max_active_levels instead.
[AUTO TUNE]     [007: 24721.60]  time:1.494078e+00  MLUPS:036936  cache block size:32870kiB  reps:2  perf err:  7.3%
OMP: Info #277: omp_set_nested routine deprecated, please use omp_set_max_active_levels instead.
[AUTO TUNE]     [007: 24512.11]  time:2.458540e+00  MLUPS:060264  cache block size:32870kiB  reps:3  perf err:  0.9%
OMP: Info #277: omp_set_nested routine deprecated, please use omp_set_max_active_levels instead.
[AUTO TUNE]     [008: 26589.63]  time:5.117784e-01  MLUPS:013608  cache block size:35340kiB  reps:1  perf err: 100.0%
OMP: Info #277: omp_set_nested routine deprecated, please use omp_set_max_active_levels instead.
[AUTO TUNE]     [008: 24772.69]  time:1.490997e+00  MLUPS:036936  cache block size:35340kiB  reps:2  perf err:  7.3%
OMP: Info #277: omp_set_nested routine deprecated, please use omp_set_max_active_levels instead.
[AUTO TUNE]     [008: 24452.02]  time:2.464582e+00  MLUPS:060264  cache block size:35340kiB  reps:3  perf err:  1.3%
[AUTO TUNE]   Diamond width:20  [wavefronts #: pefromance (MLUPS/s)]
OMP: Info #277: omp_set_nested routine deprecated, please use omp_set_max_active_levels instead.
[AUTO TUNE]     [001: 23724.25]  time:9.013562e-01  MLUPS:021384  cache block size:45410kiB  reps:1  perf err: 100.0%
OMP: Info #277: omp_set_nested routine deprecated, please use omp_set_max_active_levels instead.
[AUTO TUNE]     [001: 23849.31]  time:2.526865e+00  MLUPS:060264  cache block size:45410kiB  reps:2  perf err:  0.5%
OMP: Info #277: omp_set_nested routine deprecated, please use omp_set_max_active_levels instead.
[AUTO TUNE]     [002: 25070.18]  time:8.529655e-01  MLUPS:021384  cache block size:49400kiB  reps:1  perf err: 100.0%
OMP: Info #277: omp_set_nested routine deprecated, please use omp_set_max_active_levels instead.
[AUTO TUNE]     [002: 24910.66]  time:2.419205e+00  MLUPS:060264  cache block size:49400kiB  reps:2  perf err:  0.6%
OMP: Info #277: omp_set_nested routine deprecated, please use omp_set_max_active_levels instead.
[AUTO TUNE]     [003: 25514.81]  time:8.381014e-01  MLUPS:021384  cache block size:53390kiB  reps:1  perf err: 100.0%
OMP: Info #277: omp_set_nested routine deprecated, please use omp_set_max_active_levels instead.
[AUTO TUNE]     [003: 25323.21]  time:2.379793e+00  MLUPS:060264  cache block size:53390kiB  reps:2  perf err:  0.8%
OMP: Info #277: omp_set_nested routine deprecated, please use omp_set_max_active_levels instead.
[AUTO TUNE]     [004: 25468.25]  time:8.396335e-01  MLUPS:021384  cache block size:57380kiB  reps:1  perf err: 100.0%
OMP: Info #277: omp_set_nested routine deprecated, please use omp_set_max_active_levels instead.
[AUTO TUNE]     [004: 25285.82]  time:2.383312e+00  MLUPS:060264  cache block size:57380kiB  reps:2  perf err:  0.7%
[AUTO TUNE]   Diamond width:24  [wavefronts #: pefromance (MLUPS/s)]
OMP: Info #277: omp_set_nested routine deprecated, please use omp_set_max_active_levels instead.
[AUTO TUNE]     [001: 22226.79]  time:1.137007e+00  MLUPS:025272  cache block size:63650kiB  reps:1  perf err: 100.0%
OMP: Info #277: omp_set_nested routine deprecated, please use omp_set_max_active_levels instead.
[AUTO TUNE]     [001: 23335.09]  time:3.082397e+00  MLUPS:071928  cache block size:63650kiB  reps:2  perf err:  4.7%
OMP: Info #277: omp_set_nested routine deprecated, please use omp_set_max_active_levels instead.
[AUTO TUNE]     [001: 23504.65]  time:5.045130e+00  MLUPS:118584  cache block size:63650kiB  reps:3  perf err:  0.7%
OMP: Info #277: omp_set_nested routine deprecated, please use omp_set_max_active_levels instead.
[AUTO TUNE]     [002: 24760.66]  time:1.020651e+00  MLUPS:025272  cache block size:68400kiB  reps:1  perf err: 100.0%
OMP: Info #277: omp_set_nested routine deprecated, please use omp_set_max_active_levels instead.
[AUTO TUNE]     [002: 23853.75]  time:3.015375e+00  MLUPS:071928  cache block size:68400kiB  reps:2  perf err:  3.8%
OMP: Info #277: omp_set_nested routine deprecated, please use omp_set_max_active_levels instead.
[AUTO TUNE]     [002: 24077.00]  time:4.925198e+00  MLUPS:118584  cache block size:68400kiB  reps:3  perf err:  0.9%
OMP: Info #277: omp_set_nested routine deprecated, please use omp_set_max_active_levels instead.
[AUTO TUNE]     [003: 25032.12]  time:1.009583e+00  MLUPS:025272  cache block size:73150kiB  reps:1  perf err: 100.0%
OMP: Info #277: omp_set_nested routine deprecated, please use omp_set_max_active_levels instead.
[AUTO TUNE]     [003: 23975.31]  time:3.000087e+00  MLUPS:071928  cache block size:73150kiB  reps:2  perf err:  4.4%
OMP: Info #277: omp_set_nested routine deprecated, please use omp_set_max_active_levels instead.
[AUTO TUNE]     [003: 24409.05]  time:4.858197e+00  MLUPS:118584  cache block size:73150kiB  reps:3  perf err:  1.8%
OMP: Info #277: omp_set_nested routine deprecated, please use omp_set_max_active_levels instead.
[AUTO TUNE]     [004: 25206.59]  time:1.002595e+00  MLUPS:025272  cache block size:77900kiB  reps:1  perf err: 100.0%
OMP: Info #277: omp_set_nested routine deprecated, please use omp_set_max_active_levels instead.
[AUTO TUNE]     [004: 24067.00]  time:2.988657e+00  MLUPS:071928  cache block size:77900kiB  reps:2  perf err:  4.7%
OMP: Info #277: omp_set_nested routine deprecated, please use omp_set_max_active_levels instead.
[AUTO TUNE]     [004: 24435.86]  time:4.852868e+00  MLUPS:118584  cache block size:77900kiB  reps:3  perf err:  1.5%
OMP: Info #277: omp_set_nested routine deprecated, please use omp_set_max_active_levels instead.
[AUTO TUNE]     [005: 25435.95]  time:9.935545e-01  MLUPS:025272  cache block size:82650kiB  reps:1  perf err: 100.0%
OMP: Info #277: omp_set_nested routine deprecated, please use omp_set_max_active_levels instead.
[AUTO TUNE]     [005: 24290.84]  time:2.961116e+00  MLUPS:071928  cache block size:82650kiB  reps:2  perf err:  4.7%
OMP: Info #277: omp_set_nested routine deprecated, please use omp_set_max_active_levels instead.
[AUTO TUNE]     [005: 24637.45]  time:4.813161e+00  MLUPS:118584  cache block size:82650kiB  reps:3  perf err:  1.4%
OMP: Info #277: omp_set_nested routine deprecated, please use omp_set_max_active_levels instead.
[AUTO TUNE]     [006: 25499.50]  time:9.910783e-01  MLUPS:025272  cache block size:87400kiB  reps:1  perf err: 100.0%
OMP: Info #277: omp_set_nested routine deprecated, please use omp_set_max_active_levels instead.
[AUTO TUNE]     [006: 24480.97]  time:2.938118e+00  MLUPS:071928  cache block size:87400kiB  reps:2  perf err:  4.2%
OMP: Info #277: omp_set_nested routine deprecated, please use omp_set_max_active_levels instead.
[AUTO TUNE]     [006: 24744.04]  time:4.792426e+00  MLUPS:118584  cache block size:87400kiB  reps:3  perf err:  1.1%
OMP: Info #277: omp_set_nested routine deprecated, please use omp_set_max_active_levels instead.
[AUTO TUNE]     [007: 25495.99]  time:9.912148e-01  MLUPS:025272  cache block size:92150kiB  reps:1  perf err: 100.0%
OMP: Info #277: omp_set_nested routine deprecated, please use omp_set_max_active_levels instead.
[AUTO TUNE]     [007: 24420.99]  time:2.945335e+00  MLUPS:071928  cache block size:92150kiB  reps:2  perf err:  4.4%
OMP: Info #277: omp_set_nested routine deprecated, please use omp_set_max_active_levels instead.
[AUTO TUNE]     [007: 24743.69]  time:4.792496e+00  MLUPS:118584  cache block size:92150kiB  reps:3  perf err:  1.3%
[AUTO TUNE] COMPLETE tune case #04: Thread group size:03  thc:01  thx:03  thy:01  thz:01  t_dim:09  bs_z:03  perf:25323.21 MLUP/s

[AUTO TUNE] START tune case #05: Thread group size:03  thc:01  thx:01  thy:01  thz:03  Possilbe diam width: 4 8 12 20 24
[AUTO TUNE]   Diamond width:04  [wavefronts #: pefromance (MLUPS/s)]
OMP: Info #277: omp_set_nested routine deprecated, please use omp_set_max_active_levels instead.
[AUTO TUNE]     [003: 13922.93]  time:4.188773e-01  MLUPS:005832  cache block size:4750kiB  reps:1  perf err: 100.0%
OMP: Info #277: omp_set_nested routine deprecated, please use omp_set_max_active_levels instead.
[AUTO TUNE]     [003: 9633.52]  time:1.412568e+00  MLUPS:013608  cache block size:4750kiB  reps:2  perf err: 44.5%
OMP: Info #277: omp_set_nested routine deprecated, please use omp_set_max_active_levels instead.
[AUTO TUNE]     [003: 8832.27]  time:2.421122e+00  MLUPS:021384  cache block size:4750kiB  reps:3  perf err:  9.1%
OMP: Info #277: omp_set_nested routine deprecated, please use omp_set_max_active_levels instead.
[AUTO TUNE]     [003: 8575.19]  time:3.400506e+00  MLUPS:029160  cache block size:4750kiB  reps:4  perf err:  3.0%
OMP: Info #277: omp_set_nested routine deprecated, please use omp_set_max_active_levels instead.
[AUTO TUNE]     [003: 8298.76]  time:4.450785e+00  MLUPS:036936  cache block size:4750kiB  reps:5  perf err:  3.3%
OMP: Info #277: omp_set_nested routine deprecated, please use omp_set_max_active_levels instead.
[AUTO TUNE]     [003: 8105.07]  time:5.516549e+00  MLUPS:044712  cache block size:4750kiB  reps:6  perf err:  2.4%
OMP: Info #277: omp_set_nested routine deprecated, please use omp_set_max_active_levels instead.
[AUTO TUNE]     [006: 9560.91]  time:6.099837e-01  MLUPS:005832  cache block size:7600kiB  reps:1  perf err: 100.0%
OMP: Info #277: omp_set_nested routine deprecated, please use omp_set_max_active_levels instead.
[AUTO TUNE]     [006: 6947.69]  time:1.958635e+00  MLUPS:013608  cache block size:7600kiB  reps:2  perf err: 37.6%
OMP: Info #277: omp_set_nested routine deprecated, please use omp_set_max_active_levels instead.
[AUTO TUNE]     [006: 6503.77]  time:3.287937e+00  MLUPS:021384  cache block size:7600kiB  reps:3  perf err:  6.8%
OMP: Info #277: omp_set_nested routine deprecated, please use omp_set_max_active_levels instead.
[AUTO TUNE]     [006: 6306.91]  time:4.623501e+00  MLUPS:029160  cache block size:7600kiB  reps:4  perf err:  3.1%
OMP: Info #277: omp_set_nested routine deprecated, please use omp_set_max_active_levels instead.
[AUTO TUNE]     [006: 6137.94]  time:6.017654e+00  MLUPS:036936  cache block size:7600kiB  reps:5  perf err:  2.8%
OMP: Info #277: omp_set_nested routine deprecated, please use omp_set_max_active_levels instead.
[AUTO TUNE]     [006: 6087.99]  time:7.344301e+00  MLUPS:044712  cache block size:7600kiB  reps:6  perf err:  0.8%
[AUTO TUNE]   Diamond width:08  [wavefronts #: pefromance (MLUPS/s)]
OMP: Info #277: omp_set_nested routine deprecated, please use omp_set_max_active_levels instead.
[AUTO TUNE]     [003: 20697.19]  time:4.696291e-01  MLUPS:009720  cache block size:12350kiB  reps:1  perf err: 100.0%
OMP: Info #277: omp_set_nested routine deprecated, please use omp_set_max_active_levels instead.
[AUTO TUNE]     [003: 17372.08]  time:1.454748e+00  MLUPS:025272  cache block size:12350kiB  reps:2  perf err: 19.1%
OMP: Info #277: omp_set_nested routine deprecated, please use omp_set_max_active_levels instead.
[AUTO TUNE]     [003: 16978.87]  time:2.404401e+00  MLUPS:040824  cache block size:12350kiB  reps:3  perf err:  2.3%
OMP: Info #277: omp_set_nested routine deprecated, please use omp_set_max_active_levels instead.
[AUTO TUNE]     [006: 12556.88]  time:7.740779e-01  MLUPS:009720  cache block size:17480kiB  reps:1  perf err: 100.0%
OMP: Info #277: omp_set_nested routine deprecated, please use omp_set_max_active_levels instead.
[AUTO TUNE]     [006: 10234.65]  time:2.469259e+00  MLUPS:025272  cache block size:17480kiB  reps:2  perf err: 22.7%
OMP: Info #277: omp_set_nested routine deprecated, please use omp_set_max_active_levels instead.
[AUTO TUNE]     [006: 9870.92]  time:4.135783e+00  MLUPS:040824  cache block size:17480kiB  reps:3  perf err:  3.7%
OMP: Info #277: omp_set_nested routine deprecated, please use omp_set_max_active_levels instead.
[AUTO TUNE]     [006: 9604.54]  time:5.869726e+00  MLUPS:056376  cache block size:17480kiB  reps:4  perf err:  2.8%
OMP: Info #277: omp_set_nested routine deprecated, please use omp_set_max_active_levels instead.
[AUTO TUNE]     [006: 9536.67]  time:7.542258e+00  MLUPS:071928  cache block size:17480kiB  reps:5  perf err:  0.7%
[AUTO TUNE]   Diamond width:12  [wavefronts #: pefromance (MLUPS/s)]
OMP: Info #277: omp_set_nested routine deprecated, please use omp_set_max_active_levels instead.
[AUTO TUNE]     [003: 27644.09]  time:4.922571e-01  MLUPS:013608  cache block size:22990kiB  reps:1  perf err: 100.0%
OMP: Info #277: omp_set_nested routine deprecated, please use omp_set_max_active_levels instead.
[AUTO TUNE]     [003: 24334.86]  time:1.517823e+00  MLUPS:036936  cache block size:22990kiB  reps:2  perf err: 13.6%
OMP: Info #277: omp_set_nested routine deprecated, please use omp_set_max_active_levels instead.
[AUTO TUNE]     [003: 24298.60]  time:2.480142e+00  MLUPS:060264  cache block size:22990kiB  reps:3  perf err:  0.1%
OMP: Info #277: omp_set_nested routine deprecated, please use omp_set_max_active_levels instead.
[AUTO TUNE]     [006: 28362.48]  time:4.797888e-01  MLUPS:013608  cache block size:30400kiB  reps:1  perf err: 100.0%
OMP: Info #277: omp_set_nested routine deprecated, please use omp_set_max_active_levels instead.
[AUTO TUNE]     [006: 25325.39]  time:1.458457e+00  MLUPS:036936  cache block size:30400kiB  reps:2  perf err: 12.0%
OMP: Info #277: omp_set_nested routine deprecated, please use omp_set_max_active_levels instead.
[AUTO TUNE]     [006: 23653.15]  time:2.547821e+00  MLUPS:060264  cache block size:30400kiB  reps:3  perf err:  7.1%
OMP: Info #277: omp_set_nested routine deprecated, please use omp_set_max_active_levels instead.
[AUTO TUNE]     [006: 23413.37]  time:3.570267e+00  MLUPS:083592  cache block size:30400kiB  reps:4  perf err:  1.0%
[AUTO TUNE]   Diamond width:20  [wavefronts #: pefromance (MLUPS/s)]
OMP: Info #277: omp_set_nested routine deprecated, please use omp_set_max_active_levels instead.
[AUTO TUNE]     [003: 30648.54]  time:6.977168e-01  MLUPS:021384  cache block size:53390kiB  reps:1  perf err: 100.0%
OMP: Info #277: omp_set_nested routine deprecated, please use omp_set_max_active_levels instead.
[AUTO TUNE]     [003: 28929.29]  time:2.083148e+00  MLUPS:060264  cache block size:53390kiB  reps:2  perf err:  5.9%
OMP: Info #277: omp_set_nested routine deprecated, please use omp_set_max_active_levels instead.
[AUTO TUNE]     [003: 28948.93]  time:3.424790e+00  MLUPS:099144  cache block size:53390kiB  reps:3  perf err:  0.1%
OMP: Info #277: omp_set_nested routine deprecated, please use omp_set_max_active_levels instead.
[AUTO TUNE]     [006: 37049.33]  time:5.771765e-01  MLUPS:021384  cache block size:65360kiB  reps:1  perf err: 100.0%
OMP: Info #277: omp_set_nested routine deprecated, please use omp_set_max_active_levels instead.
[AUTO TUNE]     [006: 35271.26]  time:1.708587e+00  MLUPS:060264  cache block size:65360kiB  reps:2  perf err:  5.0%
OMP: Info #277: omp_set_nested routine deprecated, please use omp_set_max_active_levels instead.
[AUTO TUNE]     [006: 37388.02]  time:2.651759e+00  MLUPS:099144  cache block size:65360kiB  reps:3  perf err:  5.7%
OMP: Info #277: omp_set_nested routine deprecated, please use omp_set_max_active_levels instead.
[AUTO TUNE]     [006: 37339.26]  time:3.696485e+00  MLUPS:138024  cache block size:65360kiB  reps:4  perf err:  0.1%
OMP: Info #277: omp_set_nested routine deprecated, please use omp_set_max_active_levels instead.
[AUTO TUNE]     [009: 37362.94]  time:5.723318e-01  MLUPS:021384  cache block size:77330kiB  reps:1  perf err: 100.0%
OMP: Info #277: omp_set_nested routine deprecated, please use omp_set_max_active_levels instead.
[AUTO TUNE]     [009: 37923.88]  time:1.589078e+00  MLUPS:060264  cache block size:77330kiB  reps:2  perf err:  1.5%
OMP: Info #277: omp_set_nested routine deprecated, please use omp_set_max_active_levels instead.
[AUTO TUNE]     [012: 38202.61]  time:5.597524e-01  MLUPS:021384  cache block size:89300kiB  reps:1  perf err: 100.0%
OMP: Info #277: omp_set_nested routine deprecated, please use omp_set_max_active_levels instead.
[AUTO TUNE]     [012: 37871.92]  time:1.591258e+00  MLUPS:060264  cache block size:89300kiB  reps:2  perf err:  0.9%
[AUTO TUNE]   Diamond width:24  [wavefronts #: pefromance (MLUPS/s)]
OMP: Info #277: omp_set_nested routine deprecated, please use omp_set_max_active_levels instead.
[AUTO TUNE]     [003: 31905.98]  time:7.920773e-01  MLUPS:025272  cache block size:73150kiB  reps:1  perf err: 100.0%
OMP: Info #277: omp_set_nested routine deprecated, please use omp_set_max_active_levels instead.
[AUTO TUNE]     [003: 31025.66]  time:2.318339e+00  MLUPS:071928  cache block size:73150kiB  reps:2  perf err:  2.8%
OMP: Info #277: omp_set_nested routine deprecated, please use omp_set_max_active_levels instead.
[AUTO TUNE]     [003: 31311.85]  time:3.787193e+00  MLUPS:118584  cache block size:73150kiB  reps:3  perf err:  0.9%
OMP: Info #277: omp_set_nested routine deprecated, please use omp_set_max_active_levels instead.
[AUTO TUNE]     [006: 39066.60]  time:6.468952e-01  MLUPS:025272  cache block size:87400kiB  reps:1  perf err: 100.0%
OMP: Info #277: omp_set_nested routine deprecated, please use omp_set_max_active_levels instead.
[AUTO TUNE]     [006: 35563.42]  time:2.022528e+00  MLUPS:071928  cache block size:87400kiB  reps:2  perf err:  9.9%
OMP: Info #277: omp_set_nested routine deprecated, please use omp_set_max_active_levels instead.
[AUTO TUNE]     [006: 37869.25]  time:3.131406e+00  MLUPS:118584  cache block size:87400kiB  reps:3  perf err:  6.1%
OMP: Info #277: omp_set_nested routine deprecated, please use omp_set_max_active_levels instead.
[AUTO TUNE]     [006: 37897.53]  time:4.360178e+00  MLUPS:165240  cache block size:87400kiB  reps:4  perf err:  0.1%
OMP: Info #277: omp_set_nested routine deprecated, please use omp_set_max_active_levels instead.
[AUTO TUNE]     [009: 39108.72]  time:6.461985e-01  MLUPS:025272  cache block size:101650kiB  reps:1  perf err: 100.0%
OMP: Info #277: omp_set_nested routine deprecated, please use omp_set_max_active_levels instead.
[AUTO TUNE]     [009: 37660.13]  time:1.909925e+00  MLUPS:071928  cache block size:101650kiB  reps:2  perf err:  3.8%
OMP: Info #277: omp_set_nested routine deprecated, please use omp_set_max_active_levels instead.
[AUTO TUNE]     [009: 37928.72]  time:3.126496e+00  MLUPS:118584  cache block size:101650kiB  reps:3  perf err:  0.7%
OMP: Info #277: omp_set_nested routine deprecated, please use omp_set_max_active_levels instead.
[AUTO TUNE]     [012: 39488.31]  time:6.399869e-01  MLUPS:025272  cache block size:115900kiB  reps:1  perf err: 100.0%
OMP: Info #277: omp_set_nested routine deprecated, please use omp_set_max_active_levels instead.
[AUTO TUNE]     [012: 35753.61]  time:2.011769e+00  MLUPS:071928  cache block size:115900kiB  reps:2  perf err: 10.4%
OMP: Info #277: omp_set_nested routine deprecated, please use omp_set_max_active_levels instead.
[AUTO TUNE]     [012: 38476.90]  time:3.081953e+00  MLUPS:118584  cache block size:115900kiB  reps:3  perf err:  7.1%
OMP: Info #277: omp_set_nested routine deprecated, please use omp_set_max_active_levels instead.
[AUTO TUNE]     [012: 38160.80]  time:4.330098e+00  MLUPS:165240  cache block size:115900kiB  reps:4  perf err:  0.8%
OMP: Info #277: omp_set_nested routine deprecated, please use omp_set_max_active_levels instead.
[AUTO TUNE]     [015: 39452.18]  time:6.405730e-01  MLUPS:025272  cache block size:130150kiB  reps:1  perf err: 100.0%
OMP: Info #277: omp_set_nested routine deprecated, please use omp_set_max_active_levels instead.
[AUTO TUNE]     [015: 37762.28]  time:1.904758e+00  MLUPS:071928  cache block size:130150kiB  reps:2  perf err:  4.5%
OMP: Info #277: omp_set_nested routine deprecated, please use omp_set_max_active_levels instead.
[AUTO TUNE]     [015: 38720.91]  time:3.062531e+00  MLUPS:118584  cache block size:130150kiB  reps:3  perf err:  2.5%
OMP: Info #277: omp_set_nested routine deprecated, please use omp_set_max_active_levels instead.
[AUTO TUNE]     [018: 39779.54]  time:6.353014e-01  MLUPS:025272  cache block size:144400kiB  reps:1  perf err: 100.0%
OMP: Info #277: omp_set_nested routine deprecated, please use omp_set_max_active_levels instead.
[AUTO TUNE]     [018: 38367.22]  time:1.874725e+00  MLUPS:071928  cache block size:144400kiB  reps:2  perf err:  3.7%
OMP: Info #277: omp_set_nested routine deprecated, please use omp_set_max_active_levels instead.
[AUTO TUNE]     [018: 39024.48]  time:3.038708e+00  MLUPS:118584  cache block size:144400kiB  reps:3  perf err:  1.7%
OMP: Info #277: omp_set_nested routine deprecated, please use omp_set_max_active_levels instead.
[AUTO TUNE]     [021: 39174.54]  time:6.451129e-01  MLUPS:025272  cache block size:158650kiB  reps:1  perf err: 100.0%
OMP: Info #277: omp_set_nested routine deprecated, please use omp_set_max_active_levels instead.
[AUTO TUNE]     [021: 39014.31]  time:1.843631e+00  MLUPS:071928  cache block size:158650kiB  reps:2  perf err:  0.4%
[AUTO TUNE] COMPLETE tune case #05: Thread group size:03  thc:01  thx:01  thy:01  thz:03  t_dim:11  bs_z:18  perf:39024.48 MLUP/s

[AUTO TUNE] START tune case #06: Thread group size:05  thc:01  thx:01  thy:01  thz:05  Possilbe diam width: 4 8 12 20 24
[AUTO TUNE]   Diamond width:04  [wavefronts #: pefromance (MLUPS/s)]
OMP: Info #277: omp_set_nested routine deprecated, please use omp_set_max_active_levels instead.
[AUTO TUNE]     [005: 14881.31]  time:3.919009e-01  MLUPS:005832  cache block size:3990kiB  reps:1  perf err: 100.0%
OMP: Info #277: omp_set_nested routine deprecated, please use omp_set_max_active_levels instead.
[AUTO TUNE]     [005: 11750.73]  time:1.158055e+00  MLUPS:013608  cache block size:3990kiB  reps:2  perf err: 26.6%
OMP: Info #277: omp_set_nested routine deprecated, please use omp_set_max_active_levels instead.
[AUTO TUNE]     [005: 11082.76]  time:1.929484e+00  MLUPS:021384  cache block size:3990kiB  reps:3  perf err:  6.0%
OMP: Info #277: omp_set_nested routine deprecated, please use omp_set_max_active_levels instead.
[AUTO TUNE]     [005: 10836.76]  time:2.690842e+00  MLUPS:029160  cache block size:3990kiB  reps:4  perf err:  2.3%
OMP: Info #277: omp_set_nested routine deprecated, please use omp_set_max_active_levels instead.
[AUTO TUNE]     [010: 16376.94]  time:3.561105e-01  MLUPS:005832  cache block size:6840kiB  reps:1  perf err: 100.0%
OMP: Info #277: omp_set_nested routine deprecated, please use omp_set_max_active_levels instead.
[AUTO TUNE]     [010: 13210.42]  time:1.030096e+00  MLUPS:013608  cache block size:6840kiB  reps:2  perf err: 24.0%
OMP: Info #277: omp_set_nested routine deprecated, please use omp_set_max_active_levels instead.
[AUTO TUNE]     [010: 12451.42]  time:1.717394e+00  MLUPS:021384  cache block size:6840kiB  reps:3  perf err:  6.1%
OMP: Info #277: omp_set_nested routine deprecated, please use omp_set_max_active_levels instead.
[AUTO TUNE]     [010: 12059.93]  time:2.417925e+00  MLUPS:029160  cache block size:6840kiB  reps:4  perf err:  3.2%
OMP: Info #277: omp_set_nested routine deprecated, please use omp_set_max_active_levels instead.
[AUTO TUNE]     [010: 11850.16]  time:3.116919e+00  MLUPS:036936  cache block size:6840kiB  reps:5  perf err:  1.8%
OMP: Info #277: omp_set_nested routine deprecated, please use omp_set_max_active_levels instead.
[AUTO TUNE]     [015: 16973.29]  time:3.435987e-01  MLUPS:005832  cache block size:9690kiB  reps:1  perf err: 100.0%
OMP: Info #277: omp_set_nested routine deprecated, please use omp_set_max_active_levels instead.
[AUTO TUNE]     [015: 13517.90]  time:1.006665e+00  MLUPS:013608  cache block size:9690kiB  reps:2  perf err: 25.6%
OMP: Info #277: omp_set_nested routine deprecated, please use omp_set_max_active_levels instead.
[AUTO TUNE]     [015: 12840.44]  time:1.665364e+00  MLUPS:021384  cache block size:9690kiB  reps:3  perf err:  5.3%
OMP: Info #277: omp_set_nested routine deprecated, please use omp_set_max_active_levels instead.
[AUTO TUNE]     [015: 12511.24]  time:2.330705e+00  MLUPS:029160  cache block size:9690kiB  reps:4  perf err:  2.6%
OMP: Info #277: omp_set_nested routine deprecated, please use omp_set_max_active_levels instead.
[AUTO TUNE]     [015: 12357.34]  time:2.988992e+00  MLUPS:036936  cache block size:9690kiB  reps:5  perf err:  1.2%
OMP: Info #277: omp_set_nested routine deprecated, please use omp_set_max_active_levels instead.
[AUTO TUNE]     [020: 15477.51]  time:3.768049e-01  MLUPS:005832  cache block size:12540kiB  reps:1  perf err: 100.0%
OMP: Info #277: omp_set_nested routine deprecated, please use omp_set_max_active_levels instead.
[AUTO TUNE]     [020: 13198.58]  time:1.031020e+00  MLUPS:013608  cache block size:12540kiB  reps:2  perf err: 17.3%
OMP: Info #277: omp_set_nested routine deprecated, please use omp_set_max_active_levels instead.
[AUTO TUNE]     [020: 12209.12]  time:1.751478e+00  MLUPS:021384  cache block size:12540kiB  reps:3  perf err:  8.1%
OMP: Info #277: omp_set_nested routine deprecated, please use omp_set_max_active_levels instead.
[AUTO TUNE]     [020: 11969.93]  time:2.436105e+00  MLUPS:029160  cache block size:12540kiB  reps:4  perf err:  2.0%
[AUTO TUNE]   Diamond width:08  [wavefronts #: pefromance (MLUPS/s)]
OMP: Info #277: omp_set_nested routine deprecated, please use omp_set_max_active_levels instead.
[AUTO TUNE]     [005: 21189.41]  time:4.587197e-01  MLUPS:009720  cache block size:9462kiB  reps:1  perf err: 100.0%
OMP: Info #277: omp_set_nested routine deprecated, please use omp_set_max_active_levels instead.
[AUTO TUNE]     [005: 18408.03]  time:1.372879e+00  MLUPS:025272  cache block size:9462kiB  reps:2  perf err: 15.1%
OMP: Info #277: omp_set_nested routine deprecated, please use omp_set_max_active_levels instead.
[AUTO TUNE]     [005: 17778.43]  time:2.296266e+00  MLUPS:040824  cache block size:9462kiB  reps:3  perf err:  3.5%
OMP: Info #277: omp_set_nested routine deprecated, please use omp_set_max_active_levels instead.
[AUTO TUNE]     [005: 17509.12]  time:3.219807e+00  MLUPS:056376  cache block size:9462kiB  reps:4  perf err:  1.5%
OMP: Info #277: omp_set_nested routine deprecated, please use omp_set_max_active_levels instead.
[AUTO TUNE]     [010: 18942.20]  time:5.131399e-01  MLUPS:009720  cache block size:14592kiB  reps:1  perf err: 100.0%
OMP: Info #277: omp_set_nested routine deprecated, please use omp_set_max_active_levels instead.
[AUTO TUNE]     [010: 15731.80]  time:1.606428e+00  MLUPS:025272  cache block size:14592kiB  reps:2  perf err: 20.4%
OMP: Info #277: omp_set_nested routine deprecated, please use omp_set_max_active_levels instead.
[AUTO TUNE]     [010: 15340.50]  time:2.661191e+00  MLUPS:040824  cache block size:14592kiB  reps:3  perf err:  2.6%
OMP: Info #277: omp_set_nested routine deprecated, please use omp_set_max_active_levels instead.
[AUTO TUNE]     [010: 15109.97]  time:3.731046e+00  MLUPS:056376  cache block size:14592kiB  reps:4  perf err:  1.5%
[AUTO TUNE]   Diamond width:12  [wavefronts #: pefromance (MLUPS/s)]
OMP: Info #277: omp_set_nested routine deprecated, please use omp_set_max_active_levels instead.
[AUTO TUNE]     [005: 27006.93]  time:5.038706e-01  MLUPS:013608  cache block size:16758kiB  reps:1  perf err: 100.0%
OMP: Info #277: omp_set_nested routine deprecated, please use omp_set_max_active_levels instead.
[AUTO TUNE]     [005: 24155.01]  time:1.529124e+00  MLUPS:036936  cache block size:16758kiB  reps:2  perf err: 11.8%
OMP: Info #277: omp_set_nested routine deprecated, please use omp_set_max_active_levels instead.
[AUTO TUNE]     [005: 23634.23]  time:2.549861e+00  MLUPS:060264  cache block size:16758kiB  reps:3  perf err:  2.2%
OMP: Info #277: omp_set_nested routine deprecated, please use omp_set_max_active_levels instead.
[AUTO TUNE]     [010: 29730.95]  time:4.577049e-01  MLUPS:013608  cache block size:24168kiB  reps:1  perf err: 100.0%
OMP: Info #277: omp_set_nested routine deprecated, please use omp_set_max_active_levels instead.
[AUTO TUNE]     [010: 27203.76]  time:1.357754e+00  MLUPS:036936  cache block size:24168kiB  reps:2  perf err:  9.3%
OMP: Info #277: omp_set_nested routine deprecated, please use omp_set_max_active_levels instead.
[AUTO TUNE]     [010: 26541.02]  time:2.270598e+00  MLUPS:060264  cache block size:24168kiB  reps:3  perf err:  2.5%
OMP: Info #277: omp_set_nested routine deprecated, please use omp_set_max_active_levels instead.
[AUTO TUNE]     [015: 35193.54]  time:3.866619e-01  MLUPS:013608  cache block size:31578kiB  reps:1  perf err: 100.0%
OMP: Info #277: omp_set_nested routine deprecated, please use omp_set_max_active_levels instead.
[AUTO TUNE]     [015: 31874.37]  time:1.158799e+00  MLUPS:036936  cache block size:31578kiB  reps:2  perf err: 10.4%
OMP: Info #277: omp_set_nested routine deprecated, please use omp_set_max_active_levels instead.
[AUTO TUNE]     [015: 31196.89]  time:1.931731e+00  MLUPS:060264  cache block size:31578kiB  reps:3  perf err:  2.2%
OMP: Info #277: omp_set_nested routine deprecated, please use omp_set_max_active_levels instead.
[AUTO TUNE]     [020: 35734.75]  time:3.808058e-01  MLUPS:013608  cache block size:38988kiB  reps:1  perf err: 100.0%
OMP: Info #277: omp_set_nested routine deprecated, please use omp_set_max_active_levels instead.
[AUTO TUNE]     [020: 33127.13]  time:1.114977e+00  MLUPS:036936  cache block size:38988kiB  reps:2  perf err:  7.9%
OMP: Info #277: omp_set_nested routine deprecated, please use omp_set_max_active_levels instead.
[AUTO TUNE]     [020: 32617.96]  time:1.847571e+00  MLUPS:060264  cache block size:38988kiB  reps:3  perf err:  1.6%
OMP: Info #277: omp_set_nested routine deprecated, please use omp_set_max_active_levels instead.
[AUTO TUNE]     [025: 37579.97]  time:3.621077e-01  MLUPS:013608  cache block size:46398kiB  reps:1  perf err: 100.0%
OMP: Info #277: omp_set_nested routine deprecated, please use omp_set_max_active_levels instead.
[AUTO TUNE]     [025: 35117.92]  time:1.051771e+00  MLUPS:036936  cache block size:46398kiB  reps:2  perf err:  7.0%
OMP: Info #277: omp_set_nested routine deprecated, please use omp_set_max_active_levels instead.
[AUTO TUNE]     [025: 34372.75]  time:1.753249e+00  MLUPS:060264  cache block size:46398kiB  reps:3  perf err:  2.2%
OMP: Info #277: omp_set_nested routine deprecated, please use omp_set_max_active_levels instead.
[AUTO TUNE]     [030: 36536.63]  time:3.724481e-01  MLUPS:013608  cache block size:53808kiB  reps:1  perf err: 100.0%
OMP: Info #277: omp_set_nested routine deprecated, please use omp_set_max_active_levels instead.
[AUTO TUNE]     [030: 35681.88]  time:1.035147e+00  MLUPS:036936  cache block size:53808kiB  reps:2  perf err:  2.4%
OMP: Info #277: omp_set_nested routine deprecated, please use omp_set_max_active_levels instead.
[AUTO TUNE]     [035: 30090.60]  time:4.522342e-01  MLUPS:013608  cache block size:61218kiB  reps:1  perf err: 100.0%
OMP: Info #277: omp_set_nested routine deprecated, please use omp_set_max_active_levels instead.
[AUTO TUNE]     [035: 36605.36]  time:1.009032e+00  MLUPS:036936  cache block size:61218kiB  reps:2  perf err: 17.8%
OMP: Info #277: omp_set_nested routine deprecated, please use omp_set_max_active_levels instead.
[AUTO TUNE]     [035: 36001.25]  time:1.673942e+00  MLUPS:060264  cache block size:61218kiB  reps:3  perf err:  1.7%
OMP: Info #277: omp_set_nested routine deprecated, please use omp_set_max_active_levels instead.
[AUTO TUNE]     [040: 39117.94]  time:3.478711e-01  MLUPS:013608  cache block size:68628kiB  reps:1  perf err: 100.0%
OMP: Info #277: omp_set_nested routine deprecated, please use omp_set_max_active_levels instead.
[AUTO TUNE]     [040: 36652.68]  time:1.007730e+00  MLUPS:036936  cache block size:68628kiB  reps:2  perf err:  6.7%
OMP: Info #277: omp_set_nested routine deprecated, please use omp_set_max_active_levels instead.
[AUTO TUNE]     [040: 35999.76]  time:1.674011e+00  MLUPS:060264  cache block size:68628kiB  reps:3  perf err:  1.8%
[AUTO TUNE]   Diamond width:20  [wavefronts #: pefromance (MLUPS/s)]
OMP: Info #277: omp_set_nested routine deprecated, please use omp_set_max_active_levels instead.
[AUTO TUNE]     [005: 29250.90]  time:7.310543e-01  MLUPS:021384  cache block size:36822kiB  reps:1  perf err: 100.0%
OMP: Info #277: omp_set_nested routine deprecated, please use omp_set_max_active_levels instead.
[AUTO TUNE]     [005: 27975.63]  time:2.154161e+00  MLUPS:060264  cache block size:36822kiB  reps:2  perf err:  4.6%
OMP: Info #277: omp_set_nested routine deprecated, please use omp_set_max_active_levels instead.
[AUTO TUNE]     [005: 27669.07]  time:3.583207e+00  MLUPS:099144  cache block size:36822kiB  reps:3  perf err:  1.1%
OMP: Info #277: omp_set_nested routine deprecated, please use omp_set_max_active_levels instead.
[AUTO TUNE]     [010: 38431.17]  time:5.564233e-01  MLUPS:021384  cache block size:48792kiB  reps:1  perf err: 100.0%
OMP: Info #277: omp_set_nested routine deprecated, please use omp_set_max_active_levels instead.
[AUTO TUNE]     [010: 37821.06]  time:1.593398e+00  MLUPS:060264  cache block size:48792kiB  reps:2  perf err:  1.6%
OMP: Info #277: omp_set_nested routine deprecated, please use omp_set_max_active_levels instead.
[AUTO TUNE]     [015: 39074.73]  time:5.472591e-01  MLUPS:021384  cache block size:60762kiB  reps:1  perf err: 100.0%
OMP: Info #277: omp_set_nested routine deprecated, please use omp_set_max_active_levels instead.
[AUTO TUNE]     [015: 38302.11]  time:1.573386e+00  MLUPS:060264  cache block size:60762kiB  reps:2  perf err:  2.0%
OMP: Info #277: omp_set_nested routine deprecated, please use omp_set_max_active_levels instead.
[AUTO TUNE]     [020: 38636.72]  time:5.534632e-01  MLUPS:021384  cache block size:72732kiB  reps:1  perf err: 100.0%
OMP: Info #277: omp_set_nested routine deprecated, please use omp_set_max_active_levels instead.
[AUTO TUNE]     [020: 37844.64]  time:1.592405e+00  MLUPS:060264  cache block size:72732kiB  reps:2  perf err:  2.1%
[AUTO TUNE]   Diamond width:24  [wavefronts #: pefromance (MLUPS/s)]
OMP: Info #277: omp_set_nested routine deprecated, please use omp_set_max_active_levels instead.
[AUTO TUNE]     [005: 29983.01]  time:8.428775e-01  MLUPS:025272  cache block size:49590kiB  reps:1  perf err: 100.0%
OMP: Info #277: omp_set_nested routine deprecated, please use omp_set_max_active_levels instead.
[AUTO TUNE]     [005: 29886.67]  time:2.406692e+00  MLUPS:071928  cache block size:49590kiB  reps:2  perf err:  0.3%
OMP: Info #277: omp_set_nested routine deprecated, please use omp_set_max_active_levels instead.
[AUTO TUNE]     [010: 38095.06]  time:6.633931e-01  MLUPS:025272  cache block size:63840kiB  reps:1  perf err: 100.0%
OMP: Info #277: omp_set_nested routine deprecated, please use omp_set_max_active_levels instead.
[AUTO TUNE]     [010: 38539.85]  time:1.866328e+00  MLUPS:071928  cache block size:63840kiB  reps:2  perf err:  1.2%
OMP: Info #277: omp_set_nested routine deprecated, please use omp_set_max_active_levels instead.
[AUTO TUNE]     [015: 38046.00]  time:6.642485e-01  MLUPS:025272  cache block size:78090kiB  reps:1  perf err: 100.0%
OMP: Info #277: omp_set_nested routine deprecated, please use omp_set_max_active_levels instead.
[AUTO TUNE]     [015: 38683.38]  time:1.859403e+00  MLUPS:071928  cache block size:78090kiB  reps:2  perf err:  1.6%
OMP: Info #277: omp_set_nested routine deprecated, please use omp_set_max_active_levels instead.
[AUTO TUNE]     [020: 37655.83]  time:6.711311e-01  MLUPS:025272  cache block size:92340kiB  reps:1  perf err: 100.0%
OMP: Info #277: omp_set_nested routine deprecated, please use omp_set_max_active_levels instead.
[AUTO TUNE]     [020: 38337.09]  time:1.876199e+00  MLUPS:071928  cache block size:92340kiB  reps:2  perf err:  1.8%
[AUTO TUNE] COMPLETE tune case #06: Thread group size:05  thc:01  thx:01  thy:01  thz:05  t_dim:11  bs_z:15  perf:38683.38 MLUP/s

[AUTO TUNE] START tune case #07: Thread group size:06  thc:01  thx:03  thy:02  thz:01  Possilbe diam width: 4 8 12 20 24 36
[AUTO TUNE]   Diamond width:04  [wavefronts #: pefromance (MLUPS/s)]
OMP: Info #277: omp_set_nested routine deprecated, please use omp_set_max_active_levels instead.
[AUTO TUNE]     [001: 14466.56]  time:4.031367e-01  MLUPS:005832  cache block size:1425kiB  reps:1  perf err: 100.0%
OMP: Info #277: omp_set_nested routine deprecated, please use omp_set_max_active_levels instead.
[AUTO TUNE]     [001: 11430.32]  time:1.190518e+00  MLUPS:013608  cache block size:1425kiB  reps:2  perf err: 26.6%
OMP: Info #277: omp_set_nested routine deprecated, please use omp_set_max_active_levels instead.
[AUTO TUNE]     [001: 10815.98]  time:1.977075e+00  MLUPS:021384  cache block size:1425kiB  reps:3  perf err:  5.7%
OMP: Info #277: omp_set_nested routine deprecated, please use omp_set_max_active_levels instead.
[AUTO TUNE]     [001: 10574.77]  time:2.757507e+00  MLUPS:029160  cache block size:1425kiB  reps:4  perf err:  2.3%
OMP: Info #277: omp_set_nested routine deprecated, please use omp_set_max_active_levels instead.
[AUTO TUNE]     [002: 16450.46]  time:3.545191e-01  MLUPS:005832  cache block size:1900kiB  reps:1  perf err: 100.0%
OMP: Info #277: omp_set_nested routine deprecated, please use omp_set_max_active_levels instead.
[AUTO TUNE]     [002: 12920.17]  time:1.053237e+00  MLUPS:013608  cache block size:1900kiB  reps:2  perf err: 27.3%
OMP: Info #277: omp_set_nested routine deprecated, please use omp_set_max_active_levels instead.
[AUTO TUNE]     [002: 12136.19]  time:1.762002e+00  MLUPS:021384  cache block size:1900kiB  reps:3  perf err:  6.5%
OMP: Info #277: omp_set_nested routine deprecated, please use omp_set_max_active_levels instead.
[AUTO TUNE]     [002: 11887.77]  time:2.452941e+00  MLUPS:029160  cache block size:1900kiB  reps:4  perf err:  2.1%
OMP: Info #277: omp_set_nested routine deprecated, please use omp_set_max_active_levels instead.
[AUTO TUNE]     [003: 16926.49]  time:3.445488e-01  MLUPS:005832  cache block size:2375kiB  reps:1  perf err: 100.0%
OMP: Info #277: omp_set_nested routine deprecated, please use omp_set_max_active_levels instead.
[AUTO TUNE]     [003: 13315.89]  time:1.021937e+00  MLUPS:013608  cache block size:2375kiB  reps:2  perf err: 27.1%
OMP: Info #277: omp_set_nested routine deprecated, please use omp_set_max_active_levels instead.
[AUTO TUNE]     [003: 12736.65]  time:1.678935e+00  MLUPS:021384  cache block size:2375kiB  reps:3  perf err:  4.5%
OMP: Info #277: omp_set_nested routine deprecated, please use omp_set_max_active_levels instead.
[AUTO TUNE]     [003: 12432.70]  time:2.345429e+00  MLUPS:029160  cache block size:2375kiB  reps:4  perf err:  2.4%
OMP: Info #277: omp_set_nested routine deprecated, please use omp_set_max_active_levels instead.
[AUTO TUNE]     [004: 17038.63]  time:3.422811e-01  MLUPS:005832  cache block size:2850kiB  reps:1  perf err: 100.0%
OMP: Info #277: omp_set_nested routine deprecated, please use omp_set_max_active_levels instead.
[AUTO TUNE]     [004: 13295.58]  time:1.023498e+00  MLUPS:013608  cache block size:2850kiB  reps:2  perf err: 28.2%
OMP: Info #277: omp_set_nested routine deprecated, please use omp_set_max_active_levels instead.
[AUTO TUNE]     [004: 12507.48]  time:1.709696e+00  MLUPS:021384  cache block size:2850kiB  reps:3  perf err:  6.3%
OMP: Info #277: omp_set_nested routine deprecated, please use omp_set_max_active_levels instead.
[AUTO TUNE]     [004: 12205.86]  time:2.389017e+00  MLUPS:029160  cache block size:2850kiB  reps:4  perf err:  2.5%
[AUTO TUNE]   Diamond width:08  [wavefronts #: pefromance (MLUPS/s)]
OMP: Info #277: omp_set_nested routine deprecated, please use omp_set_max_active_levels instead.
[AUTO TUNE]     [001: 15852.43]  time:6.131554e-01  MLUPS:009720  cache block size:4465kiB  reps:1  perf err: 100.0%
OMP: Info #277: omp_set_nested routine deprecated, please use omp_set_max_active_levels instead.
[AUTO TUNE]     [001: 13930.60]  time:1.814136e+00  MLUPS:025272  cache block size:4465kiB  reps:2  perf err: 13.8%
OMP: Info #277: omp_set_nested routine deprecated, please use omp_set_max_active_levels instead.
[AUTO TUNE]     [001: 13596.45]  time:3.002549e+00  MLUPS:040824  cache block size:4465kiB  reps:3  perf err:  2.5%
OMP: Info #277: omp_set_nested routine deprecated, please use omp_set_max_active_levels instead.
[AUTO TUNE]     [002: 18911.81]  time:5.139644e-01  MLUPS:009720  cache block size:5320kiB  reps:1  perf err: 100.0%
OMP: Info #277: omp_set_nested routine deprecated, please use omp_set_max_active_levels instead.
[AUTO TUNE]     [002: 16491.07]  time:1.532466e+00  MLUPS:025272  cache block size:5320kiB  reps:2  perf err: 14.7%
OMP: Info #277: omp_set_nested routine deprecated, please use omp_set_max_active_levels instead.
[AUTO TUNE]     [002: 16222.74]  time:2.516467e+00  MLUPS:040824  cache block size:5320kiB  reps:3  perf err:  1.7%
OMP: Info #277: omp_set_nested routine deprecated, please use omp_set_max_active_levels instead.
[AUTO TUNE]     [003: 20645.72]  time:4.707997e-01  MLUPS:009720  cache block size:6175kiB  reps:1  perf err: 100.0%
OMP: Info #277: omp_set_nested routine deprecated, please use omp_set_max_active_levels instead.
[AUTO TUNE]     [003: 18214.29]  time:1.387482e+00  MLUPS:025272  cache block size:6175kiB  reps:2  perf err: 13.3%
OMP: Info #277: omp_set_nested routine deprecated, please use omp_set_max_active_levels instead.
[AUTO TUNE]     [003: 17728.94]  time:2.302676e+00  MLUPS:040824  cache block size:6175kiB  reps:3  perf err:  2.7%
OMP: Info #277: omp_set_nested routine deprecated, please use omp_set_max_active_levels instead.
[AUTO TUNE]     [003: 17473.44]  time:3.226383e+00  MLUPS:056376  cache block size:6175kiB  reps:4  perf err:  1.5%
OMP: Info #277: omp_set_nested routine deprecated, please use omp_set_max_active_levels instead.
[AUTO TUNE]     [004: 21256.68]  time:4.572681e-01  MLUPS:009720  cache block size:7030kiB  reps:1  perf err: 100.0%
OMP: Info #277: omp_set_nested routine deprecated, please use omp_set_max_active_levels instead.
[AUTO TUNE]     [004: 18682.51]  time:1.352709e+00  MLUPS:025272  cache block size:7030kiB  reps:2  perf err: 13.8%
OMP: Info #277: omp_set_nested routine deprecated, please use omp_set_max_active_levels instead.
[AUTO TUNE]     [004: 18212.54]  time:2.241533e+00  MLUPS:040824  cache block size:7030kiB  reps:3  perf err:  2.6%
OMP: Info #277: omp_set_nested routine deprecated, please use omp_set_max_active_levels instead.
[AUTO TUNE]     [004: 17984.66]  time:3.134672e+00  MLUPS:056376  cache block size:7030kiB  reps:4  perf err:  1.3%
OMP: Info #277: omp_set_nested routine deprecated, please use omp_set_max_active_levels instead.
[AUTO TUNE]     [005: 21475.89]  time:4.526006e-01  MLUPS:009720  cache block size:7885kiB  reps:1  perf err: 100.0%
OMP: Info #277: omp_set_nested routine deprecated, please use omp_set_max_active_levels instead.
[AUTO TUNE]     [005: 18783.46]  time:1.345439e+00  MLUPS:025272  cache block size:7885kiB  reps:2  perf err: 14.3%
OMP: Info #277: omp_set_nested routine deprecated, please use omp_set_max_active_levels instead.
[AUTO TUNE]     [005: 18284.57]  time:2.232703e+00  MLUPS:040824  cache block size:7885kiB  reps:3  perf err:  2.7%
OMP: Info #277: omp_set_nested routine deprecated, please use omp_set_max_active_levels instead.
[AUTO TUNE]     [005: 18020.71]  time:3.128401e+00  MLUPS:056376  cache block size:7885kiB  reps:4  perf err:  1.5%
OMP: Info #277: omp_set_nested routine deprecated, please use omp_set_max_active_levels instead.
[AUTO TUNE]     [006: 21720.47]  time:4.475041e-01  MLUPS:009720  cache block size:8740kiB  reps:1  perf err: 100.0%
OMP: Info #277: omp_set_nested routine deprecated, please use omp_set_max_active_levels instead.
[AUTO TUNE]     [006: 18884.88]  time:1.338213e+00  MLUPS:025272  cache block size:8740kiB  reps:2  perf err: 15.0%
OMP: Info #277: omp_set_nested routine deprecated, please use omp_set_max_active_levels instead.
[AUTO TUNE]     [006: 18355.38]  time:2.224089e+00  MLUPS:040824  cache block size:8740kiB  reps:3  perf err:  2.9%
OMP: Info #277: omp_set_nested routine deprecated, please use omp_set_max_active_levels instead.
[AUTO TUNE]     [006: 18097.14]  time:3.115189e+00  MLUPS:056376  cache block size:8740kiB  reps:4  perf err:  1.4%
OMP: Info #277: omp_set_nested routine deprecated, please use omp_set_max_active_levels instead.
[AUTO TUNE]     [007: 21810.54]  time:4.456562e-01  MLUPS:009720  cache block size:9595kiB  reps:1  perf err: 100.0%
OMP: Info #277: omp_set_nested routine deprecated, please use omp_set_max_active_levels instead.
[AUTO TUNE]     [007: 19061.56]  time:1.325809e+00  MLUPS:025272  cache block size:9595kiB  reps:2  perf err: 14.4%
OMP: Info #277: omp_set_nested routine deprecated, please use omp_set_max_active_levels instead.
[AUTO TUNE]     [007: 18544.64]  time:2.201391e+00  MLUPS:040824  cache block size:9595kiB  reps:3  perf err:  2.8%
OMP: Info #277: omp_set_nested routine deprecated, please use omp_set_max_active_levels instead.
[AUTO TUNE]     [007: 18279.37]  time:3.084133e+00  MLUPS:056376  cache block size:9595kiB  reps:4  perf err:  1.5%
OMP: Info #277: omp_set_nested routine deprecated, please use omp_set_max_active_levels instead.
[AUTO TUNE]     [008: 21838.31]  time:4.450895e-01  MLUPS:009720  cache block size:10450kiB  reps:1  perf err: 100.0%
OMP: Info #277: omp_set_nested routine deprecated, please use omp_set_max_active_levels instead.
[AUTO TUNE]     [008: 19060.03]  time:1.325916e+00  MLUPS:025272  cache block size:10450kiB  reps:2  perf err: 14.6%
OMP: Info #277: omp_set_nested routine deprecated, please use omp_set_max_active_levels instead.
[AUTO TUNE]     [008: 18694.14]  time:2.183786e+00  MLUPS:040824  cache block size:10450kiB  reps:3  perf err:  2.0%
OMP: Info #277: omp_set_nested routine deprecated, please use omp_set_max_active_levels instead.
[AUTO TUNE]     [009: 21918.96]  time:4.434517e-01  MLUPS:009720  cache block size:11305kiB  reps:1  perf err: 100.0%
OMP: Info #277: omp_set_nested routine deprecated, please use omp_set_max_active_levels instead.
[AUTO TUNE]     [009: 19267.19]  time:1.311660e+00  MLUPS:025272  cache block size:11305kiB  reps:2  perf err: 13.8%
OMP: Info #277: omp_set_nested routine deprecated, please use omp_set_max_active_levels instead.
[AUTO TUNE]     [009: 18755.50]  time:2.176642e+00  MLUPS:040824  cache block size:11305kiB  reps:3  perf err:  2.7%
OMP: Info #277: omp_set_nested routine deprecated, please use omp_set_max_active_levels instead.
[AUTO TUNE]     [009: 18422.83]  time:3.060117e+00  MLUPS:056376  cache block size:11305kiB  reps:4  perf err:  1.8%
[AUTO TUNE]   Diamond width:12  [wavefronts #: pefromance (MLUPS/s)]
OMP: Info #277: omp_set_nested routine deprecated, please use omp_set_max_active_levels instead.
[AUTO TUNE]     [001: 17603.20]  time:7.730413e-01  MLUPS:013608  cache block size:9025kiB  reps:1  perf err: 100.0%
OMP: Info #277: omp_set_nested routine deprecated, please use omp_set_max_active_levels instead.
[AUTO TUNE]     [001: 16324.81]  time:2.262569e+00  MLUPS:036936  cache block size:9025kiB  reps:2  perf err:  7.8%
OMP: Info #277: omp_set_nested routine deprecated, please use omp_set_max_active_levels instead.
[AUTO TUNE]     [001: 16010.69]  time:3.763984e+00  MLUPS:060264  cache block size:9025kiB  reps:3  perf err:  2.0%
OMP: Info #277: omp_set_nested routine deprecated, please use omp_set_max_active_levels instead.
[AUTO TUNE]     [002: 20769.59]  time:6.551886e-01  MLUPS:013608  cache block size:10260kiB  reps:1  perf err: 100.0%
OMP: Info #277: omp_set_nested routine deprecated, please use omp_set_max_active_levels instead.
[AUTO TUNE]     [002: 18980.38]  time:1.946009e+00  MLUPS:036936  cache block size:10260kiB  reps:2  perf err:  9.4%
OMP: Info #277: omp_set_nested routine deprecated, please use omp_set_max_active_levels instead.
[AUTO TUNE]     [002: 18840.29]  time:3.198677e+00  MLUPS:060264  cache block size:10260kiB  reps:3  perf err:  0.7%
OMP: Info #277: omp_set_nested routine deprecated, please use omp_set_max_active_levels instead.
[AUTO TUNE]     [003: 22036.35]  time:6.175252e-01  MLUPS:013608  cache block size:11495kiB  reps:1  perf err: 100.0%
OMP: Info #277: omp_set_nested routine deprecated, please use omp_set_max_active_levels instead.
[AUTO TUNE]     [003: 20526.23]  time:1.799454e+00  MLUPS:036936  cache block size:11495kiB  reps:2  perf err:  7.4%
OMP: Info #277: omp_set_nested routine deprecated, please use omp_set_max_active_levels instead.
[AUTO TUNE]     [003: 20191.30]  time:2.984652e+00  MLUPS:060264  cache block size:11495kiB  reps:3  perf err:  1.7%
OMP: Info #277: omp_set_nested routine deprecated, please use omp_set_max_active_levels instead.
[AUTO TUNE]     [004: 22752.90]  time:5.980777e-01  MLUPS:013608  cache block size:12730kiB  reps:1  perf err: 100.0%
OMP: Info #277: omp_set_nested routine deprecated, please use omp_set_max_active_levels instead.
[AUTO TUNE]     [004: 20980.49]  time:1.760492e+00  MLUPS:036936  cache block size:12730kiB  reps:2  perf err:  8.4%
OMP: Info #277: omp_set_nested routine deprecated, please use omp_set_max_active_levels instead.
[AUTO TUNE]     [004: 20668.51]  time:2.915740e+00  MLUPS:060264  cache block size:12730kiB  reps:3  perf err:  1.5%
OMP: Info #277: omp_set_nested routine deprecated, please use omp_set_max_active_levels instead.
[AUTO TUNE]     [005: 22742.53]  time:5.983504e-01  MLUPS:013608  cache block size:13965kiB  reps:1  perf err: 100.0%
OMP: Info #277: omp_set_nested routine deprecated, please use omp_set_max_active_levels instead.
[AUTO TUNE]     [005: 21254.42]  time:1.737804e+00  MLUPS:036936  cache block size:13965kiB  reps:2  perf err:  7.0%
OMP: Info #277: omp_set_nested routine deprecated, please use omp_set_max_active_levels instead.
[AUTO TUNE]     [005: 20801.83]  time:2.897053e+00  MLUPS:060264  cache block size:13965kiB  reps:3  perf err:  2.2%
OMP: Info #277: omp_set_nested routine deprecated, please use omp_set_max_active_levels instead.
[AUTO TUNE]     [006: 23210.85]  time:5.862775e-01  MLUPS:013608  cache block size:15200kiB  reps:1  perf err: 100.0%
OMP: Info #277: omp_set_nested routine deprecated, please use omp_set_max_active_levels instead.
[AUTO TUNE]     [006: 21360.80]  time:1.729148e+00  MLUPS:036936  cache block size:15200kiB  reps:2  perf err:  8.7%
OMP: Info #277: omp_set_nested routine deprecated, please use omp_set_max_active_levels instead.
[AUTO TUNE]     [006: 21087.79]  time:2.857768e+00  MLUPS:060264  cache block size:15200kiB  reps:3  perf err:  1.3%
OMP: Info #277: omp_set_nested routine deprecated, please use omp_set_max_active_levels instead.
[AUTO TUNE]     [007: 23479.95]  time:5.795582e-01  MLUPS:013608  cache block size:16435kiB  reps:1  perf err: 100.0%
OMP: Info #277: omp_set_nested routine deprecated, please use omp_set_max_active_levels instead.
[AUTO TUNE]     [007: 21691.87]  time:1.702758e+00  MLUPS:036936  cache block size:16435kiB  reps:2  perf err:  8.2%
OMP: Info #277: omp_set_nested routine deprecated, please use omp_set_max_active_levels instead.
[AUTO TUNE]     [007: 21310.66]  time:2.827880e+00  MLUPS:060264  cache block size:16435kiB  reps:3  perf err:  1.8%
OMP: Info #277: omp_set_nested routine deprecated, please use omp_set_max_active_levels instead.
[AUTO TUNE]     [008: 23347.98]  time:5.828342e-01  MLUPS:013608  cache block size:17670kiB  reps:1  perf err: 100.0%
OMP: Info #277: omp_set_nested routine deprecated, please use omp_set_max_active_levels instead.
[AUTO TUNE]     [008: 21739.50]  time:1.699027e+00  MLUPS:036936  cache block size:17670kiB  reps:2  perf err:  7.4%
OMP: Info #277: omp_set_nested routine deprecated, please use omp_set_max_active_levels instead.
[AUTO TUNE]     [008: 21431.05]  time:2.811995e+00  MLUPS:060264  cache block size:17670kiB  reps:3  perf err:  1.4%
OMP: Info #277: omp_set_nested routine deprecated, please use omp_set_max_active_levels instead.
[AUTO TUNE]     [009: 23515.47]  time:5.786828e-01  MLUPS:013608  cache block size:18905kiB  reps:1  perf err: 100.0%
OMP: Info #277: omp_set_nested routine deprecated, please use omp_set_max_active_levels instead.
[AUTO TUNE]     [009: 21941.45]  time:1.683389e+00  MLUPS:036936  cache block size:18905kiB  reps:2  perf err:  7.2%
OMP: Info #277: omp_set_nested routine deprecated, please use omp_set_max_active_levels instead.
[AUTO TUNE]     [009: 21547.11]  time:2.796849e+00  MLUPS:060264  cache block size:18905kiB  reps:3  perf err:  1.8%
OMP: Info #277: omp_set_nested routine deprecated, please use omp_set_max_active_levels instead.
[AUTO TUNE]     [010: 23873.86]  time:5.699959e-01  MLUPS:013608  cache block size:20140kiB  reps:1  perf err: 100.0%
OMP: Info #277: omp_set_nested routine deprecated, please use omp_set_max_active_levels instead.
[AUTO TUNE]     [010: 22077.31]  time:1.673030e+00  MLUPS:036936  cache block size:20140kiB  reps:2  perf err:  8.1%
OMP: Info #277: omp_set_nested routine deprecated, please use omp_set_max_active_levels instead.
[AUTO TUNE]     [010: 21677.98]  time:2.779964e+00  MLUPS:060264  cache block size:20140kiB  reps:3  perf err:  1.8%
OMP: Info #277: omp_set_nested routine deprecated, please use omp_set_max_active_levels instead.
[AUTO TUNE]     [011: 23990.52]  time:5.672241e-01  MLUPS:013608  cache block size:21375kiB  reps:1  perf err: 100.0%
OMP: Info #277: omp_set_nested routine deprecated, please use omp_set_max_active_levels instead.
[AUTO TUNE]     [011: 22073.75]  time:1.673300e+00  MLUPS:036936  cache block size:21375kiB  reps:2  perf err:  8.7%
OMP: Info #277: omp_set_nested routine deprecated, please use omp_set_max_active_levels instead.
[AUTO TUNE]     [011: 21765.06]  time:2.768841e+00  MLUPS:060264  cache block size:21375kiB  reps:3  perf err:  1.4%
OMP: Info #277: omp_set_nested routine deprecated, please use omp_set_max_active_levels instead.
[AUTO TUNE]     [012: 24001.52]  time:5.669640e-01  MLUPS:013608  cache block size:22610kiB  reps:1  perf err: 100.0%
OMP: Info #277: omp_set_nested routine deprecated, please use omp_set_max_active_levels instead.
[AUTO TUNE]     [012: 22203.15]  time:1.663548e+00  MLUPS:036936  cache block size:22610kiB  reps:2  perf err:  8.1%
OMP: Info #277: omp_set_nested routine deprecated, please use omp_set_max_active_levels instead.
[AUTO TUNE]     [012: 21887.06]  time:2.753408e+00  MLUPS:060264  cache block size:22610kiB  reps:3  perf err:  1.4%
OMP: Info #277: omp_set_nested routine deprecated, please use omp_set_max_active_levels instead.
[AUTO TUNE]     [013: 24204.52]  time:5.622091e-01  MLUPS:013608  cache block size:23845kiB  reps:1  perf err: 100.0%
OMP: Info #277: omp_set_nested routine deprecated, please use omp_set_max_active_levels instead.
[AUTO TUNE]     [013: 22256.01]  time:1.659597e+00  MLUPS:036936  cache block size:23845kiB  reps:2  perf err:  8.8%
OMP: Info #277: omp_set_nested routine deprecated, please use omp_set_max_active_levels instead.
[AUTO TUNE]     [013: 21902.45]  time:2.751473e+00  MLUPS:060264  cache block size:23845kiB  reps:3  perf err:  1.6%
OMP: Info #277: omp_set_nested routine deprecated, please use omp_set_max_active_levels instead.
[AUTO TUNE]     [014: 23537.67]  time:5.781372e-01  MLUPS:013608  cache block size:25080kiB  reps:1  perf err: 100.0%
OMP: Info #277: omp_set_nested routine deprecated, please use omp_set_max_active_levels instead.
[AUTO TUNE]     [014: 22308.57]  time:1.655687e+00  MLUPS:036936  cache block size:25080kiB  reps:2  perf err:  5.5%
OMP: Info #277: omp_set_nested routine deprecated, please use omp_set_max_active_levels instead.
[AUTO TUNE]     [014: 21956.67]  time:2.744679e+00  MLUPS:060264  cache block size:25080kiB  reps:3  perf err:  1.6%
OMP: Info #277: omp_set_nested routine deprecated, please use omp_set_max_active_levels instead.
[AUTO TUNE]     [015: 24196.57]  time:5.623937e-01  MLUPS:013608  cache block size:26315kiB  reps:1  perf err: 100.0%
OMP: Info #277: omp_set_nested routine deprecated, please use omp_set_max_active_levels instead.
[AUTO TUNE]     [015: 22402.13]  time:1.648772e+00  MLUPS:036936  cache block size:26315kiB  reps:2  perf err:  8.0%
OMP: Info #277: omp_set_nested routine deprecated, please use omp_set_max_active_levels instead.
[AUTO TUNE]     [015: 21987.73]  time:2.740801e+00  MLUPS:060264  cache block size:26315kiB  reps:3  perf err:  1.9%
OMP: Info #277: omp_set_nested routine deprecated, please use omp_set_max_active_levels instead.
[AUTO TUNE]     [016: 24272.44]  time:5.606358e-01  MLUPS:013608  cache block size:27550kiB  reps:1  perf err: 100.0%
OMP: Info #277: omp_set_nested routine deprecated, please use omp_set_max_active_levels instead.
[AUTO TUNE]     [016: 22406.95]  time:1.648417e+00  MLUPS:036936  cache block size:27550kiB  reps:2  perf err:  8.3%
OMP: Info #277: omp_set_nested routine deprecated, please use omp_set_max_active_levels instead.
[AUTO TUNE]     [016: 22048.39]  time:2.733260e+00  MLUPS:060264  cache block size:27550kiB  reps:3  perf err:  1.6%
OMP: Info #277: omp_set_nested routine deprecated, please use omp_set_max_active_levels instead.
[AUTO TUNE]     [017: 24100.98]  time:5.646244e-01  MLUPS:013608  cache block size:28785kiB  reps:1  perf err: 100.0%
OMP: Info #277: omp_set_nested routine deprecated, please use omp_set_max_active_levels instead.
[AUTO TUNE]     [017: 22431.15]  time:1.646639e+00  MLUPS:036936  cache block size:28785kiB  reps:2  perf err:  7.4%
OMP: Info #277: omp_set_nested routine deprecated, please use omp_set_max_active_levels instead.
[AUTO TUNE]     [017: 22066.97]  time:2.730960e+00  MLUPS:060264  cache block size:28785kiB  reps:3  perf err:  1.7%
OMP: Info #277: omp_set_nested routine deprecated, please use omp_set_max_active_levels instead.
[AUTO TUNE]     [018: 24398.34]  time:5.577430e-01  MLUPS:013608  cache block size:30020kiB  reps:1  perf err: 100.0%
OMP: Info #277: omp_set_nested routine deprecated, please use omp_set_max_active_levels instead.
[AUTO TUNE]     [018: 22454.64]  time:1.644916e+00  MLUPS:036936  cache block size:30020kiB  reps:2  perf err:  8.7%
OMP: Info #277: omp_set_nested routine deprecated, please use omp_set_max_active_levels instead.
[AUTO TUNE]     [018: 22120.20]  time:2.724388e+00  MLUPS:060264  cache block size:30020kiB  reps:3  perf err:  1.5%
OMP: Info #277: omp_set_nested routine deprecated, please use omp_set_max_active_levels instead.
[AUTO TUNE]     [019: 24371.77]  time:5.583510e-01  MLUPS:013608  cache block size:31255kiB  reps:1  perf err: 100.0%
OMP: Info #277: omp_set_nested routine deprecated, please use omp_set_max_active_levels instead.
[AUTO TUNE]     [019: 22498.02]  time:1.641744e+00  MLUPS:036936  cache block size:31255kiB  reps:2  perf err:  8.3%
OMP: Info #277: omp_set_nested routine deprecated, please use omp_set_max_active_levels instead.
[AUTO TUNE]     [019: 22103.59]  time:2.726435e+00  MLUPS:060264  cache block size:31255kiB  reps:3  perf err:  1.8%
[AUTO TUNE]   Diamond width:20  [wavefronts #: pefromance (MLUPS/s)]
OMP: Info #277: omp_set_nested routine deprecated, please use omp_set_max_active_levels instead.
[AUTO TUNE]     [001: 19625.97]  time:1.089577e+00  MLUPS:021384  cache block size:22705kiB  reps:1  perf err: 100.0%
OMP: Info #277: omp_set_nested routine deprecated, please use omp_set_max_active_levels instead.
[AUTO TUNE]     [001: 19248.44]  time:3.130851e+00  MLUPS:060264  cache block size:22705kiB  reps:2  perf err:  2.0%
OMP: Info #277: omp_set_nested routine deprecated, please use omp_set_max_active_levels instead.
[AUTO TUNE]     [002: 22173.96]  time:9.643745e-01  MLUPS:021384  cache block size:24700kiB  reps:1  perf err: 100.0%
OMP: Info #277: omp_set_nested routine deprecated, please use omp_set_max_active_levels instead.
[AUTO TUNE]     [002: 21933.41]  time:2.747589e+00  MLUPS:060264  cache block size:24700kiB  reps:2  perf err:  1.1%
OMP: Info #277: omp_set_nested routine deprecated, please use omp_set_max_active_levels instead.
[AUTO TUNE]     [003: 23013.75]  time:9.291838e-01  MLUPS:021384  cache block size:26695kiB  reps:1  perf err: 100.0%
OMP: Info #277: omp_set_nested routine deprecated, please use omp_set_max_active_levels instead.
[AUTO TUNE]     [003: 22701.24]  time:2.654656e+00  MLUPS:060264  cache block size:26695kiB  reps:2  perf err:  1.4%
OMP: Info #277: omp_set_nested routine deprecated, please use omp_set_max_active_levels instead.
[AUTO TUNE]     [004: 23493.24]  time:9.102192e-01  MLUPS:021384  cache block size:28690kiB  reps:1  perf err: 100.0%
OMP: Info #277: omp_set_nested routine deprecated, please use omp_set_max_active_levels instead.
[AUTO TUNE]     [004: 23205.63]  time:2.596956e+00  MLUPS:060264  cache block size:28690kiB  reps:2  perf err:  1.2%
OMP: Info #277: omp_set_nested routine deprecated, please use omp_set_max_active_levels instead.
[AUTO TUNE]     [005: 23805.53]  time:8.982785e-01  MLUPS:021384  cache block size:30685kiB  reps:1  perf err: 100.0%
OMP: Info #277: omp_set_nested routine deprecated, please use omp_set_max_active_levels instead.
[AUTO TUNE]     [005: 23583.56]  time:2.555340e+00  MLUPS:060264  cache block size:30685kiB  reps:2  perf err:  0.9%
OMP: Info #277: omp_set_nested routine deprecated, please use omp_set_max_active_levels instead.
[AUTO TUNE]     [006: 23986.69]  time:8.914944e-01  MLUPS:021384  cache block size:32680kiB  reps:1  perf err: 100.0%
OMP: Info #277: omp_set_nested routine deprecated, please use omp_set_max_active_levels instead.
[AUTO TUNE]     [006: 23722.18]  time:2.540407e+00  MLUPS:060264  cache block size:32680kiB  reps:2  perf err:  1.1%
OMP: Info #277: omp_set_nested routine deprecated, please use omp_set_max_active_levels instead.
[AUTO TUNE]     [007: 24166.70]  time:8.848539e-01  MLUPS:021384  cache block size:34675kiB  reps:1  perf err: 100.0%
OMP: Info #277: omp_set_nested routine deprecated, please use omp_set_max_active_levels instead.
[AUTO TUNE]     [007: 23869.88]  time:2.524688e+00  MLUPS:060264  cache block size:34675kiB  reps:2  perf err:  1.2%
OMP: Info #277: omp_set_nested routine deprecated, please use omp_set_max_active_levels instead.
[AUTO TUNE]     [008: 24307.30]  time:8.797357e-01  MLUPS:021384  cache block size:36670kiB  reps:1  perf err: 100.0%
OMP: Info #277: omp_set_nested routine deprecated, please use omp_set_max_active_levels instead.
[AUTO TUNE]     [008: 23876.21]  time:2.524019e+00  MLUPS:060264  cache block size:36670kiB  reps:2  perf err:  1.8%
OMP: Info #277: omp_set_nested routine deprecated, please use omp_set_max_active_levels instead.
[AUTO TUNE]     [009: 24379.25]  time:8.771393e-01  MLUPS:021384  cache block size:38665kiB  reps:1  perf err: 100.0%
OMP: Info #277: omp_set_nested routine deprecated, please use omp_set_max_active_levels instead.
[AUTO TUNE]     [009: 23813.18]  time:2.530699e+00  MLUPS:060264  cache block size:38665kiB  reps:2  perf err:  2.4%
[AUTO TUNE]   Diamond width:24  [wavefronts #: pefromance (MLUPS/s)]
OMP: Info #277: omp_set_nested routine deprecated, please use omp_set_max_active_levels instead.
[AUTO TUNE]     [001: 20796.13]  time:1.215226e+00  MLUPS:025272  cache block size:31825kiB  reps:1  perf err: 100.0%
OMP: Info #277: omp_set_nested routine deprecated, please use omp_set_max_active_levels instead.
[AUTO TUNE]     [001: 20411.64]  time:3.523872e+00  MLUPS:071928  cache block size:31825kiB  reps:2  perf err:  1.9%
OMP: Info #277: omp_set_nested routine deprecated, please use omp_set_max_active_levels instead.
[AUTO TUNE]     [002: 22706.78]  time:1.112972e+00  MLUPS:025272  cache block size:34200kiB  reps:1  perf err: 100.0%
OMP: Info #277: omp_set_nested routine deprecated, please use omp_set_max_active_levels instead.
[AUTO TUNE]     [002: 22593.34]  time:3.183593e+00  MLUPS:071928  cache block size:34200kiB  reps:2  perf err:  0.5%
OMP: Info #277: omp_set_nested routine deprecated, please use omp_set_max_active_levels instead.
[AUTO TUNE]     [003: 23738.47]  time:1.064601e+00  MLUPS:025272  cache block size:36575kiB  reps:1  perf err: 100.0%
OMP: Info #277: omp_set_nested routine deprecated, please use omp_set_max_active_levels instead.
[AUTO TUNE]     [003: 23487.32]  time:3.062418e+00  MLUPS:071928  cache block size:36575kiB  reps:2  perf err:  1.1%
OMP: Info #277: omp_set_nested routine deprecated, please use omp_set_max_active_levels instead.
[AUTO TUNE]     [004: 24025.44]  time:1.051885e+00  MLUPS:025272  cache block size:38950kiB  reps:1  perf err: 100.0%
OMP: Info #277: omp_set_nested routine deprecated, please use omp_set_max_active_levels instead.
[AUTO TUNE]     [004: 23886.79]  time:3.011204e+00  MLUPS:071928  cache block size:38950kiB  reps:2  perf err:  0.6%
OMP: Info #277: omp_set_nested routine deprecated, please use omp_set_max_active_levels instead.
[AUTO TUNE]     [005: 24354.11]  time:1.037689e+00  MLUPS:025272  cache block size:41325kiB  reps:1  perf err: 100.0%
OMP: Info #277: omp_set_nested routine deprecated, please use omp_set_max_active_levels instead.
[AUTO TUNE]     [005: 24177.80]  time:2.974960e+00  MLUPS:071928  cache block size:41325kiB  reps:2  perf err:  0.7%
OMP: Info #277: omp_set_nested routine deprecated, please use omp_set_max_active_levels instead.
[AUTO TUNE]     [006: 24583.94]  time:1.027988e+00  MLUPS:025272  cache block size:43700kiB  reps:1  perf err: 100.0%
OMP: Info #277: omp_set_nested routine deprecated, please use omp_set_max_active_levels instead.
[AUTO TUNE]     [006: 24317.37]  time:2.957886e+00  MLUPS:071928  cache block size:43700kiB  reps:2  perf err:  1.1%
OMP: Info #277: omp_set_nested routine deprecated, please use omp_set_max_active_levels instead.
[AUTO TUNE]     [007: 24765.35]  time:1.020458e+00  MLUPS:025272  cache block size:46075kiB  reps:1  perf err: 100.0%
OMP: Info #277: omp_set_nested routine deprecated, please use omp_set_max_active_levels instead.
[AUTO TUNE]     [007: 24356.90]  time:2.953085e+00  MLUPS:071928  cache block size:46075kiB  reps:2  perf err:  1.7%
OMP: Info #277: omp_set_nested routine deprecated, please use omp_set_max_active_levels instead.
[AUTO TUNE]     [008: 24917.77]  time:1.014216e+00  MLUPS:025272  cache block size:48450kiB  reps:1  perf err: 100.0%
OMP: Info #277: omp_set_nested routine deprecated, please use omp_set_max_active_levels instead.
[AUTO TUNE]     [008: 24288.11]  time:2.961450e+00  MLUPS:071928  cache block size:48450kiB  reps:2  perf err:  2.6%
OMP: Info #277: omp_set_nested routine deprecated, please use omp_set_max_active_levels instead.
[AUTO TUNE]     [008: 23734.05]  time:4.996366e+00  MLUPS:118584  cache block size:48450kiB  reps:3  perf err:  2.3%
[AUTO TUNE]   Diamond width:36  [wavefronts #: pefromance (MLUPS/s)]
OMP: Info #277: omp_set_nested routine deprecated, please use omp_set_max_active_levels instead.
[AUTO TUNE]     [001: 19877.97]  time:1.858138e+00  MLUPS:036936  cache block size:68305kiB  reps:1  perf err: 100.0%
OMP: Info #277: omp_set_nested routine deprecated, please use omp_set_max_active_levels instead.
[AUTO TUNE]     [001: 20606.76]  time:5.188588e+00  MLUPS:106920  cache block size:68305kiB  reps:2  perf err:  3.5%
OMP: Info #277: omp_set_nested routine deprecated, please use omp_set_max_active_levels instead.
[AUTO TUNE]     [001: 20920.02]  time:8.456206e+00  MLUPS:176904  cache block size:68305kiB  reps:3  perf err:  1.5%
OMP: Info #277: omp_set_nested routine deprecated, please use omp_set_max_active_levels instead.
[AUTO TUNE]     [002: 20918.21]  time:1.765734e+00  MLUPS:036936  cache block size:71820kiB  reps:1  perf err: 100.0%
OMP: Info #277: omp_set_nested routine deprecated, please use omp_set_max_active_levels instead.
[AUTO TUNE]     [002: 22013.89]  time:4.856934e+00  MLUPS:106920  cache block size:71820kiB  reps:2  perf err:  5.0%
OMP: Info #277: omp_set_nested routine deprecated, please use omp_set_max_active_levels instead.
[AUTO TUNE]     [002: 22092.32]  time:8.007489e+00  MLUPS:176904  cache block size:71820kiB  reps:3  perf err:  0.4%
OMP: Info #277: omp_set_nested routine deprecated, please use omp_set_max_active_levels instead.
[AUTO TUNE]     [003: 21796.01]  time:1.694622e+00  MLUPS:036936  cache block size:75335kiB  reps:1  perf err: 100.0%
OMP: Info #277: omp_set_nested routine deprecated, please use omp_set_max_active_levels instead.
[AUTO TUNE]     [003: 22581.29]  time:4.734893e+00  MLUPS:106920  cache block size:75335kiB  reps:2  perf err:  3.5%
OMP: Info #277: omp_set_nested routine deprecated, please use omp_set_max_active_levels instead.
[AUTO TUNE]     [003: 22879.63]  time:7.731943e+00  MLUPS:176904  cache block size:75335kiB  reps:3  perf err:  1.3%
OMP: Info #277: omp_set_nested routine deprecated, please use omp_set_max_active_levels instead.
[AUTO TUNE]     [004: 22348.60]  time:1.652721e+00  MLUPS:036936  cache block size:78850kiB  reps:1  perf err: 100.0%
OMP: Info #277: omp_set_nested routine deprecated, please use omp_set_max_active_levels instead.
[AUTO TUNE]     [004: 23077.55]  time:4.633074e+00  MLUPS:106920  cache block size:78850kiB  reps:2  perf err:  3.2%
OMP: Info #277: omp_set_nested routine deprecated, please use omp_set_max_active_levels instead.
[AUTO TUNE]     [004: 23281.91]  time:7.598345e+00  MLUPS:176904  cache block size:78850kiB  reps:3  perf err:  0.9%
OMP: Info #277: omp_set_nested routine deprecated, please use omp_set_max_active_levels instead.
[AUTO TUNE]     [005: 22745.66]  time:1.623870e+00  MLUPS:036936  cache block size:82365kiB  reps:1  perf err: 100.0%
OMP: Info #277: omp_set_nested routine deprecated, please use omp_set_max_active_levels instead.
[AUTO TUNE]     [005: 23421.89]  time:4.564960e+00  MLUPS:106920  cache block size:82365kiB  reps:2  perf err:  2.9%
OMP: Info #277: omp_set_nested routine deprecated, please use omp_set_max_active_levels instead.
[AUTO TUNE]     [005: 23761.47]  time:7.444994e+00  MLUPS:176904  cache block size:82365kiB  reps:3  perf err:  1.4%
OMP: Info #277: omp_set_nested routine deprecated, please use omp_set_max_active_levels instead.
[AUTO TUNE]     [006: 22970.44]  time:1.607980e+00  MLUPS:036936  cache block size:85880kiB  reps:1  perf err: 100.0%
OMP: Info #277: omp_set_nested routine deprecated, please use omp_set_max_active_levels instead.
[AUTO TUNE]     [006: 23860.96]  time:4.480960e+00  MLUPS:106920  cache block size:85880kiB  reps:2  perf err:  3.7%
OMP: Info #277: omp_set_nested routine deprecated, please use omp_set_max_active_levels instead.
[AUTO TUNE]     [006: 23865.84]  time:7.412434e+00  MLUPS:176904  cache block size:85880kiB  reps:3  perf err:  0.0%
OMP: Info #277: omp_set_nested routine deprecated, please use omp_set_max_active_levels instead.
[AUTO TUNE]     [007: 23079.58]  time:1.600375e+00  MLUPS:036936  cache block size:89395kiB  reps:1  perf err: 100.0%
OMP: Info #277: omp_set_nested routine deprecated, please use omp_set_max_active_levels instead.
[AUTO TUNE]     [007: 23859.74]  time:4.481188e+00  MLUPS:106920  cache block size:89395kiB  reps:2  perf err:  3.3%
OMP: Info #277: omp_set_nested routine deprecated, please use omp_set_max_active_levels instead.
[AUTO TUNE]     [007: 24101.62]  time:7.339921e+00  MLUPS:176904  cache block size:89395kiB  reps:3  perf err:  1.0%
OMP: Info #277: omp_set_nested routine deprecated, please use omp_set_max_active_levels instead.
[AUTO TUNE]     [008: 23267.80]  time:1.587430e+00  MLUPS:036936  cache block size:92910kiB  reps:1  perf err: 100.0%
OMP: Info #277: omp_set_nested routine deprecated, please use omp_set_max_active_levels instead.
[AUTO TUNE]     [008: 23959.21]  time:4.462584e+00  MLUPS:106920  cache block size:92910kiB  reps:2  perf err:  2.9%
OMP: Info #277: omp_set_nested routine deprecated, please use omp_set_max_active_levels instead.
[AUTO TUNE]     [008: 24249.58]  time:7.295138e+00  MLUPS:176904  cache block size:92910kiB  reps:3  perf err:  1.2%
OMP: Info #277: omp_set_nested routine deprecated, please use omp_set_max_active_levels instead.
[AUTO TUNE]     [009: 23415.85]  time:1.577393e+00  MLUPS:036936  cache block size:96425kiB  reps:1  perf err: 100.0%
OMP: Info #277: omp_set_nested routine deprecated, please use omp_set_max_active_levels instead.
[AUTO TUNE]     [009: 24077.40]  time:4.440678e+00  MLUPS:106920  cache block size:96425kiB  reps:2  perf err:  2.7%
OMP: Info #277: omp_set_nested routine deprecated, please use omp_set_max_active_levels instead.
[AUTO TUNE]     [009: 24348.44]  time:7.265517e+00  MLUPS:176904  cache block size:96425kiB  reps:3  perf err:  1.1%
OMP: Info #277: omp_set_nested routine deprecated, please use omp_set_max_active_levels instead.
[AUTO TUNE]     [010: 23349.86]  time:1.581851e+00  MLUPS:036936  cache block size:99940kiB  reps:1  perf err: 100.0%
OMP: Info #277: omp_set_nested routine deprecated, please use omp_set_max_active_levels instead.
[AUTO TUNE]     [010: 24154.33]  time:4.426535e+00  MLUPS:106920  cache block size:99940kiB  reps:2  perf err:  3.3%
OMP: Info #277: omp_set_nested routine deprecated, please use omp_set_max_active_levels instead.
[AUTO TUNE]     [010: 24388.68]  time:7.253528e+00  MLUPS:176904  cache block size:99940kiB  reps:3  perf err:  1.0%
OMP: Info #277: omp_set_nested routine deprecated, please use omp_set_max_active_levels instead.
[AUTO TUNE]     [011: 23121.55]  time:1.597470e+00  MLUPS:036936  cache block size:103455kiB  reps:1  perf err: 100.0%
OMP: Info #277: omp_set_nested routine deprecated, please use omp_set_max_active_levels instead.
[AUTO TUNE]     [011: 23697.42]  time:4.511884e+00  MLUPS:106920  cache block size:103455kiB  reps:2  perf err:  2.4%
[AUTO TUNE] COMPLETE tune case #07: Thread group size:06  thc:01  thx:03  thy:02  thz:01  t_dim:17  bs_z:10  perf:24388.68 MLUP/s

[AUTO TUNE] START tune case #08: Thread group size:06  thc:01  thx:03  thy:01  thz:02  Possilbe diam width: 4 8 12 20 24 36
[AUTO TUNE]   Diamond width:04  [wavefronts #: pefromance (MLUPS/s)]
OMP: Info #277: omp_set_nested routine deprecated, please use omp_set_max_active_levels instead.
[AUTO TUNE]     [002: 15083.87]  time:3.866381e-01  MLUPS:005832  cache block size:1900kiB  reps:1  perf err: 100.0%
OMP: Info #277: omp_set_nested routine deprecated, please use omp_set_max_active_levels instead.
[AUTO TUNE]     [002: 11549.22]  time:1.178261e+00  MLUPS:013608  cache block size:1900kiB  reps:2  perf err: 30.6%
OMP: Info #277: omp_set_nested routine deprecated, please use omp_set_max_active_levels instead.
[AUTO TUNE]     [002: 10806.06]  time:1.978890e+00  MLUPS:021384  cache block size:1900kiB  reps:3  perf err:  6.9%
OMP: Info #277: omp_set_nested routine deprecated, please use omp_set_max_active_levels instead.
[AUTO TUNE]     [002: 10612.19]  time:2.747784e+00  MLUPS:029160  cache block size:1900kiB  reps:4  perf err:  1.8%
OMP: Info #277: omp_set_nested routine deprecated, please use omp_set_max_active_levels instead.
[AUTO TUNE]     [004: 14886.67]  time:3.917598e-01  MLUPS:005832  cache block size:2850kiB  reps:1  perf err: 100.0%
OMP: Info #277: omp_set_nested routine deprecated, please use omp_set_max_active_levels instead.
[AUTO TUNE]     [004: 11729.48]  time:1.160154e+00  MLUPS:013608  cache block size:2850kiB  reps:2  perf err: 26.9%
OMP: Info #277: omp_set_nested routine deprecated, please use omp_set_max_active_levels instead.
[AUTO TUNE]     [004: 11115.88]  time:1.923735e+00  MLUPS:021384  cache block size:2850kiB  reps:3  perf err:  5.5%
OMP: Info #277: omp_set_nested routine deprecated, please use omp_set_max_active_levels instead.
[AUTO TUNE]     [004: 10748.24]  time:2.713001e+00  MLUPS:029160  cache block size:2850kiB  reps:4  perf err:  3.4%
OMP: Info #277: omp_set_nested routine deprecated, please use omp_set_max_active_levels instead.
[AUTO TUNE]     [004: 10518.89]  time:3.511398e+00  MLUPS:036936  cache block size:2850kiB  reps:5  perf err:  2.2%
[AUTO TUNE]   Diamond width:08  [wavefronts #: pefromance (MLUPS/s)]
OMP: Info #277: omp_set_nested routine deprecated, please use omp_set_max_active_levels instead.
[AUTO TUNE]     [002: 15831.90]  time:6.139505e-01  MLUPS:009720  cache block size:5320kiB  reps:1  perf err: 100.0%
OMP: Info #277: omp_set_nested routine deprecated, please use omp_set_max_active_levels instead.
[AUTO TUNE]     [002: 13921.01]  time:1.815385e+00  MLUPS:025272  cache block size:5320kiB  reps:2  perf err: 13.7%
OMP: Info #277: omp_set_nested routine deprecated, please use omp_set_max_active_levels instead.
[AUTO TUNE]     [002: 13508.76]  time:3.022039e+00  MLUPS:040824  cache block size:5320kiB  reps:3  perf err:  3.1%
OMP: Info #277: omp_set_nested routine deprecated, please use omp_set_max_active_levels instead.
[AUTO TUNE]     [002: 13319.12]  time:4.232712e+00  MLUPS:056376  cache block size:5320kiB  reps:4  perf err:  1.4%
OMP: Info #277: omp_set_nested routine deprecated, please use omp_set_max_active_levels instead.
[AUTO TUNE]     [004: 17793.08]  time:5.462798e-01  MLUPS:009720  cache block size:7030kiB  reps:1  perf err: 100.0%
OMP: Info #277: omp_set_nested routine deprecated, please use omp_set_max_active_levels instead.
[AUTO TUNE]     [004: 15510.36]  time:1.629363e+00  MLUPS:025272  cache block size:7030kiB  reps:2  perf err: 14.7%
OMP: Info #277: omp_set_nested routine deprecated, please use omp_set_max_active_levels instead.
[AUTO TUNE]     [004: 15023.73]  time:2.717301e+00  MLUPS:040824  cache block size:7030kiB  reps:3  perf err:  3.2%
OMP: Info #277: omp_set_nested routine deprecated, please use omp_set_max_active_levels instead.
[AUTO TUNE]     [004: 14821.15]  time:3.803753e+00  MLUPS:056376  cache block size:7030kiB  reps:4  perf err:  1.4%
OMP: Info #277: omp_set_nested routine deprecated, please use omp_set_max_active_levels instead.
[AUTO TUNE]     [006: 20003.92]  time:4.859047e-01  MLUPS:009720  cache block size:8740kiB  reps:1  perf err: 100.0%
OMP: Info #277: omp_set_nested routine deprecated, please use omp_set_max_active_levels instead.
[AUTO TUNE]     [006: 17488.81]  time:1.445038e+00  MLUPS:025272  cache block size:8740kiB  reps:2  perf err: 14.4%
OMP: Info #277: omp_set_nested routine deprecated, please use omp_set_max_active_levels instead.
[AUTO TUNE]     [006: 17015.54]  time:2.399219e+00  MLUPS:040824  cache block size:8740kiB  reps:3  perf err:  2.8%
OMP: Info #277: omp_set_nested routine deprecated, please use omp_set_max_active_levels instead.
[AUTO TUNE]     [006: 16793.25]  time:3.357063e+00  MLUPS:056376  cache block size:8740kiB  reps:4  perf err:  1.3%
OMP: Info #277: omp_set_nested routine deprecated, please use omp_set_max_active_levels instead.
[AUTO TUNE]     [008: 21412.68]  time:4.539366e-01  MLUPS:009720  cache block size:10450kiB  reps:1  perf err: 100.0%
OMP: Info #277: omp_set_nested routine deprecated, please use omp_set_max_active_levels instead.
[AUTO TUNE]     [008: 18760.01]  time:1.347121e+00  MLUPS:025272  cache block size:10450kiB  reps:2  perf err: 14.1%
OMP: Info #277: omp_set_nested routine deprecated, please use omp_set_max_active_levels instead.
[AUTO TUNE]     [008: 18229.85]  time:2.239404e+00  MLUPS:040824  cache block size:10450kiB  reps:3  perf err:  2.9%
OMP: Info #277: omp_set_nested routine deprecated, please use omp_set_max_active_levels instead.
[AUTO TUNE]     [008: 18006.38]  time:3.130889e+00  MLUPS:056376  cache block size:10450kiB  reps:4  perf err:  1.2%
OMP: Info #277: omp_set_nested routine deprecated, please use omp_set_max_active_levels instead.
[AUTO TUNE]     [010: 22191.38]  time:4.380080e-01  MLUPS:009720  cache block size:12160kiB  reps:1  perf err: 100.0%
OMP: Info #277: omp_set_nested routine deprecated, please use omp_set_max_active_levels instead.
[AUTO TUNE]     [010: 19507.89]  time:1.295476e+00  MLUPS:025272  cache block size:12160kiB  reps:2  perf err: 13.8%
OMP: Info #277: omp_set_nested routine deprecated, please use omp_set_max_active_levels instead.
[AUTO TUNE]     [010: 19017.60]  time:2.146644e+00  MLUPS:040824  cache block size:12160kiB  reps:3  perf err:  2.6%
OMP: Info #277: omp_set_nested routine deprecated, please use omp_set_max_active_levels instead.
[AUTO TUNE]     [010: 18627.44]  time:3.026503e+00  MLUPS:056376  cache block size:12160kiB  reps:4  perf err:  2.1%
OMP: Info #277: omp_set_nested routine deprecated, please use omp_set_max_active_levels instead.
[AUTO TUNE]     [012: 22688.61]  time:4.284087e-01  MLUPS:009720  cache block size:13870kiB  reps:1  perf err: 100.0%
OMP: Info #277: omp_set_nested routine deprecated, please use omp_set_max_active_levels instead.
[AUTO TUNE]     [012: 20100.98]  time:1.257252e+00  MLUPS:025272  cache block size:13870kiB  reps:2  perf err: 12.9%
OMP: Info #277: omp_set_nested routine deprecated, please use omp_set_max_active_levels instead.
[AUTO TUNE]     [012: 19470.49]  time:2.096711e+00  MLUPS:040824  cache block size:13870kiB  reps:3  perf err:  3.2%
OMP: Info #277: omp_set_nested routine deprecated, please use omp_set_max_active_levels instead.
[AUTO TUNE]     [012: 19243.25]  time:2.929651e+00  MLUPS:056376  cache block size:13870kiB  reps:4  perf err:  1.2%
OMP: Info #277: omp_set_nested routine deprecated, please use omp_set_max_active_levels instead.
[AUTO TUNE]     [014: 23167.35]  time:4.195559e-01  MLUPS:009720  cache block size:15580kiB  reps:1  perf err: 100.0%
OMP: Info #277: omp_set_nested routine deprecated, please use omp_set_max_active_levels instead.
[AUTO TUNE]     [014: 20490.14]  time:1.233374e+00  MLUPS:025272  cache block size:15580kiB  reps:2  perf err: 13.1%
OMP: Info #277: omp_set_nested routine deprecated, please use omp_set_max_active_levels instead.
[AUTO TUNE]     [014: 19937.17]  time:2.047633e+00  MLUPS:040824  cache block size:15580kiB  reps:3  perf err:  2.8%
OMP: Info #277: omp_set_nested routine deprecated, please use omp_set_max_active_levels instead.
[AUTO TUNE]     [014: 19654.72]  time:2.868318e+00  MLUPS:056376  cache block size:15580kiB  reps:4  perf err:  1.4%
OMP: Info #277: omp_set_nested routine deprecated, please use omp_set_max_active_levels instead.
[AUTO TUNE]     [016: 23729.57]  time:4.096155e-01  MLUPS:009720  cache block size:17290kiB  reps:1  perf err: 100.0%
OMP: Info #277: omp_set_nested routine deprecated, please use omp_set_max_active_levels instead.
[AUTO TUNE]     [016: 20797.78]  time:1.215130e+00  MLUPS:025272  cache block size:17290kiB  reps:2  perf err: 14.1%
OMP: Info #277: omp_set_nested routine deprecated, please use omp_set_max_active_levels instead.
[AUTO TUNE]     [016: 20179.50]  time:2.023044e+00  MLUPS:040824  cache block size:17290kiB  reps:3  perf err:  3.1%
OMP: Info #277: omp_set_nested routine deprecated, please use omp_set_max_active_levels instead.
[AUTO TUNE]     [016: 19996.03]  time:2.819360e+00  MLUPS:056376  cache block size:17290kiB  reps:4  perf err:  0.9%
OMP: Info #277: omp_set_nested routine deprecated, please use omp_set_max_active_levels instead.
[AUTO TUNE]     [018: 24189.00]  time:4.018356e-01  MLUPS:009720  cache block size:19000kiB  reps:1  perf err: 100.0%
OMP: Info #277: omp_set_nested routine deprecated, please use omp_set_max_active_levels instead.
[AUTO TUNE]     [018: 21053.55]  time:1.200368e+00  MLUPS:025272  cache block size:19000kiB  reps:2  perf err: 14.9%
OMP: Info #277: omp_set_nested routine deprecated, please use omp_set_max_active_levels instead.
[AUTO TUNE]     [018: 20540.69]  time:1.987470e+00  MLUPS:040824  cache block size:19000kiB  reps:3  perf err:  2.5%
OMP: Info #277: omp_set_nested routine deprecated, please use omp_set_max_active_levels instead.
[AUTO TUNE]     [020: 23804.41]  time:4.083277e-01  MLUPS:009720  cache block size:20710kiB  reps:1  perf err: 100.0%
OMP: Info #277: omp_set_nested routine deprecated, please use omp_set_max_active_levels instead.
[AUTO TUNE]     [020: 21349.22]  time:1.183744e+00  MLUPS:025272  cache block size:20710kiB  reps:2  perf err: 11.5%
OMP: Info #277: omp_set_nested routine deprecated, please use omp_set_max_active_levels instead.
[AUTO TUNE]     [020: 20665.21]  time:1.975494e+00  MLUPS:040824  cache block size:20710kiB  reps:3  perf err:  3.3%
OMP: Info #277: omp_set_nested routine deprecated, please use omp_set_max_active_levels instead.
[AUTO TUNE]     [020: 20461.52]  time:2.755221e+00  MLUPS:056376  cache block size:20710kiB  reps:4  perf err:  1.0%
[AUTO TUNE]   Diamond width:12  [wavefronts #: pefromance (MLUPS/s)]
OMP: Info #277: omp_set_nested routine deprecated, please use omp_set_max_active_levels instead.
[AUTO TUNE]     [002: 16260.84]  time:8.368572e-01  MLUPS:013608  cache block size:10260kiB  reps:1  perf err: 100.0%
OMP: Info #277: omp_set_nested routine deprecated, please use omp_set_max_active_levels instead.
[AUTO TUNE]     [002: 14900.18]  time:2.478895e+00  MLUPS:036936  cache block size:10260kiB  reps:2  perf err:  9.1%
OMP: Info #277: omp_set_nested routine deprecated, please use omp_set_max_active_levels instead.
[AUTO TUNE]     [002: 14540.35]  time:4.144603e+00  MLUPS:060264  cache block size:10260kiB  reps:3  perf err:  2.5%
OMP: Info #277: omp_set_nested routine deprecated, please use omp_set_max_active_levels instead.
[AUTO TUNE]     [004: 17817.90]  time:7.637263e-01  MLUPS:013608  cache block size:12730kiB  reps:1  perf err: 100.0%
OMP: Info #277: omp_set_nested routine deprecated, please use omp_set_max_active_levels instead.
[AUTO TUNE]     [004: 16400.74]  time:2.252094e+00  MLUPS:036936  cache block size:12730kiB  reps:2  perf err:  8.6%
OMP: Info #277: omp_set_nested routine deprecated, please use omp_set_max_active_levels instead.
[AUTO TUNE]     [004: 16072.72]  time:3.749459e+00  MLUPS:060264  cache block size:12730kiB  reps:3  perf err:  2.0%
OMP: Info #277: omp_set_nested routine deprecated, please use omp_set_max_active_levels instead.
[AUTO TUNE]     [006: 20466.22]  time:6.649005e-01  MLUPS:013608  cache block size:15200kiB  reps:1  perf err: 100.0%
OMP: Info #277: omp_set_nested routine deprecated, please use omp_set_max_active_levels instead.
[AUTO TUNE]     [006: 18845.51]  time:1.959936e+00  MLUPS:036936  cache block size:15200kiB  reps:2  perf err:  8.6%
OMP: Info #277: omp_set_nested routine deprecated, please use omp_set_max_active_levels instead.
[AUTO TUNE]     [006: 18446.94]  time:3.266884e+00  MLUPS:060264  cache block size:15200kiB  reps:3  perf err:  2.2%
OMP: Info #277: omp_set_nested routine deprecated, please use omp_set_max_active_levels instead.
[AUTO TUNE]     [008: 22155.30]  time:6.142097e-01  MLUPS:013608  cache block size:17670kiB  reps:1  perf err: 100.0%
OMP: Info #277: omp_set_nested routine deprecated, please use omp_set_max_active_levels instead.
[AUTO TUNE]     [008: 19831.16]  time:1.862523e+00  MLUPS:036936  cache block size:17670kiB  reps:2  perf err: 11.7%
OMP: Info #277: omp_set_nested routine deprecated, please use omp_set_max_active_levels instead.
[AUTO TUNE]     [008: 19955.76]  time:3.019881e+00  MLUPS:060264  cache block size:17670kiB  reps:3  perf err:  0.6%
OMP: Info #277: omp_set_nested routine deprecated, please use omp_set_max_active_levels instead.
[AUTO TUNE]     [010: 22986.56]  time:5.919980e-01  MLUPS:013608  cache block size:20140kiB  reps:1  perf err: 100.0%
OMP: Info #277: omp_set_nested routine deprecated, please use omp_set_max_active_levels instead.
[AUTO TUNE]     [010: 21276.98]  time:1.735960e+00  MLUPS:036936  cache block size:20140kiB  reps:2  perf err:  8.0%
OMP: Info #277: omp_set_nested routine deprecated, please use omp_set_max_active_levels instead.
[AUTO TUNE]     [010: 20785.72]  time:2.899299e+00  MLUPS:060264  cache block size:20140kiB  reps:3  perf err:  2.4%
OMP: Info #277: omp_set_nested routine deprecated, please use omp_set_max_active_levels instead.
[AUTO TUNE]     [012: 23746.48]  time:5.730535e-01  MLUPS:013608  cache block size:22610kiB  reps:1  perf err: 100.0%
OMP: Info #277: omp_set_nested routine deprecated, please use omp_set_max_active_levels instead.
[AUTO TUNE]     [012: 21976.23]  time:1.680725e+00  MLUPS:036936  cache block size:22610kiB  reps:2  perf err:  8.1%
OMP: Info #277: omp_set_nested routine deprecated, please use omp_set_max_active_levels instead.
[AUTO TUNE]     [012: 21587.78]  time:2.791580e+00  MLUPS:060264  cache block size:22610kiB  reps:3  perf err:  1.8%
OMP: Info #277: omp_set_nested routine deprecated, please use omp_set_max_active_levels instead.
[AUTO TUNE]     [014: 24239.64]  time:5.613945e-01  MLUPS:013608  cache block size:25080kiB  reps:1  perf err: 100.0%
OMP: Info #277: omp_set_nested routine deprecated, please use omp_set_max_active_levels instead.
[AUTO TUNE]     [014: 22450.37]  time:1.645229e+00  MLUPS:036936  cache block size:25080kiB  reps:2  perf err:  8.0%
OMP: Info #277: omp_set_nested routine deprecated, please use omp_set_max_active_levels instead.
[AUTO TUNE]     [014: 22087.11]  time:2.728469e+00  MLUPS:060264  cache block size:25080kiB  reps:3  perf err:  1.6%
OMP: Info #277: omp_set_nested routine deprecated, please use omp_set_max_active_levels instead.
[AUTO TUNE]     [016: 24720.20]  time:5.504809e-01  MLUPS:013608  cache block size:27550kiB  reps:1  perf err: 100.0%
OMP: Info #277: omp_set_nested routine deprecated, please use omp_set_max_active_levels instead.
[AUTO TUNE]     [016: 22772.62]  time:1.621947e+00  MLUPS:036936  cache block size:27550kiB  reps:2  perf err:  8.6%
OMP: Info #277: omp_set_nested routine deprecated, please use omp_set_max_active_levels instead.
[AUTO TUNE]     [016: 22479.21]  time:2.680877e+00  MLUPS:060264  cache block size:27550kiB  reps:3  perf err:  1.3%
OMP: Info #277: omp_set_nested routine deprecated, please use omp_set_max_active_levels instead.
[AUTO TUNE]     [018: 24852.00]  time:5.475616e-01  MLUPS:013608  cache block size:30020kiB  reps:1  perf err: 100.0%
OMP: Info #277: omp_set_nested routine deprecated, please use omp_set_max_active_levels instead.
[AUTO TUNE]     [018: 23126.98]  time:1.597095e+00  MLUPS:036936  cache block size:30020kiB  reps:2  perf err:  7.5%
OMP: Info #277: omp_set_nested routine deprecated, please use omp_set_max_active_levels instead.
[AUTO TUNE]     [018: 22720.15]  time:2.652447e+00  MLUPS:060264  cache block size:30020kiB  reps:3  perf err:  1.8%
OMP: Info #277: omp_set_nested routine deprecated, please use omp_set_max_active_levels instead.
[AUTO TUNE]     [020: 24966.74]  time:5.450451e-01  MLUPS:013608  cache block size:32490kiB  reps:1  perf err: 100.0%
OMP: Info #277: omp_set_nested routine deprecated, please use omp_set_max_active_levels instead.
[AUTO TUNE]     [020: 23308.53]  time:1.584656e+00  MLUPS:036936  cache block size:32490kiB  reps:2  perf err:  7.1%
OMP: Info #277: omp_set_nested routine deprecated, please use omp_set_max_active_levels instead.
[AUTO TUNE]     [020: 22922.75]  time:2.629004e+00  MLUPS:060264  cache block size:32490kiB  reps:3  perf err:  1.7%
OMP: Info #277: omp_set_nested routine deprecated, please use omp_set_max_active_levels instead.
[AUTO TUNE]     [022: 25474.04]  time:5.341909e-01  MLUPS:013608  cache block size:34960kiB  reps:1  perf err: 100.0%
OMP: Info #277: omp_set_nested routine deprecated, please use omp_set_max_active_levels instead.
[AUTO TUNE]     [022: 23485.14]  time:1.572739e+00  MLUPS:036936  cache block size:34960kiB  reps:2  perf err:  8.5%
OMP: Info #277: omp_set_nested routine deprecated, please use omp_set_max_active_levels instead.
[AUTO TUNE]     [022: 23150.20]  time:2.603174e+00  MLUPS:060264  cache block size:34960kiB  reps:3  perf err:  1.4%
OMP: Info #277: omp_set_nested routine deprecated, please use omp_set_max_active_levels instead.
[AUTO TUNE]     [024: 25681.79]  time:5.298695e-01  MLUPS:013608  cache block size:37430kiB  reps:1  perf err: 100.0%
OMP: Info #277: omp_set_nested routine deprecated, please use omp_set_max_active_levels instead.
[AUTO TUNE]     [024: 23673.16]  time:1.560248e+00  MLUPS:036936  cache block size:37430kiB  reps:2  perf err:  8.5%
OMP: Info #277: omp_set_nested routine deprecated, please use omp_set_max_active_levels instead.
[AUTO TUNE]     [024: 23314.03]  time:2.584881e+00  MLUPS:060264  cache block size:37430kiB  reps:3  perf err:  1.5%
OMP: Info #277: omp_set_nested routine deprecated, please use omp_set_max_active_levels instead.
[AUTO TUNE]     [026: 25587.78]  time:5.318164e-01  MLUPS:013608  cache block size:39900kiB  reps:1  perf err: 100.0%
OMP: Info #277: omp_set_nested routine deprecated, please use omp_set_max_active_levels instead.
[AUTO TUNE]     [026: 23676.37]  time:1.560037e+00  MLUPS:036936  cache block size:39900kiB  reps:2  perf err:  8.1%
OMP: Info #277: omp_set_nested routine deprecated, please use omp_set_max_active_levels instead.
[AUTO TUNE]     [026: 23347.06]  time:2.581225e+00  MLUPS:060264  cache block size:39900kiB  reps:3  perf err:  1.4%
OMP: Info #277: omp_set_nested routine deprecated, please use omp_set_max_active_levels instead.
[AUTO TUNE]     [028: 25524.08]  time:5.331436e-01  MLUPS:013608  cache block size:42370kiB  reps:1  perf err: 100.0%
OMP: Info #277: omp_set_nested routine deprecated, please use omp_set_max_active_levels instead.
[AUTO TUNE]     [028: 23818.63]  time:1.550719e+00  MLUPS:036936  cache block size:42370kiB  reps:2  perf err:  7.2%
OMP: Info #277: omp_set_nested routine deprecated, please use omp_set_max_active_levels instead.
[AUTO TUNE]     [028: 23507.68]  time:2.563588e+00  MLUPS:060264  cache block size:42370kiB  reps:3  perf err:  1.3%
OMP: Info #277: omp_set_nested routine deprecated, please use omp_set_max_active_levels instead.
[AUTO TUNE]     [030: 25672.15]  time:5.300687e-01  MLUPS:013608  cache block size:44840kiB  reps:1  perf err: 100.0%
OMP: Info #277: omp_set_nested routine deprecated, please use omp_set_max_active_levels instead.
[AUTO TUNE]     [030: 23930.34]  time:1.543480e+00  MLUPS:036936  cache block size:44840kiB  reps:2  perf err:  7.3%
OMP: Info #277: omp_set_nested routine deprecated, please use omp_set_max_active_levels instead.
[AUTO TUNE]     [030: 23477.77]  time:2.566853e+00  MLUPS:060264  cache block size:44840kiB  reps:3  perf err:  1.9%
[AUTO TUNE]   Diamond width:20  [wavefronts #: pefromance (MLUPS/s)]
OMP: Info #277: omp_set_nested routine deprecated, please use omp_set_max_active_levels instead.
[AUTO TUNE]     [002: 16137.60]  time:1.325104e+00  MLUPS:021384  cache block size:24700kiB  reps:1  perf err: 100.0%
OMP: Info #277: omp_set_nested routine deprecated, please use omp_set_max_active_levels instead.
[AUTO TUNE]     [002: 15478.38]  time:3.893431e+00  MLUPS:060264  cache block size:24700kiB  reps:2  perf err:  4.3%
OMP: Info #277: omp_set_nested routine deprecated, please use omp_set_max_active_levels instead.
[AUTO TUNE]     [002: 15624.03]  time:6.345612e+00  MLUPS:099144  cache block size:24700kiB  reps:3  perf err:  0.9%
OMP: Info #277: omp_set_nested routine deprecated, please use omp_set_max_active_levels instead.
[AUTO TUNE]     [004: 18241.22]  time:1.172290e+00  MLUPS:021384  cache block size:28690kiB  reps:1  perf err: 100.0%
OMP: Info #277: omp_set_nested routine deprecated, please use omp_set_max_active_levels instead.
[AUTO TUNE]     [004: 17473.53]  time:3.448874e+00  MLUPS:060264  cache block size:28690kiB  reps:2  perf err:  4.4%
OMP: Info #277: omp_set_nested routine deprecated, please use omp_set_max_active_levels instead.
[AUTO TUNE]     [004: 17370.29]  time:5.707677e+00  MLUPS:099144  cache block size:28690kiB  reps:3  perf err:  0.6%
OMP: Info #277: omp_set_nested routine deprecated, please use omp_set_max_active_levels instead.
[AUTO TUNE]     [006: 20722.83]  time:1.031905e+00  MLUPS:021384  cache block size:32680kiB  reps:1  perf err: 100.0%
OMP: Info #277: omp_set_nested routine deprecated, please use omp_set_max_active_levels instead.
[AUTO TUNE]     [006: 20218.87]  time:2.980582e+00  MLUPS:060264  cache block size:32680kiB  reps:2  perf err:  2.5%
OMP: Info #277: omp_set_nested routine deprecated, please use omp_set_max_active_levels instead.
[AUTO TUNE]     [008: 22488.09]  time:9.509035e-01  MLUPS:021384  cache block size:36670kiB  reps:1  perf err: 100.0%
OMP: Info #277: omp_set_nested routine deprecated, please use omp_set_max_active_levels instead.
[AUTO TUNE]     [008: 21808.75]  time:2.763295e+00  MLUPS:060264  cache block size:36670kiB  reps:2  perf err:  3.1%
OMP: Info #277: omp_set_nested routine deprecated, please use omp_set_max_active_levels instead.
[AUTO TUNE]     [008: 21595.69]  time:4.590915e+00  MLUPS:099144  cache block size:36670kiB  reps:3  perf err:  1.0%
OMP: Info #277: omp_set_nested routine deprecated, please use omp_set_max_active_levels instead.
[AUTO TUNE]     [010: 23179.47]  time:9.225404e-01  MLUPS:021384  cache block size:40660kiB  reps:1  perf err: 100.0%
OMP: Info #277: omp_set_nested routine deprecated, please use omp_set_max_active_levels instead.
[AUTO TUNE]     [010: 22748.42]  time:2.649151e+00  MLUPS:060264  cache block size:40660kiB  reps:2  perf err:  1.9%
OMP: Info #277: omp_set_nested routine deprecated, please use omp_set_max_active_levels instead.
[AUTO TUNE]     [012: 24082.91]  time:8.879325e-01  MLUPS:021384  cache block size:44650kiB  reps:1  perf err: 100.0%
OMP: Info #277: omp_set_nested routine deprecated, please use omp_set_max_active_levels instead.
[AUTO TUNE]     [012: 23531.12]  time:2.561034e+00  MLUPS:060264  cache block size:44650kiB  reps:2  perf err:  2.3%
OMP: Info #277: omp_set_nested routine deprecated, please use omp_set_max_active_levels instead.
[AUTO TUNE]     [014: 24448.44]  time:8.746570e-01  MLUPS:021384  cache block size:48640kiB  reps:1  perf err: 100.0%
OMP: Info #277: omp_set_nested routine deprecated, please use omp_set_max_active_levels instead.
[AUTO TUNE]     [014: 23961.76]  time:2.515007e+00  MLUPS:060264  cache block size:48640kiB  reps:2  perf err:  2.0%
OMP: Info #277: omp_set_nested routine deprecated, please use omp_set_max_active_levels instead.
[AUTO TUNE]     [016: 24599.70]  time:8.692788e-01  MLUPS:021384  cache block size:52630kiB  reps:1  perf err: 100.0%
OMP: Info #277: omp_set_nested routine deprecated, please use omp_set_max_active_levels instead.
[AUTO TUNE]     [016: 24307.54]  time:2.479230e+00  MLUPS:060264  cache block size:52630kiB  reps:2  perf err:  1.2%
OMP: Info #277: omp_set_nested routine deprecated, please use omp_set_max_active_levels instead.
[AUTO TUNE]     [018: 24976.79]  time:8.561548e-01  MLUPS:021384  cache block size:56620kiB  reps:1  perf err: 100.0%
OMP: Info #277: omp_set_nested routine deprecated, please use omp_set_max_active_levels instead.
[AUTO TUNE]     [018: 24483.26]  time:2.461437e+00  MLUPS:060264  cache block size:56620kiB  reps:2  perf err:  2.0%
OMP: Info #277: omp_set_nested routine deprecated, please use omp_set_max_active_levels instead.
[AUTO TUNE]     [020: 25133.09]  time:8.508304e-01  MLUPS:021384  cache block size:60610kiB  reps:1  perf err: 100.0%
OMP: Info #277: omp_set_nested routine deprecated, please use omp_set_max_active_levels instead.
[AUTO TUNE]     [020: 24711.51]  time:2.438702e+00  MLUPS:060264  cache block size:60610kiB  reps:2  perf err:  1.7%
OMP: Info #277: omp_set_nested routine deprecated, please use omp_set_max_active_levels instead.
[AUTO TUNE]     [022: 25598.22]  time:8.353707e-01  MLUPS:021384  cache block size:64600kiB  reps:1  perf err: 100.0%
OMP: Info #277: omp_set_nested routine deprecated, please use omp_set_max_active_levels instead.
[AUTO TUNE]     [022: 24855.70]  time:2.424554e+00  MLUPS:060264  cache block size:64600kiB  reps:2  perf err:  3.0%
OMP: Info #277: omp_set_nested routine deprecated, please use omp_set_max_active_levels instead.
[AUTO TUNE]     [022: 24761.13]  time:4.004017e+00  MLUPS:099144  cache block size:64600kiB  reps:3  perf err:  0.4%
OMP: Info #277: omp_set_nested routine deprecated, please use omp_set_max_active_levels instead.
[AUTO TUNE]     [024: 25445.13]  time:8.403965e-01  MLUPS:021384  cache block size:68590kiB  reps:1  perf err: 100.0%
OMP: Info #277: omp_set_nested routine deprecated, please use omp_set_max_active_levels instead.
[AUTO TUNE]     [024: 25031.12]  time:2.407564e+00  MLUPS:060264  cache block size:68590kiB  reps:2  perf err:  1.7%
OMP: Info #277: omp_set_nested routine deprecated, please use omp_set_max_active_levels instead.
[AUTO TUNE]     [026: 25862.17]  time:8.268448e-01  MLUPS:021384  cache block size:72580kiB  reps:1  perf err: 100.0%
OMP: Info #277: omp_set_nested routine deprecated, please use omp_set_max_active_levels instead.
[AUTO TUNE]     [026: 24948.19]  time:2.415566e+00  MLUPS:060264  cache block size:72580kiB  reps:2  perf err:  3.7%
OMP: Info #277: omp_set_nested routine deprecated, please use omp_set_max_active_levels instead.
[AUTO TUNE]     [026: 24804.88]  time:3.996956e+00  MLUPS:099144  cache block size:72580kiB  reps:3  perf err:  0.6%
[AUTO TUNE]   Diamond width:24  [wavefronts #: pefromance (MLUPS/s)]
OMP: Info #277: omp_set_nested routine deprecated, please use omp_set_max_active_levels instead.
[AUTO TUNE]     [002: 16524.88]  time:1.529330e+00  MLUPS:025272  cache block size:34200kiB  reps:1  perf err: 100.0%
OMP: Info #277: omp_set_nested routine deprecated, please use omp_set_max_active_levels instead.
[AUTO TUNE]     [002: 15906.83]  time:4.521832e+00  MLUPS:071928  cache block size:34200kiB  reps:2  perf err:  3.9%
OMP: Info #277: omp_set_nested routine deprecated, please use omp_set_max_active_levels instead.
[AUTO TUNE]     [002: 15798.43]  time:7.506062e+00  MLUPS:118584  cache block size:34200kiB  reps:3  perf err:  0.7%
OMP: Info #277: omp_set_nested routine deprecated, please use omp_set_max_active_levels instead.
[AUTO TUNE]     [004: 18284.69]  time:1.382140e+00  MLUPS:025272  cache block size:38950kiB  reps:1  perf err: 100.0%
OMP: Info #277: omp_set_nested routine deprecated, please use omp_set_max_active_levels instead.
[AUTO TUNE]     [004: 17860.79]  time:4.027145e+00  MLUPS:071928  cache block size:38950kiB  reps:2  perf err:  2.4%
OMP: Info #277: omp_set_nested routine deprecated, please use omp_set_max_active_levels instead.
[AUTO TUNE]     [006: 20976.01]  time:1.204805e+00  MLUPS:025272  cache block size:43700kiB  reps:1  perf err: 100.0%
OMP: Info #277: omp_set_nested routine deprecated, please use omp_set_max_active_levels instead.
[AUTO TUNE]     [006: 20693.80]  time:3.475824e+00  MLUPS:071928  cache block size:43700kiB  reps:2  perf err:  1.4%
OMP: Info #277: omp_set_nested routine deprecated, please use omp_set_max_active_levels instead.
[AUTO TUNE]     [008: 22517.90]  time:1.122307e+00  MLUPS:025272  cache block size:48450kiB  reps:1  perf err: 100.0%
OMP: Info #277: omp_set_nested routine deprecated, please use omp_set_max_active_levels instead.
[AUTO TUNE]     [008: 22133.67]  time:3.249710e+00  MLUPS:071928  cache block size:48450kiB  reps:2  perf err:  1.7%
OMP: Info #277: omp_set_nested routine deprecated, please use omp_set_max_active_levels instead.
[AUTO TUNE]     [010: 23886.67]  time:1.057996e+00  MLUPS:025272  cache block size:53200kiB  reps:1  perf err: 100.0%
OMP: Info #277: omp_set_nested routine deprecated, please use omp_set_max_active_levels instead.
[AUTO TUNE]     [010: 23188.23]  time:3.101918e+00  MLUPS:071928  cache block size:53200kiB  reps:2  perf err:  3.0%
OMP: Info #277: omp_set_nested routine deprecated, please use omp_set_max_active_levels instead.
[AUTO TUNE]     [010: 23094.50]  time:5.134729e+00  MLUPS:118584  cache block size:53200kiB  reps:3  perf err:  0.4%
OMP: Info #277: omp_set_nested routine deprecated, please use omp_set_max_active_levels instead.
[AUTO TUNE]     [012: 24371.42]  time:1.036952e+00  MLUPS:025272  cache block size:57950kiB  reps:1  perf err: 100.0%
OMP: Info #277: omp_set_nested routine deprecated, please use omp_set_max_active_levels instead.
[AUTO TUNE]     [012: 23898.88]  time:3.009680e+00  MLUPS:071928  cache block size:57950kiB  reps:2  perf err:  2.0%
OMP: Info #277: omp_set_nested routine deprecated, please use omp_set_max_active_levels instead.
[AUTO TUNE]     [014: 24762.84]  time:1.020562e+00  MLUPS:025272  cache block size:62700kiB  reps:1  perf err: 100.0%
OMP: Info #277: omp_set_nested routine deprecated, please use omp_set_max_active_levels instead.
[AUTO TUNE]     [014: 24417.91]  time:2.945707e+00  MLUPS:071928  cache block size:62700kiB  reps:2  perf err:  1.4%
OMP: Info #277: omp_set_nested routine deprecated, please use omp_set_max_active_levels instead.
[AUTO TUNE]     [016: 25023.18]  time:1.009944e+00  MLUPS:025272  cache block size:67450kiB  reps:1  perf err: 100.0%
OMP: Info #277: omp_set_nested routine deprecated, please use omp_set_max_active_levels instead.
[AUTO TUNE]     [016: 24659.70]  time:2.916824e+00  MLUPS:071928  cache block size:67450kiB  reps:2  perf err:  1.5%
OMP: Info #277: omp_set_nested routine deprecated, please use omp_set_max_active_levels instead.
[AUTO TUNE]     [018: 25286.35]  time:9.994324e-01  MLUPS:025272  cache block size:72200kiB  reps:1  perf err: 100.0%
OMP: Info #277: omp_set_nested routine deprecated, please use omp_set_max_active_levels instead.
[AUTO TUNE]     [018: 24885.91]  time:2.890310e+00  MLUPS:071928  cache block size:72200kiB  reps:2  perf err:  1.6%
OMP: Info #277: omp_set_nested routine deprecated, please use omp_set_max_active_levels instead.
[AUTO TUNE]     [020: 25305.38]  time:9.986810e-01  MLUPS:025272  cache block size:76950kiB  reps:1  perf err: 100.0%
OMP: Info #277: omp_set_nested routine deprecated, please use omp_set_max_active_levels instead.
[AUTO TUNE]     [020: 25055.51]  time:2.870746e+00  MLUPS:071928  cache block size:76950kiB  reps:2  perf err:  1.0%
OMP: Info #277: omp_set_nested routine deprecated, please use omp_set_max_active_levels instead.
[AUTO TUNE]     [022: 25649.39]  time:9.852866e-01  MLUPS:025272  cache block size:81700kiB  reps:1  perf err: 100.0%
OMP: Info #277: omp_set_nested routine deprecated, please use omp_set_max_active_levels instead.
[AUTO TUNE]     [022: 24977.99]  time:2.879655e+00  MLUPS:071928  cache block size:81700kiB  reps:2  perf err:  2.7%
OMP: Info #277: omp_set_nested routine deprecated, please use omp_set_max_active_levels instead.
[AUTO TUNE]     [022: 25048.81]  time:4.734117e+00  MLUPS:118584  cache block size:81700kiB  reps:3  perf err:  0.3%
[AUTO TUNE]   Diamond width:36  [wavefronts #: pefromance (MLUPS/s)]
OMP: Info #277: omp_set_nested routine deprecated, please use omp_set_max_active_levels instead.
[AUTO TUNE]     [002: 15604.18]  time:2.367057e+00  MLUPS:036936  cache block size:71820kiB  reps:1  perf err: 100.0%
OMP: Info #277: omp_set_nested routine deprecated, please use omp_set_max_active_levels instead.
[AUTO TUNE]     [002: 15991.11]  time:6.686216e+00  MLUPS:106920  cache block size:71820kiB  reps:2  perf err:  2.4%
OMP: Info #277: omp_set_nested routine deprecated, please use omp_set_max_active_levels instead.
[AUTO TUNE]     [004: 17921.62]  time:2.060975e+00  MLUPS:036936  cache block size:78850kiB  reps:1  perf err: 100.0%
OMP: Info #277: omp_set_nested routine deprecated, please use omp_set_max_active_levels instead.
[AUTO TUNE]     [004: 18685.50]  time:5.722085e+00  MLUPS:106920  cache block size:78850kiB  reps:2  perf err:  4.1%
OMP: Info #277: omp_set_nested routine deprecated, please use omp_set_max_active_levels instead.
[AUTO TUNE]     [004: 18658.63]  time:9.481081e+00  MLUPS:176904  cache block size:78850kiB  reps:3  perf err:  0.1%
OMP: Info #277: omp_set_nested routine deprecated, please use omp_set_max_active_levels instead.
[AUTO TUNE]     [006: 20848.74]  time:1.771617e+00  MLUPS:036936  cache block size:85880kiB  reps:1  perf err: 100.0%
OMP: Info #277: omp_set_nested routine deprecated, please use omp_set_max_active_levels instead.
[AUTO TUNE]     [006: 21341.26]  time:5.010015e+00  MLUPS:106920  cache block size:85880kiB  reps:2  perf err:  2.3%
OMP: Info #277: omp_set_nested routine deprecated, please use omp_set_max_active_levels instead.
[AUTO TUNE]     [008: 22165.63]  time:1.666363e+00  MLUPS:036936  cache block size:92910kiB  reps:1  perf err: 100.0%
OMP: Info #277: omp_set_nested routine deprecated, please use omp_set_max_active_levels instead.
[AUTO TUNE]     [008: 22781.42]  time:4.693299e+00  MLUPS:106920  cache block size:92910kiB  reps:2  perf err:  2.7%
OMP: Info #277: omp_set_nested routine deprecated, please use omp_set_max_active_levels instead.
[AUTO TUNE]     [008: 23052.80]  time:7.673862e+00  MLUPS:176904  cache block size:92910kiB  reps:3  perf err:  1.2%
OMP: Info #277: omp_set_nested routine deprecated, please use omp_set_max_active_levels instead.
[AUTO TUNE]     [010: 23300.99]  time:1.585169e+00  MLUPS:036936  cache block size:99940kiB  reps:1  perf err: 100.0%
OMP: Info #277: omp_set_nested routine deprecated, please use omp_set_max_active_levels instead.
[AUTO TUNE]     [010: 23887.01]  time:4.476073e+00  MLUPS:106920  cache block size:99940kiB  reps:2  perf err:  2.5%
OMP: Info #277: omp_set_nested routine deprecated, please use omp_set_max_active_levels instead.
[AUTO TUNE]     [012: 23711.72]  time:1.557710e+00  MLUPS:036936  cache block size:106970kiB  reps:1  perf err: 100.0%
OMP: Info #277: omp_set_nested routine deprecated, please use omp_set_max_active_levels instead.
[AUTO TUNE]     [012: 24397.19]  time:4.382473e+00  MLUPS:106920  cache block size:106970kiB  reps:2  perf err:  2.8%
OMP: Info #277: omp_set_nested routine deprecated, please use omp_set_max_active_levels instead.
[AUTO TUNE]     [012: 24375.20]  time:7.257540e+00  MLUPS:176904  cache block size:106970kiB  reps:3  perf err:  0.1%
OMP: Info #277: omp_set_nested routine deprecated, please use omp_set_max_active_levels instead.
[AUTO TUNE]     [014: 24270.76]  time:1.521831e+00  MLUPS:036936  cache block size:114000kiB  reps:1  perf err: 100.0%
OMP: Info #277: omp_set_nested routine deprecated, please use omp_set_max_active_levels instead.
[AUTO TUNE]     [014: 24597.76]  time:4.346737e+00  MLUPS:106920  cache block size:114000kiB  reps:2  perf err:  1.3%
OMP: Info #277: omp_set_nested routine deprecated, please use omp_set_max_active_levels instead.
[AUTO TUNE]     [016: 24396.10]  time:1.514013e+00  MLUPS:036936  cache block size:121030kiB  reps:1  perf err: 100.0%
OMP: Info #277: omp_set_nested routine deprecated, please use omp_set_max_active_levels instead.
[AUTO TUNE]     [016: 24990.65]  time:4.278401e+00  MLUPS:106920  cache block size:121030kiB  reps:2  perf err:  2.4%
OMP: Info #277: omp_set_nested routine deprecated, please use omp_set_max_active_levels instead.
[AUTO TUNE]     [018: 24544.78]  time:1.504841e+00  MLUPS:036936  cache block size:128060kiB  reps:1  perf err: 100.0%
OMP: Info #277: omp_set_nested routine deprecated, please use omp_set_max_active_levels instead.
[AUTO TUNE]     [018: 25089.43]  time:4.261555e+00  MLUPS:106920  cache block size:128060kiB  reps:2  perf err:  2.2%
OMP: Info #277: omp_set_nested routine deprecated, please use omp_set_max_active_levels instead.
[AUTO TUNE]     [020: 24639.20]  time:1.499075e+00  MLUPS:036936  cache block size:135090kiB  reps:1  perf err: 100.0%
OMP: Info #277: omp_set_nested routine deprecated, please use omp_set_max_active_levels instead.
[AUTO TUNE]     [020: 25131.81]  time:4.254370e+00  MLUPS:106920  cache block size:135090kiB  reps:2  perf err:  2.0%
OMP: Info #277: omp_set_nested routine deprecated, please use omp_set_max_active_levels instead.
[AUTO TUNE]     [022: 24652.31]  time:1.498277e+00  MLUPS:036936  cache block size:142120kiB  reps:1  perf err: 100.0%
OMP: Info #277: omp_set_nested routine deprecated, please use omp_set_max_active_levels instead.
[AUTO TUNE]     [022: 25082.55]  time:4.262724e+00  MLUPS:106920  cache block size:142120kiB  reps:2  perf err:  1.7%
[AUTO TUNE] COMPLETE tune case #08: Thread group size:06  thc:01  thx:03  thy:01  thz:02  t_dim:17  bs_z:20  perf:25131.81 MLUP/s

[AUTO TUNE] START tune case #09: Thread group size:06  thc:01  thx:02  thy:01  thz:03  Possilbe diam width: 4 8 12 20 24 36
[AUTO TUNE]   Diamond width:04  [wavefronts #: pefromance (MLUPS/s)]
OMP: Info #277: omp_set_nested routine deprecated, please use omp_set_max_active_levels instead.
[AUTO TUNE]     [003: 14110.34]  time:4.133138e-01  MLUPS:005832  cache block size:2375kiB  reps:1  perf err: 100.0%
OMP: Info #277: omp_set_nested routine deprecated, please use omp_set_max_active_levels instead.
[AUTO TUNE]     [003: 10978.00]  time:1.239570e+00  MLUPS:013608  cache block size:2375kiB  reps:2  perf err: 28.5%
OMP: Info #277: omp_set_nested routine deprecated, please use omp_set_max_active_levels instead.
[AUTO TUNE]     [003: 10369.15]  time:2.062272e+00  MLUPS:021384  cache block size:2375kiB  reps:3  perf err:  5.9%
OMP: Info #277: omp_set_nested routine deprecated, please use omp_set_max_active_levels instead.
[AUTO TUNE]     [003: 10111.01]  time:2.883985e+00  MLUPS:029160  cache block size:2375kiB  reps:4  perf err:  2.6%
OMP: Info #277: omp_set_nested routine deprecated, please use omp_set_max_active_levels instead.
[AUTO TUNE]     [003: 9958.61]  time:3.708951e+00  MLUPS:036936  cache block size:2375kiB  reps:5  perf err:  1.5%
OMP: Info #277: omp_set_nested routine deprecated, please use omp_set_max_active_levels instead.
[AUTO TUNE]     [006: 15719.94]  time:3.709937e-01  MLUPS:005832  cache block size:3800kiB  reps:1  perf err: 100.0%
OMP: Info #277: omp_set_nested routine deprecated, please use omp_set_max_active_levels instead.
[AUTO TUNE]     [006: 12169.64]  time:1.118193e+00  MLUPS:013608  cache block size:3800kiB  reps:2  perf err: 29.2%
OMP: Info #277: omp_set_nested routine deprecated, please use omp_set_max_active_levels instead.
[AUTO TUNE]     [006: 11402.16]  time:1.875434e+00  MLUPS:021384  cache block size:3800kiB  reps:3  perf err:  6.7%
OMP: Info #277: omp_set_nested routine deprecated, please use omp_set_max_active_levels instead.
[AUTO TUNE]     [006: 11130.60]  time:2.619805e+00  MLUPS:029160  cache block size:3800kiB  reps:4  perf err:  2.4%
OMP: Info #277: omp_set_nested routine deprecated, please use omp_set_max_active_levels instead.
[AUTO TUNE]     [009: 17103.66]  time:3.409796e-01  MLUPS:005832  cache block size:5225kiB  reps:1  perf err: 100.0%
OMP: Info #277: omp_set_nested routine deprecated, please use omp_set_max_active_levels instead.
[AUTO TUNE]     [009: 13614.15]  time:9.995483e-01  MLUPS:013608  cache block size:5225kiB  reps:2  perf err: 25.6%
OMP: Info #277: omp_set_nested routine deprecated, please use omp_set_max_active_levels instead.
[AUTO TUNE]     [009: 12849.63]  time:1.664172e+00  MLUPS:021384  cache block size:5225kiB  reps:3  perf err:  5.9%
OMP: Info #277: omp_set_nested routine deprecated, please use omp_set_max_active_levels instead.
[AUTO TUNE]     [009: 12570.87]  time:2.319648e+00  MLUPS:029160  cache block size:5225kiB  reps:4  perf err:  2.2%
OMP: Info #277: omp_set_nested routine deprecated, please use omp_set_max_active_levels instead.
[AUTO TUNE]     [012: 17595.20]  time:3.314540e-01  MLUPS:005832  cache block size:6650kiB  reps:1  perf err: 100.0%
OMP: Info #277: omp_set_nested routine deprecated, please use omp_set_max_active_levels instead.
[AUTO TUNE]     [012: 14258.48]  time:9.543797e-01  MLUPS:013608  cache block size:6650kiB  reps:2  perf err: 23.4%
OMP: Info #277: omp_set_nested routine deprecated, please use omp_set_max_active_levels instead.
[AUTO TUNE]     [012: 13536.44]  time:1.579735e+00  MLUPS:021384  cache block size:6650kiB  reps:3  perf err:  5.3%
OMP: Info #277: omp_set_nested routine deprecated, please use omp_set_max_active_levels instead.
[AUTO TUNE]     [012: 13275.91]  time:2.196459e+00  MLUPS:029160  cache block size:6650kiB  reps:4  perf err:  2.0%
OMP: Info #277: omp_set_nested routine deprecated, please use omp_set_max_active_levels instead.
[AUTO TUNE]     [015: 18349.53]  time:3.178282e-01  MLUPS:005832  cache block size:8075kiB  reps:1  perf err: 100.0%
OMP: Info #277: omp_set_nested routine deprecated, please use omp_set_max_active_levels instead.
[AUTO TUNE]     [015: 14397.07]  time:9.451921e-01  MLUPS:013608  cache block size:8075kiB  reps:2  perf err: 27.5%
OMP: Info #277: omp_set_nested routine deprecated, please use omp_set_max_active_levels instead.
[AUTO TUNE]     [015: 13774.19]  time:1.552469e+00  MLUPS:021384  cache block size:8075kiB  reps:3  perf err:  4.5%
OMP: Info #277: omp_set_nested routine deprecated, please use omp_set_max_active_levels instead.
[AUTO TUNE]     [015: 13526.83]  time:2.155715e+00  MLUPS:029160  cache block size:8075kiB  reps:4  perf err:  1.8%
OMP: Info #277: omp_set_nested routine deprecated, please use omp_set_max_active_levels instead.
[AUTO TUNE]     [018: 17926.40]  time:3.253303e-01  MLUPS:005832  cache block size:9500kiB  reps:1  perf err: 100.0%
OMP: Info #277: omp_set_nested routine deprecated, please use omp_set_max_active_levels instead.
[AUTO TUNE]     [018: 14820.16]  time:9.182088e-01  MLUPS:013608  cache block size:9500kiB  reps:2  perf err: 21.0%
OMP: Info #277: omp_set_nested routine deprecated, please use omp_set_max_active_levels instead.
[AUTO TUNE]     [018: 13986.76]  time:1.528874e+00  MLUPS:021384  cache block size:9500kiB  reps:3  perf err:  6.0%
OMP: Info #277: omp_set_nested routine deprecated, please use omp_set_max_active_levels instead.
[AUTO TUNE]     [018: 13589.02]  time:2.145850e+00  MLUPS:029160  cache block size:9500kiB  reps:4  perf err:  2.9%
OMP: Info #277: omp_set_nested routine deprecated, please use omp_set_max_active_levels instead.
[AUTO TUNE]     [018: 13379.85]  time:2.760569e+00  MLUPS:036936  cache block size:9500kiB  reps:5  perf err:  1.6%
[AUTO TUNE]   Diamond width:08  [wavefronts #: pefromance (MLUPS/s)]
OMP: Info #277: omp_set_nested routine deprecated, please use omp_set_max_active_levels instead.
[AUTO TUNE]     [003: 17270.04]  time:5.628246e-01  MLUPS:009720  cache block size:6175kiB  reps:1  perf err: 100.0%
OMP: Info #277: omp_set_nested routine deprecated, please use omp_set_max_active_levels instead.
[AUTO TUNE]     [003: 15187.70]  time:1.663978e+00  MLUPS:025272  cache block size:6175kiB  reps:2  perf err: 13.7%
OMP: Info #277: omp_set_nested routine deprecated, please use omp_set_max_active_levels instead.
[AUTO TUNE]     [003: 14710.11]  time:2.775234e+00  MLUPS:040824  cache block size:6175kiB  reps:3  perf err:  3.2%
OMP: Info #277: omp_set_nested routine deprecated, please use omp_set_max_active_levels instead.
[AUTO TUNE]     [003: 14524.93]  time:3.881328e+00  MLUPS:056376  cache block size:6175kiB  reps:4  perf err:  1.3%
OMP: Info #277: omp_set_nested routine deprecated, please use omp_set_max_active_levels instead.
[AUTO TUNE]     [006: 21717.10]  time:4.475736e-01  MLUPS:009720  cache block size:8740kiB  reps:1  perf err: 100.0%
OMP: Info #277: omp_set_nested routine deprecated, please use omp_set_max_active_levels instead.
[AUTO TUNE]     [006: 18876.70]  time:1.338793e+00  MLUPS:025272  cache block size:8740kiB  reps:2  perf err: 15.0%
OMP: Info #277: omp_set_nested routine deprecated, please use omp_set_max_active_levels instead.
[AUTO TUNE]     [006: 18425.47]  time:2.215628e+00  MLUPS:040824  cache block size:8740kiB  reps:3  perf err:  2.4%
OMP: Info #277: omp_set_nested routine deprecated, please use omp_set_max_active_levels instead.
[AUTO TUNE]     [009: 24174.78]  time:4.020719e-01  MLUPS:009720  cache block size:11305kiB  reps:1  perf err: 100.0%
OMP: Info #277: omp_set_nested routine deprecated, please use omp_set_max_active_levels instead.
[AUTO TUNE]     [009: 20745.71]  time:1.218180e+00  MLUPS:025272  cache block size:11305kiB  reps:2  perf err: 16.5%
OMP: Info #277: omp_set_nested routine deprecated, please use omp_set_max_active_levels instead.
[AUTO TUNE]     [009: 20658.57]  time:1.976129e+00  MLUPS:040824  cache block size:11305kiB  reps:3  perf err:  0.4%
OMP: Info #277: omp_set_nested routine deprecated, please use omp_set_max_active_levels instead.
[AUTO TUNE]     [012: 25683.57]  time:3.784520e-01  MLUPS:009720  cache block size:13870kiB  reps:1  perf err: 100.0%
OMP: Info #277: omp_set_nested routine deprecated, please use omp_set_max_active_levels instead.
[AUTO TUNE]     [012: 22376.49]  time:1.129399e+00  MLUPS:025272  cache block size:13870kiB  reps:2  perf err: 14.8%
OMP: Info #277: omp_set_nested routine deprecated, please use omp_set_max_active_levels instead.
[AUTO TUNE]     [012: 21782.16]  time:1.874194e+00  MLUPS:040824  cache block size:13870kiB  reps:3  perf err:  2.7%
OMP: Info #277: omp_set_nested routine deprecated, please use omp_set_max_active_levels instead.
[AUTO TUNE]     [012: 21565.29]  time:2.614201e+00  MLUPS:056376  cache block size:13870kiB  reps:4  perf err:  1.0%
OMP: Info #277: omp_set_nested routine deprecated, please use omp_set_max_active_levels instead.
[AUTO TUNE]     [015: 26066.79]  time:3.728882e-01  MLUPS:009720  cache block size:16435kiB  reps:1  perf err: 100.0%
OMP: Info #277: omp_set_nested routine deprecated, please use omp_set_max_active_levels instead.
[AUTO TUNE]     [015: 23254.61]  time:1.086752e+00  MLUPS:025272  cache block size:16435kiB  reps:2  perf err: 12.1%
OMP: Info #277: omp_set_nested routine deprecated, please use omp_set_max_active_levels instead.
[AUTO TUNE]     [015: 22507.42]  time:1.813802e+00  MLUPS:040824  cache block size:16435kiB  reps:3  perf err:  3.3%
OMP: Info #277: omp_set_nested routine deprecated, please use omp_set_max_active_levels instead.
[AUTO TUNE]     [015: 22299.93]  time:2.528080e+00  MLUPS:056376  cache block size:16435kiB  reps:4  perf err:  0.9%
OMP: Info #277: omp_set_nested routine deprecated, please use omp_set_max_active_levels instead.
[AUTO TUNE]     [018: 26727.29]  time:3.636732e-01  MLUPS:009720  cache block size:19000kiB  reps:1  perf err: 100.0%
OMP: Info #277: omp_set_nested routine deprecated, please use omp_set_max_active_levels instead.
[AUTO TUNE]     [018: 23498.81]  time:1.075459e+00  MLUPS:025272  cache block size:19000kiB  reps:2  perf err: 13.7%
OMP: Info #277: omp_set_nested routine deprecated, please use omp_set_max_active_levels instead.
[AUTO TUNE]     [018: 22860.05]  time:1.785823e+00  MLUPS:040824  cache block size:19000kiB  reps:3  perf err:  2.8%
OMP: Info #277: omp_set_nested routine deprecated, please use omp_set_max_active_levels instead.
[AUTO TUNE]     [018: 22702.50]  time:2.483251e+00  MLUPS:056376  cache block size:19000kiB  reps:4  perf err:  0.7%
OMP: Info #277: omp_set_nested routine deprecated, please use omp_set_max_active_levels instead.
[AUTO TUNE]     [021: 27508.49]  time:3.533455e-01  MLUPS:009720  cache block size:21565kiB  reps:1  perf err: 100.0%
OMP: Info #277: omp_set_nested routine deprecated, please use omp_set_max_active_levels instead.
[AUTO TUNE]     [021: 24101.20]  time:1.048579e+00  MLUPS:025272  cache block size:21565kiB  reps:2  perf err: 14.1%
OMP: Info #277: omp_set_nested routine deprecated, please use omp_set_max_active_levels instead.
[AUTO TUNE]     [021: 23317.90]  time:1.750758e+00  MLUPS:040824  cache block size:21565kiB  reps:3  perf err:  3.4%
OMP: Info #277: omp_set_nested routine deprecated, please use omp_set_max_active_levels instead.
[AUTO TUNE]     [021: 22950.59]  time:2.456407e+00  MLUPS:056376  cache block size:21565kiB  reps:4  perf err:  1.6%
OMP: Info #277: omp_set_nested routine deprecated, please use omp_set_max_active_levels instead.
[AUTO TUNE]     [024: 27535.42]  time:3.529998e-01  MLUPS:009720  cache block size:24130kiB  reps:1  perf err: 100.0%
OMP: Info #277: omp_set_nested routine deprecated, please use omp_set_max_active_levels instead.
[AUTO TUNE]     [024: 24219.34]  time:1.043464e+00  MLUPS:025272  cache block size:24130kiB  reps:2  perf err: 13.7%
OMP: Info #277: omp_set_nested routine deprecated, please use omp_set_max_active_levels instead.
[AUTO TUNE]     [024: 23615.94]  time:1.728663e+00  MLUPS:040824  cache block size:24130kiB  reps:3  perf err:  2.6%
OMP: Info #277: omp_set_nested routine deprecated, please use omp_set_max_active_levels instead.
[AUTO TUNE]     [024: 23369.23]  time:2.412403e+00  MLUPS:056376  cache block size:24130kiB  reps:4  perf err:  1.1%
OMP: Info #277: omp_set_nested routine deprecated, please use omp_set_max_active_levels instead.
[AUTO TUNE]     [027: 27824.01]  time:3.493386e-01  MLUPS:009720  cache block size:26695kiB  reps:1  perf err: 100.0%
OMP: Info #277: omp_set_nested routine deprecated, please use omp_set_max_active_levels instead.
[AUTO TUNE]     [027: 24638.87]  time:1.025696e+00  MLUPS:025272  cache block size:26695kiB  reps:2  perf err: 12.9%
OMP: Info #277: omp_set_nested routine deprecated, please use omp_set_max_active_levels instead.
[AUTO TUNE]     [027: 23828.94]  time:1.713211e+00  MLUPS:040824  cache block size:26695kiB  reps:3  perf err:  3.4%
OMP: Info #277: omp_set_nested routine deprecated, please use omp_set_max_active_levels instead.
[AUTO TUNE]     [027: 23278.51]  time:2.421805e+00  MLUPS:056376  cache block size:26695kiB  reps:4  perf err:  2.4%
[AUTO TUNE]   Diamond width:12  [wavefronts #: pefromance (MLUPS/s)]
OMP: Info #277: omp_set_nested routine deprecated, please use omp_set_max_active_levels instead.
[AUTO TUNE]     [003: 17890.91]  time:7.606097e-01  MLUPS:013608  cache block size:11495kiB  reps:1  perf err: 100.0%
OMP: Info #277: omp_set_nested routine deprecated, please use omp_set_max_active_levels instead.
[AUTO TUNE]     [003: 16370.13]  time:2.256305e+00  MLUPS:036936  cache block size:11495kiB  reps:2  perf err:  9.3%
OMP: Info #277: omp_set_nested routine deprecated, please use omp_set_max_active_levels instead.
[AUTO TUNE]     [003: 16108.57]  time:3.741113e+00  MLUPS:060264  cache block size:11495kiB  reps:3  perf err:  1.6%
OMP: Info #277: omp_set_nested routine deprecated, please use omp_set_max_active_levels instead.
[AUTO TUNE]     [006: 22961.17]  time:5.926528e-01  MLUPS:013608  cache block size:15200kiB  reps:1  perf err: 100.0%
OMP: Info #277: omp_set_nested routine deprecated, please use omp_set_max_active_levels instead.
[AUTO TUNE]     [006: 21359.66]  time:1.729241e+00  MLUPS:036936  cache block size:15200kiB  reps:2  perf err:  7.5%
OMP: Info #277: omp_set_nested routine deprecated, please use omp_set_max_active_levels instead.
[AUTO TUNE]     [006: 20982.17]  time:2.872152e+00  MLUPS:060264  cache block size:15200kiB  reps:3  perf err:  1.8%
OMP: Info #277: omp_set_nested routine deprecated, please use omp_set_max_active_levels instead.
[AUTO TUNE]     [009: 25901.56]  time:5.253737e-01  MLUPS:013608  cache block size:18905kiB  reps:1  perf err: 100.0%
OMP: Info #277: omp_set_nested routine deprecated, please use omp_set_max_active_levels instead.
[AUTO TUNE]     [009: 23827.69]  time:1.550129e+00  MLUPS:036936  cache block size:18905kiB  reps:2  perf err:  8.7%
OMP: Info #277: omp_set_nested routine deprecated, please use omp_set_max_active_levels instead.
[AUTO TUNE]     [009: 23512.29]  time:2.563085e+00  MLUPS:060264  cache block size:18905kiB  reps:3  perf err:  1.3%
OMP: Info #277: omp_set_nested routine deprecated, please use omp_set_max_active_levels instead.
[AUTO TUNE]     [012: 27350.95]  time:4.975329e-01  MLUPS:013608  cache block size:22610kiB  reps:1  perf err: 100.0%
OMP: Info #277: omp_set_nested routine deprecated, please use omp_set_max_active_levels instead.
[AUTO TUNE]     [012: 25366.49]  time:1.456094e+00  MLUPS:036936  cache block size:22610kiB  reps:2  perf err:  7.8%
OMP: Info #277: omp_set_nested routine deprecated, please use omp_set_max_active_levels instead.
[AUTO TUNE]     [012: 24830.77]  time:2.426989e+00  MLUPS:060264  cache block size:22610kiB  reps:3  perf err:  2.2%
OMP: Info #277: omp_set_nested routine deprecated, please use omp_set_max_active_levels instead.
[AUTO TUNE]     [015: 28094.73]  time:4.843614e-01  MLUPS:013608  cache block size:26315kiB  reps:1  perf err: 100.0%
OMP: Info #277: omp_set_nested routine deprecated, please use omp_set_max_active_levels instead.
[AUTO TUNE]     [015: 26097.99]  time:1.415282e+00  MLUPS:036936  cache block size:26315kiB  reps:2  perf err:  7.7%
OMP: Info #277: omp_set_nested routine deprecated, please use omp_set_max_active_levels instead.
[AUTO TUNE]     [015: 25696.29]  time:2.345241e+00  MLUPS:060264  cache block size:26315kiB  reps:3  perf err:  1.6%
OMP: Info #277: omp_set_nested routine deprecated, please use omp_set_max_active_levels instead.
[AUTO TUNE]     [018: 28447.82]  time:4.783495e-01  MLUPS:013608  cache block size:30020kiB  reps:1  perf err: 100.0%
OMP: Info #277: omp_set_nested routine deprecated, please use omp_set_max_active_levels instead.
[AUTO TUNE]     [018: 26582.85]  time:1.389467e+00  MLUPS:036936  cache block size:30020kiB  reps:2  perf err:  7.0%
OMP: Info #277: omp_set_nested routine deprecated, please use omp_set_max_active_levels instead.
[AUTO TUNE]     [018: 26199.55]  time:2.300192e+00  MLUPS:060264  cache block size:30020kiB  reps:3  perf err:  1.5%
OMP: Info #277: omp_set_nested routine deprecated, please use omp_set_max_active_levels instead.
[AUTO TUNE]     [021: 28794.16]  time:4.725959e-01  MLUPS:013608  cache block size:33725kiB  reps:1  perf err: 100.0%
OMP: Info #277: omp_set_nested routine deprecated, please use omp_set_max_active_levels instead.
[AUTO TUNE]     [021: 27017.79]  time:1.367099e+00  MLUPS:036936  cache block size:33725kiB  reps:2  perf err:  6.6%
OMP: Info #277: omp_set_nested routine deprecated, please use omp_set_max_active_levels instead.
[AUTO TUNE]     [021: 26521.15]  time:2.272300e+00  MLUPS:060264  cache block size:33725kiB  reps:3  perf err:  1.9%
OMP: Info #277: omp_set_nested routine deprecated, please use omp_set_max_active_levels instead.
[AUTO TUNE]     [024: 29292.61]  time:4.645541e-01  MLUPS:013608  cache block size:37430kiB  reps:1  perf err: 100.0%
OMP: Info #277: omp_set_nested routine deprecated, please use omp_set_max_active_levels instead.
[AUTO TUNE]     [024: 27264.93]  time:1.354707e+00  MLUPS:036936  cache block size:37430kiB  reps:2  perf err:  7.4%
OMP: Info #277: omp_set_nested routine deprecated, please use omp_set_max_active_levels instead.
[AUTO TUNE]     [024: 26856.40]  time:2.243935e+00  MLUPS:060264  cache block size:37430kiB  reps:3  perf err:  1.5%
OMP: Info #277: omp_set_nested routine deprecated, please use omp_set_max_active_levels instead.
[AUTO TUNE]     [027: 29795.66]  time:4.567108e-01  MLUPS:013608  cache block size:41135kiB  reps:1  perf err: 100.0%
OMP: Info #277: omp_set_nested routine deprecated, please use omp_set_max_active_levels instead.
[AUTO TUNE]     [027: 27554.95]  time:1.340449e+00  MLUPS:036936  cache block size:41135kiB  reps:2  perf err:  8.1%
OMP: Info #277: omp_set_nested routine deprecated, please use omp_set_max_active_levels instead.
[AUTO TUNE]     [027: 27140.24]  time:2.220467e+00  MLUPS:060264  cache block size:41135kiB  reps:3  perf err:  1.5%
OMP: Info #277: omp_set_nested routine deprecated, please use omp_set_max_active_levels instead.
[AUTO TUNE]     [030: 29509.43]  time:4.611407e-01  MLUPS:013608  cache block size:44840kiB  reps:1  perf err: 100.0%
OMP: Info #277: omp_set_nested routine deprecated, please use omp_set_max_active_levels instead.
[AUTO TUNE]     [030: 27624.33]  time:1.337082e+00  MLUPS:036936  cache block size:44840kiB  reps:2  perf err:  6.8%
OMP: Info #277: omp_set_nested routine deprecated, please use omp_set_max_active_levels instead.
[AUTO TUNE]     [030: 26896.03]  time:2.240628e+00  MLUPS:060264  cache block size:44840kiB  reps:3  perf err:  2.7%
OMP: Info #277: omp_set_nested routine deprecated, please use omp_set_max_active_levels instead.
[AUTO TUNE]     [030: 26891.38]  time:3.108506e+00  MLUPS:083592  cache block size:44840kiB  reps:4  perf err:  0.0%
[AUTO TUNE]   Diamond width:20  [wavefronts #: pefromance (MLUPS/s)]
OMP: Info #277: omp_set_nested routine deprecated, please use omp_set_max_active_levels instead.
[AUTO TUNE]     [003: 18245.93]  time:1.171988e+00  MLUPS:021384  cache block size:26695kiB  reps:1  perf err: 100.0%
OMP: Info #277: omp_set_nested routine deprecated, please use omp_set_max_active_levels instead.
[AUTO TUNE]     [003: 17593.95]  time:3.425268e+00  MLUPS:060264  cache block size:26695kiB  reps:2  perf err:  3.7%
OMP: Info #277: omp_set_nested routine deprecated, please use omp_set_max_active_levels instead.
[AUTO TUNE]     [003: 17417.84]  time:5.692097e+00  MLUPS:099144  cache block size:26695kiB  reps:3  perf err:  1.0%
OMP: Info #277: omp_set_nested routine deprecated, please use omp_set_max_active_levels instead.
[AUTO TUNE]     [006: 23788.26]  time:8.989309e-01  MLUPS:021384  cache block size:32680kiB  reps:1  perf err: 100.0%
OMP: Info #277: omp_set_nested routine deprecated, please use omp_set_max_active_levels instead.
[AUTO TUNE]     [006: 23167.53]  time:2.601227e+00  MLUPS:060264  cache block size:32680kiB  reps:2  perf err:  2.7%
OMP: Info #277: omp_set_nested routine deprecated, please use omp_set_max_active_levels instead.
[AUTO TUNE]     [006: 23061.96]  time:4.299027e+00  MLUPS:099144  cache block size:32680kiB  reps:3  perf err:  0.5%
OMP: Info #277: omp_set_nested routine deprecated, please use omp_set_max_active_levels instead.
[AUTO TUNE]     [009: 26038.96]  time:8.212309e-01  MLUPS:021384  cache block size:38665kiB  reps:1  perf err: 100.0%
OMP: Info #277: omp_set_nested routine deprecated, please use omp_set_max_active_levels instead.
[AUTO TUNE]     [009: 25765.31]  time:2.338959e+00  MLUPS:060264  cache block size:38665kiB  reps:2  perf err:  1.1%
OMP: Info #277: omp_set_nested routine deprecated, please use omp_set_max_active_levels instead.
[AUTO TUNE]     [012: 27434.32]  time:7.794618e-01  MLUPS:021384  cache block size:44650kiB  reps:1  perf err: 100.0%
OMP: Info #277: omp_set_nested routine deprecated, please use omp_set_max_active_levels instead.
[AUTO TUNE]     [012: 26399.28]  time:2.282789e+00  MLUPS:060264  cache block size:44650kiB  reps:2  perf err:  3.9%
OMP: Info #277: omp_set_nested routine deprecated, please use omp_set_max_active_levels instead.
[AUTO TUNE]     [012: 26875.40]  time:3.689024e+00  MLUPS:099144  cache block size:44650kiB  reps:3  perf err:  1.8%
OMP: Info #277: omp_set_nested routine deprecated, please use omp_set_max_active_levels instead.
[AUTO TUNE]     [015: 28444.28]  time:7.517856e-01  MLUPS:021384  cache block size:50635kiB  reps:1  perf err: 100.0%
OMP: Info #277: omp_set_nested routine deprecated, please use omp_set_max_active_levels instead.
[AUTO TUNE]     [015: 27873.14]  time:2.162082e+00  MLUPS:060264  cache block size:50635kiB  reps:2  perf err:  2.0%
OMP: Info #277: omp_set_nested routine deprecated, please use omp_set_max_active_levels instead.
[AUTO TUNE]     [018: 29074.22]  time:7.354969e-01  MLUPS:021384  cache block size:56620kiB  reps:1  perf err: 100.0%
OMP: Info #277: omp_set_nested routine deprecated, please use omp_set_max_active_levels instead.
[AUTO TUNE]     [018: 28285.93]  time:2.130529e+00  MLUPS:060264  cache block size:56620kiB  reps:2  perf err:  2.8%
OMP: Info #277: omp_set_nested routine deprecated, please use omp_set_max_active_levels instead.
[AUTO TUNE]     [018: 28209.36]  time:3.514579e+00  MLUPS:099144  cache block size:56620kiB  reps:3  perf err:  0.3%
OMP: Info #277: omp_set_nested routine deprecated, please use omp_set_max_active_levels instead.
[AUTO TUNE]     [021: 29314.62]  time:7.294653e-01  MLUPS:021384  cache block size:62605kiB  reps:1  perf err: 100.0%
OMP: Info #277: omp_set_nested routine deprecated, please use omp_set_max_active_levels instead.
[AUTO TUNE]     [021: 28629.02]  time:2.104997e+00  MLUPS:060264  cache block size:62605kiB  reps:2  perf err:  2.4%
OMP: Info #277: omp_set_nested routine deprecated, please use omp_set_max_active_levels instead.
[AUTO TUNE]     [024: 29566.68]  time:7.232466e-01  MLUPS:021384  cache block size:68590kiB  reps:1  perf err: 100.0%
OMP: Info #277: omp_set_nested routine deprecated, please use omp_set_max_active_levels instead.
[AUTO TUNE]     [024: 28909.05]  time:2.084607e+00  MLUPS:060264  cache block size:68590kiB  reps:2  perf err:  2.3%
OMP: Info #277: omp_set_nested routine deprecated, please use omp_set_max_active_levels instead.
[AUTO TUNE]     [027: 29686.36]  time:7.203308e-01  MLUPS:021384  cache block size:74575kiB  reps:1  perf err: 100.0%
OMP: Info #277: omp_set_nested routine deprecated, please use omp_set_max_active_levels instead.
[AUTO TUNE]     [027: 29004.33]  time:2.077759e+00  MLUPS:060264  cache block size:74575kiB  reps:2  perf err:  2.4%
OMP: Info #277: omp_set_nested routine deprecated, please use omp_set_max_active_levels instead.
[AUTO TUNE]     [030: 29716.78]  time:7.195935e-01  MLUPS:021384  cache block size:80560kiB  reps:1  perf err: 100.0%
OMP: Info #277: omp_set_nested routine deprecated, please use omp_set_max_active_levels instead.
[AUTO TUNE]     [030: 29011.54]  time:2.077243e+00  MLUPS:060264  cache block size:80560kiB  reps:2  perf err:  2.4%
OMP: Info #277: omp_set_nested routine deprecated, please use omp_set_max_active_levels instead.
[AUTO TUNE]     [033: 29941.08]  time:7.142028e-01  MLUPS:021384  cache block size:86545kiB  reps:1  perf err: 100.0%
OMP: Info #277: omp_set_nested routine deprecated, please use omp_set_max_active_levels instead.
[AUTO TUNE]     [033: 29245.90]  time:2.060597e+00  MLUPS:060264  cache block size:86545kiB  reps:2  perf err:  2.4%
OMP: Info #277: omp_set_nested routine deprecated, please use omp_set_max_active_levels instead.
[AUTO TUNE]     [036: 29856.26]  time:7.162316e-01  MLUPS:021384  cache block size:92530kiB  reps:1  perf err: 100.0%
OMP: Info #277: omp_set_nested routine deprecated, please use omp_set_max_active_levels instead.
[AUTO TUNE]     [036: 29103.32]  time:2.070691e+00  MLUPS:060264  cache block size:92530kiB  reps:2  perf err:  2.6%
OMP: Info #277: omp_set_nested routine deprecated, please use omp_set_max_active_levels instead.
[AUTO TUNE]     [036: 28997.41]  time:3.419064e+00  MLUPS:099144  cache block size:92530kiB  reps:3  perf err:  0.4%
[AUTO TUNE]   Diamond width:24  [wavefronts #: pefromance (MLUPS/s)]
OMP: Info #277: omp_set_nested routine deprecated, please use omp_set_max_active_levels instead.
[AUTO TUNE]     [003: 18582.46]  time:1.359992e+00  MLUPS:025272  cache block size:36575kiB  reps:1  perf err: 100.0%
OMP: Info #277: omp_set_nested routine deprecated, please use omp_set_max_active_levels instead.
[AUTO TUNE]     [003: 18038.49]  time:3.987474e+00  MLUPS:071928  cache block size:36575kiB  reps:2  perf err:  3.0%
OMP: Info #277: omp_set_nested routine deprecated, please use omp_set_max_active_levels instead.
[AUTO TUNE]     [003: 18137.28]  time:6.538137e+00  MLUPS:118584  cache block size:36575kiB  reps:3  perf err:  0.5%
OMP: Info #277: omp_set_nested routine deprecated, please use omp_set_max_active_levels instead.
[AUTO TUNE]     [006: 24343.30]  time:1.038150e+00  MLUPS:025272  cache block size:43700kiB  reps:1  perf err: 100.0%
OMP: Info #277: omp_set_nested routine deprecated, please use omp_set_max_active_levels instead.
[AUTO TUNE]     [006: 23632.38]  time:3.043621e+00  MLUPS:071928  cache block size:43700kiB  reps:2  perf err:  3.0%
OMP: Info #277: omp_set_nested routine deprecated, please use omp_set_max_active_levels instead.
[AUTO TUNE]     [006: 23521.35]  time:5.041548e+00  MLUPS:118584  cache block size:43700kiB  reps:3  perf err:  0.5%
OMP: Info #277: omp_set_nested routine deprecated, please use omp_set_max_active_levels instead.
[AUTO TUNE]     [009: 26712.36]  time:9.460788e-01  MLUPS:025272  cache block size:50825kiB  reps:1  perf err: 100.0%
OMP: Info #277: omp_set_nested routine deprecated, please use omp_set_max_active_levels instead.
[AUTO TUNE]     [009: 26196.56]  time:2.745704e+00  MLUPS:071928  cache block size:50825kiB  reps:2  perf err:  2.0%
OMP: Info #277: omp_set_nested routine deprecated, please use omp_set_max_active_levels instead.
[AUTO TUNE]     [012: 28146.50]  time:8.978736e-01  MLUPS:025272  cache block size:57950kiB  reps:1  perf err: 100.0%
OMP: Info #277: omp_set_nested routine deprecated, please use omp_set_max_active_levels instead.
[AUTO TUNE]     [012: 27496.29]  time:2.615917e+00  MLUPS:071928  cache block size:57950kiB  reps:2  perf err:  2.4%
OMP: Info #277: omp_set_nested routine deprecated, please use omp_set_max_active_levels instead.
[AUTO TUNE]     [015: 28718.93]  time:8.799771e-01  MLUPS:025272  cache block size:65075kiB  reps:1  perf err: 100.0%
OMP: Info #277: omp_set_nested routine deprecated, please use omp_set_max_active_levels instead.
[AUTO TUNE]     [015: 28270.31]  time:2.544295e+00  MLUPS:071928  cache block size:65075kiB  reps:2  perf err:  1.6%
OMP: Info #277: omp_set_nested routine deprecated, please use omp_set_max_active_levels instead.
[AUTO TUNE]     [018: 29009.44]  time:8.711647e-01  MLUPS:025272  cache block size:72200kiB  reps:1  perf err: 100.0%
OMP: Info #277: omp_set_nested routine deprecated, please use omp_set_max_active_levels instead.
[AUTO TUNE]     [018: 28815.20]  time:2.496182e+00  MLUPS:071928  cache block size:72200kiB  reps:2  perf err:  0.7%
OMP: Info #277: omp_set_nested routine deprecated, please use omp_set_max_active_levels instead.
[AUTO TUNE]     [021: 29502.36]  time:8.566094e-01  MLUPS:025272  cache block size:79325kiB  reps:1  perf err: 100.0%
OMP: Info #277: omp_set_nested routine deprecated, please use omp_set_max_active_levels instead.
[AUTO TUNE]     [021: 28930.10]  time:2.486269e+00  MLUPS:071928  cache block size:79325kiB  reps:2  perf err:  2.0%
OMP: Info #277: omp_set_nested routine deprecated, please use omp_set_max_active_levels instead.
[AUTO TUNE]     [024: 29315.50]  time:8.620696e-01  MLUPS:025272  cache block size:86450kiB  reps:1  perf err: 100.0%
OMP: Info #277: omp_set_nested routine deprecated, please use omp_set_max_active_levels instead.
[AUTO TUNE]     [024: 29170.00]  time:2.465821e+00  MLUPS:071928  cache block size:86450kiB  reps:2  perf err:  0.5%
OMP: Info #277: omp_set_nested routine deprecated, please use omp_set_max_active_levels instead.
[AUTO TUNE]     [027: 29699.74]  time:8.509167e-01  MLUPS:025272  cache block size:93575kiB  reps:1  perf err: 100.0%
OMP: Info #277: omp_set_nested routine deprecated, please use omp_set_max_active_levels instead.
[AUTO TUNE]     [027: 29226.54]  time:2.461051e+00  MLUPS:071928  cache block size:93575kiB  reps:2  perf err:  1.6%
OMP: Info #277: omp_set_nested routine deprecated, please use omp_set_max_active_levels instead.
[AUTO TUNE]     [030: 29568.58]  time:8.546910e-01  MLUPS:025272  cache block size:100700kiB  reps:1  perf err: 100.0%
OMP: Info #277: omp_set_nested routine deprecated, please use omp_set_max_active_levels instead.
[AUTO TUNE]     [030: 29094.09]  time:2.472255e+00  MLUPS:071928  cache block size:100700kiB  reps:2  perf err:  1.6%
[AUTO TUNE] COMPLETE tune case #09: Thread group size:06  thc:01  thx:02  thy:01  thz:03  t_dim:09  bs_z:33  perf:29245.90 MLUP/s

[AUTO TUNE] START tune case #10: Thread group size:06  thc:01  thx:01  thy:02  thz:03  Possilbe diam width: 4 8 12 20 24 36
[AUTO TUNE]   Diamond width:04  [wavefronts #: pefromance (MLUPS/s)]
OMP: Info #277: omp_set_nested routine deprecated, please use omp_set_max_active_levels instead.
[AUTO TUNE]     [003: 14518.74]  time:4.016879e-01  MLUPS:005832  cache block size:2375kiB  reps:1  perf err: 100.0%
OMP: Info #277: omp_set_nested routine deprecated, please use omp_set_max_active_levels instead.
[AUTO TUNE]     [003: 11220.49]  time:1.212782e+00  MLUPS:013608  cache block size:2375kiB  reps:2  perf err: 29.4%
OMP: Info #277: omp_set_nested routine deprecated, please use omp_set_max_active_levels instead.
[AUTO TUNE]     [003: 10570.52]  time:2.022984e+00  MLUPS:021384  cache block size:2375kiB  reps:3  perf err:  6.1%
OMP: Info #277: omp_set_nested routine deprecated, please use omp_set_max_active_levels instead.
[AUTO TUNE]     [003: 10311.30]  time:2.827967e+00  MLUPS:029160  cache block size:2375kiB  reps:4  perf err:  2.5%
OMP: Info #277: omp_set_nested routine deprecated, please use omp_set_max_active_levels instead.
[AUTO TUNE]     [003: 10143.61]  time:3.641306e+00  MLUPS:036936  cache block size:2375kiB  reps:5  perf err:  1.7%
OMP: Info #277: omp_set_nested routine deprecated, please use omp_set_max_active_levels instead.
[AUTO TUNE]     [006: 16598.41]  time:3.513590e-01  MLUPS:005832  cache block size:3800kiB  reps:1  perf err: 100.0%
OMP: Info #277: omp_set_nested routine deprecated, please use omp_set_max_active_levels instead.
[AUTO TUNE]     [006: 12795.32]  time:1.063514e+00  MLUPS:013608  cache block size:3800kiB  reps:2  perf err: 29.7%
OMP: Info #277: omp_set_nested routine deprecated, please use omp_set_max_active_levels instead.
[AUTO TUNE]     [006: 12166.59]  time:1.757600e+00  MLUPS:021384  cache block size:3800kiB  reps:3  perf err:  5.2%
OMP: Info #277: omp_set_nested routine deprecated, please use omp_set_max_active_levels instead.
[AUTO TUNE]     [006: 11594.59]  time:2.514966e+00  MLUPS:029160  cache block size:3800kiB  reps:4  perf err:  4.9%
OMP: Info #277: omp_set_nested routine deprecated, please use omp_set_max_active_levels instead.
[AUTO TUNE]     [006: 11539.88]  time:3.200728e+00  MLUPS:036936  cache block size:3800kiB  reps:5  perf err:  0.5%
OMP: Info #277: omp_set_nested routine deprecated, please use omp_set_max_active_levels instead.
[AUTO TUNE]     [009: 18252.87]  time:3.195113e-01  MLUPS:005832  cache block size:5225kiB  reps:1  perf err: 100.0%
OMP: Info #277: omp_set_nested routine deprecated, please use omp_set_max_active_levels instead.
[AUTO TUNE]     [009: 14375.13]  time:9.466348e-01  MLUPS:013608  cache block size:5225kiB  reps:2  perf err: 27.0%
OMP: Info #277: omp_set_nested routine deprecated, please use omp_set_max_active_levels instead.
[AUTO TUNE]     [009: 13434.18]  time:1.591760e+00  MLUPS:021384  cache block size:5225kiB  reps:3  perf err:  7.0%
OMP: Info #277: omp_set_nested routine deprecated, please use omp_set_max_active_levels instead.
[AUTO TUNE]     [009: 13070.92]  time:2.230906e+00  MLUPS:029160  cache block size:5225kiB  reps:4  perf err:  2.8%
OMP: Info #277: omp_set_nested routine deprecated, please use omp_set_max_active_levels instead.
[AUTO TUNE]     [009: 12934.32]  time:2.855658e+00  MLUPS:036936  cache block size:5225kiB  reps:5  perf err:  1.1%
OMP: Info #277: omp_set_nested routine deprecated, please use omp_set_max_active_levels instead.
[AUTO TUNE]     [012: 19230.17]  time:3.032734e-01  MLUPS:005832  cache block size:6650kiB  reps:1  perf err: 100.0%
OMP: Info #277: omp_set_nested routine deprecated, please use omp_set_max_active_levels instead.
[AUTO TUNE]     [012: 15021.60]  time:9.058952e-01  MLUPS:013608  cache block size:6650kiB  reps:2  perf err: 28.0%
OMP: Info #277: omp_set_nested routine deprecated, please use omp_set_max_active_levels instead.
[AUTO TUNE]     [012: 14281.43]  time:1.497329e+00  MLUPS:021384  cache block size:6650kiB  reps:3  perf err:  5.2%
OMP: Info #277: omp_set_nested routine deprecated, please use omp_set_max_active_levels instead.
[AUTO TUNE]     [012: 13849.34]  time:2.105515e+00  MLUPS:029160  cache block size:6650kiB  reps:4  perf err:  3.1%
OMP: Info #277: omp_set_nested routine deprecated, please use omp_set_max_active_levels instead.
[AUTO TUNE]     [012: 13670.74]  time:2.701829e+00  MLUPS:036936  cache block size:6650kiB  reps:5  perf err:  1.3%
OMP: Info #277: omp_set_nested routine deprecated, please use omp_set_max_active_levels instead.
[AUTO TUNE]     [015: 19796.45]  time:2.945983e-01  MLUPS:005832  cache block size:8075kiB  reps:1  perf err: 100.0%
OMP: Info #277: omp_set_nested routine deprecated, please use omp_set_max_active_levels instead.
[AUTO TUNE]     [015: 15437.78]  time:8.814739e-01  MLUPS:013608  cache block size:8075kiB  reps:2  perf err: 28.2%
OMP: Info #277: omp_set_nested routine deprecated, please use omp_set_max_active_levels instead.
[AUTO TUNE]     [015: 14799.39]  time:1.444925e+00  MLUPS:021384  cache block size:8075kiB  reps:3  perf err:  4.3%
OMP: Info #277: omp_set_nested routine deprecated, please use omp_set_max_active_levels instead.
[AUTO TUNE]     [015: 14281.90]  time:2.041745e+00  MLUPS:029160  cache block size:8075kiB  reps:4  perf err:  3.6%
OMP: Info #277: omp_set_nested routine deprecated, please use omp_set_max_active_levels instead.
[AUTO TUNE]     [015: 14243.24]  time:2.593231e+00  MLUPS:036936  cache block size:8075kiB  reps:5  perf err:  0.3%
OMP: Info #277: omp_set_nested routine deprecated, please use omp_set_max_active_levels instead.
[AUTO TUNE]     [018: 19267.43]  time:3.026870e-01  MLUPS:005832  cache block size:9500kiB  reps:1  perf err: 100.0%
OMP: Info #277: omp_set_nested routine deprecated, please use omp_set_max_active_levels instead.
[AUTO TUNE]     [018: 15830.53]  time:8.596046e-01  MLUPS:013608  cache block size:9500kiB  reps:2  perf err: 21.7%
OMP: Info #277: omp_set_nested routine deprecated, please use omp_set_max_active_levels instead.
[AUTO TUNE]     [018: 14725.47]  time:1.452178e+00  MLUPS:021384  cache block size:9500kiB  reps:3  perf err:  7.5%
OMP: Info #277: omp_set_nested routine deprecated, please use omp_set_max_active_levels instead.
[AUTO TUNE]     [018: 14452.72]  time:2.017614e+00  MLUPS:029160  cache block size:9500kiB  reps:4  perf err:  1.9%
OMP: Info #277: omp_set_nested routine deprecated, please use omp_set_max_active_levels instead.
[AUTO TUNE]     [021: 19631.68]  time:2.970708e-01  MLUPS:005832  cache block size:10925kiB  reps:1  perf err: 100.0%
OMP: Info #277: omp_set_nested routine deprecated, please use omp_set_max_active_levels instead.
[AUTO TUNE]     [021: 15767.09]  time:8.630635e-01  MLUPS:013608  cache block size:10925kiB  reps:2  perf err: 24.5%
OMP: Info #277: omp_set_nested routine deprecated, please use omp_set_max_active_levels instead.
[AUTO TUNE]     [021: 14933.03]  time:1.431994e+00  MLUPS:021384  cache block size:10925kiB  reps:3  perf err:  5.6%
OMP: Info #277: omp_set_nested routine deprecated, please use omp_set_max_active_levels instead.
[AUTO TUNE]     [021: 14602.40]  time:1.996932e+00  MLUPS:029160  cache block size:10925kiB  reps:4  perf err:  2.3%
OMP: Info #277: omp_set_nested routine deprecated, please use omp_set_max_active_levels instead.
[AUTO TUNE]     [024: 19306.28]  time:3.020779e-01  MLUPS:005832  cache block size:12350kiB  reps:1  perf err: 100.0%
OMP: Info #277: omp_set_nested routine deprecated, please use omp_set_max_active_levels instead.
[AUTO TUNE]     [024: 15483.84]  time:8.788518e-01  MLUPS:013608  cache block size:12350kiB  reps:2  perf err: 24.7%
OMP: Info #277: omp_set_nested routine deprecated, please use omp_set_max_active_levels instead.
[AUTO TUNE]     [024: 14590.14]  time:1.465647e+00  MLUPS:021384  cache block size:12350kiB  reps:3  perf err:  6.1%
OMP: Info #277: omp_set_nested routine deprecated, please use omp_set_max_active_levels instead.
[AUTO TUNE]     [024: 14280.54]  time:2.041939e+00  MLUPS:029160  cache block size:12350kiB  reps:4  perf err:  2.2%
[AUTO TUNE]   Diamond width:08  [wavefronts #: pefromance (MLUPS/s)]
OMP: Info #277: omp_set_nested routine deprecated, please use omp_set_max_active_levels instead.
[AUTO TUNE]     [003: 18249.47]  time:5.326181e-01  MLUPS:009720  cache block size:6175kiB  reps:1  perf err: 100.0%
OMP: Info #277: omp_set_nested routine deprecated, please use omp_set_max_active_levels instead.
[AUTO TUNE]     [003: 16116.95]  time:1.568038e+00  MLUPS:025272  cache block size:6175kiB  reps:2  perf err: 13.2%
OMP: Info #277: omp_set_nested routine deprecated, please use omp_set_max_active_levels instead.
[AUTO TUNE]     [003: 15650.83]  time:2.608424e+00  MLUPS:040824  cache block size:6175kiB  reps:3  perf err:  3.0%
OMP: Info #277: omp_set_nested routine deprecated, please use omp_set_max_active_levels instead.
[AUTO TUNE]     [003: 15411.18]  time:3.658123e+00  MLUPS:056376  cache block size:6175kiB  reps:4  perf err:  1.6%
OMP: Info #277: omp_set_nested routine deprecated, please use omp_set_max_active_levels instead.
[AUTO TUNE]     [006: 23464.66]  time:4.142400e-01  MLUPS:009720  cache block size:8740kiB  reps:1  perf err: 100.0%
OMP: Info #277: omp_set_nested routine deprecated, please use omp_set_max_active_levels instead.
[AUTO TUNE]     [006: 20241.69]  time:1.248512e+00  MLUPS:025272  cache block size:8740kiB  reps:2  perf err: 15.9%
OMP: Info #277: omp_set_nested routine deprecated, please use omp_set_max_active_levels instead.
[AUTO TUNE]     [006: 19548.88]  time:2.088304e+00  MLUPS:040824  cache block size:8740kiB  reps:3  perf err:  3.5%
OMP: Info #277: omp_set_nested routine deprecated, please use omp_set_max_active_levels instead.
[AUTO TUNE]     [006: 19288.79]  time:2.922734e+00  MLUPS:056376  cache block size:8740kiB  reps:4  perf err:  1.3%
OMP: Info #277: omp_set_nested routine deprecated, please use omp_set_max_active_levels instead.
[AUTO TUNE]     [009: 25829.71]  time:3.763109e-01  MLUPS:009720  cache block size:11305kiB  reps:1  perf err: 100.0%
OMP: Info #277: omp_set_nested routine deprecated, please use omp_set_max_active_levels instead.
[AUTO TUNE]     [009: 22582.54]  time:1.119094e+00  MLUPS:025272  cache block size:11305kiB  reps:2  perf err: 14.4%
OMP: Info #277: omp_set_nested routine deprecated, please use omp_set_max_active_levels instead.
[AUTO TUNE]     [009: 21734.23]  time:1.878328e+00  MLUPS:040824  cache block size:11305kiB  reps:3  perf err:  3.9%
OMP: Info #277: omp_set_nested routine deprecated, please use omp_set_max_active_levels instead.
[AUTO TUNE]     [009: 21548.70]  time:2.616214e+00  MLUPS:056376  cache block size:11305kiB  reps:4  perf err:  0.9%
OMP: Info #277: omp_set_nested routine deprecated, please use omp_set_max_active_levels instead.
[AUTO TUNE]     [012: 26074.96]  time:3.727714e-01  MLUPS:009720  cache block size:13870kiB  reps:1  perf err: 100.0%
OMP: Info #277: omp_set_nested routine deprecated, please use omp_set_max_active_levels instead.
[AUTO TUNE]     [012: 23678.60]  time:1.067293e+00  MLUPS:025272  cache block size:13870kiB  reps:2  perf err: 10.1%
OMP: Info #277: omp_set_nested routine deprecated, please use omp_set_max_active_levels instead.
[AUTO TUNE]     [012: 22876.33]  time:1.784552e+00  MLUPS:040824  cache block size:13870kiB  reps:3  perf err:  3.5%
OMP: Info #277: omp_set_nested routine deprecated, please use omp_set_max_active_levels instead.
[AUTO TUNE]     [012: 22652.93]  time:2.488684e+00  MLUPS:056376  cache block size:13870kiB  reps:4  perf err:  1.0%
OMP: Info #277: omp_set_nested routine deprecated, please use omp_set_max_active_levels instead.
[AUTO TUNE]     [015: 28753.92]  time:3.380408e-01  MLUPS:009720  cache block size:16435kiB  reps:1  perf err: 100.0%
OMP: Info #277: omp_set_nested routine deprecated, please use omp_set_max_active_levels instead.
[AUTO TUNE]     [015: 25318.12]  time:9.981783e-01  MLUPS:025272  cache block size:16435kiB  reps:2  perf err: 13.6%
OMP: Info #277: omp_set_nested routine deprecated, please use omp_set_max_active_levels instead.
[AUTO TUNE]     [015: 24509.80]  time:1.665620e+00  MLUPS:040824  cache block size:16435kiB  reps:3  perf err:  3.3%
OMP: Info #277: omp_set_nested routine deprecated, please use omp_set_max_active_levels instead.
[AUTO TUNE]     [015: 24187.47]  time:2.330793e+00  MLUPS:056376  cache block size:16435kiB  reps:4  perf err:  1.3%
OMP: Info #277: omp_set_nested routine deprecated, please use omp_set_max_active_levels instead.
[AUTO TUNE]     [018: 29421.95]  time:3.303656e-01  MLUPS:009720  cache block size:19000kiB  reps:1  perf err: 100.0%
OMP: Info #277: omp_set_nested routine deprecated, please use omp_set_max_active_levels instead.
[AUTO TUNE]     [018: 25770.01]  time:9.806747e-01  MLUPS:025272  cache block size:19000kiB  reps:2  perf err: 14.2%
OMP: Info #277: omp_set_nested routine deprecated, please use omp_set_max_active_levels instead.
[AUTO TUNE]     [018: 25135.91]  time:1.624130e+00  MLUPS:040824  cache block size:19000kiB  reps:3  perf err:  2.5%
OMP: Info #277: omp_set_nested routine deprecated, please use omp_set_max_active_levels instead.
[AUTO TUNE]     [018: 24840.70]  time:2.269502e+00  MLUPS:056376  cache block size:19000kiB  reps:4  perf err:  1.2%
OMP: Info #277: omp_set_nested routine deprecated, please use omp_set_max_active_levels instead.
[AUTO TUNE]     [021: 30187.27]  time:3.219900e-01  MLUPS:009720  cache block size:21565kiB  reps:1  perf err: 100.0%
OMP: Info #277: omp_set_nested routine deprecated, please use omp_set_max_active_levels instead.
[AUTO TUNE]     [021: 26328.24]  time:9.598819e-01  MLUPS:025272  cache block size:21565kiB  reps:2  perf err: 14.7%
OMP: Info #277: omp_set_nested routine deprecated, please use omp_set_max_active_levels instead.
[AUTO TUNE]     [021: 25824.13]  time:1.580847e+00  MLUPS:040824  cache block size:21565kiB  reps:3  perf err:  2.0%
OMP: Info #277: omp_set_nested routine deprecated, please use omp_set_max_active_levels instead.
[AUTO TUNE]     [024: 31304.14]  time:3.105020e-01  MLUPS:009720  cache block size:24130kiB  reps:1  perf err: 100.0%
OMP: Info #277: omp_set_nested routine deprecated, please use omp_set_max_active_levels instead.
[AUTO TUNE]     [024: 27426.01]  time:9.214610e-01  MLUPS:025272  cache block size:24130kiB  reps:2  perf err: 14.1%
OMP: Info #277: omp_set_nested routine deprecated, please use omp_set_max_active_levels instead.
[AUTO TUNE]     [024: 26529.38]  time:1.538822e+00  MLUPS:040824  cache block size:24130kiB  reps:3  perf err:  3.4%
OMP: Info #277: omp_set_nested routine deprecated, please use omp_set_max_active_levels instead.
[AUTO TUNE]     [024: 26360.45]  time:2.138658e+00  MLUPS:056376  cache block size:24130kiB  reps:4  perf err:  0.6%
OMP: Info #277: omp_set_nested routine deprecated, please use omp_set_max_active_levels instead.
[AUTO TUNE]     [027: 31477.32]  time:3.087937e-01  MLUPS:009720  cache block size:26695kiB  reps:1  perf err: 100.0%
OMP: Info #277: omp_set_nested routine deprecated, please use omp_set_max_active_levels instead.
[AUTO TUNE]     [027: 27548.42]  time:9.173665e-01  MLUPS:025272  cache block size:26695kiB  reps:2  perf err: 14.3%
OMP: Info #277: omp_set_nested routine deprecated, please use omp_set_max_active_levels instead.
[AUTO TUNE]     [027: 27007.21]  time:1.511596e+00  MLUPS:040824  cache block size:26695kiB  reps:3  perf err:  2.0%
OMP: Info #277: omp_set_nested routine deprecated, please use omp_set_max_active_levels instead.
[AUTO TUNE]     [030: 31971.85]  time:3.040175e-01  MLUPS:009720  cache block size:29260kiB  reps:1  perf err: 100.0%
OMP: Info #277: omp_set_nested routine deprecated, please use omp_set_max_active_levels instead.
[AUTO TUNE]     [030: 28211.01]  time:8.958205e-01  MLUPS:025272  cache block size:29260kiB  reps:2  perf err: 13.3%
OMP: Info #277: omp_set_nested routine deprecated, please use omp_set_max_active_levels instead.
[AUTO TUNE]     [030: 27286.22]  time:1.496140e+00  MLUPS:040824  cache block size:29260kiB  reps:3  perf err:  3.4%
OMP: Info #277: omp_set_nested routine deprecated, please use omp_set_max_active_levels instead.
[AUTO TUNE]     [030: 27095.06]  time:2.080675e+00  MLUPS:056376  cache block size:29260kiB  reps:4  perf err:  0.7%
OMP: Info #277: omp_set_nested routine deprecated, please use omp_set_max_active_levels instead.
[AUTO TUNE]     [033: 32149.50]  time:3.023375e-01  MLUPS:009720  cache block size:31825kiB  reps:1  perf err: 100.0%
OMP: Info #277: omp_set_nested routine deprecated, please use omp_set_max_active_levels instead.
[AUTO TUNE]     [033: 28133.27]  time:8.982957e-01  MLUPS:025272  cache block size:31825kiB  reps:2  perf err: 14.3%
OMP: Info #277: omp_set_nested routine deprecated, please use omp_set_max_active_levels instead.
[AUTO TUNE]     [033: 27460.03]  time:1.486670e+00  MLUPS:040824  cache block size:31825kiB  reps:3  perf err:  2.5%
OMP: Info #277: omp_set_nested routine deprecated, please use omp_set_max_active_levels instead.
[AUTO TUNE]     [036: 32722.19]  time:2.970461e-01  MLUPS:009720  cache block size:34390kiB  reps:1  perf err: 100.0%
OMP: Info #277: omp_set_nested routine deprecated, please use omp_set_max_active_levels instead.
[AUTO TUNE]     [036: 28640.62]  time:8.823831e-01  MLUPS:025272  cache block size:34390kiB  reps:2  perf err: 14.3%
OMP: Info #277: omp_set_nested routine deprecated, please use omp_set_max_active_levels instead.
[AUTO TUNE]     [036: 27880.40]  time:1.464254e+00  MLUPS:040824  cache block size:34390kiB  reps:3  perf err:  2.7%
OMP: Info #277: omp_set_nested routine deprecated, please use omp_set_max_active_levels instead.
[AUTO TUNE]     [036: 27281.01]  time:2.066492e+00  MLUPS:056376  cache block size:34390kiB  reps:4  perf err:  2.2%
[AUTO TUNE]   Diamond width:12  [wavefronts #: pefromance (MLUPS/s)]
OMP: Info #277: omp_set_nested routine deprecated, please use omp_set_max_active_levels instead.
[AUTO TUNE]     [003: 21085.26]  time:6.453799e-01  MLUPS:013608  cache block size:11495kiB  reps:1  perf err: 100.0%
OMP: Info #277: omp_set_nested routine deprecated, please use omp_set_max_active_levels instead.
[AUTO TUNE]     [003: 19470.85]  time:1.896989e+00  MLUPS:036936  cache block size:11495kiB  reps:2  perf err:  8.3%
OMP: Info #277: omp_set_nested routine deprecated, please use omp_set_max_active_levels instead.
[AUTO TUNE]     [003: 19087.39]  time:3.157268e+00  MLUPS:060264  cache block size:11495kiB  reps:3  perf err:  2.0%
OMP: Info #277: omp_set_nested routine deprecated, please use omp_set_max_active_levels instead.
[AUTO TUNE]     [006: 27481.08]  time:4.951770e-01  MLUPS:013608  cache block size:15200kiB  reps:1  perf err: 100.0%
OMP: Info #277: omp_set_nested routine deprecated, please use omp_set_max_active_levels instead.
[AUTO TUNE]     [006: 25466.36]  time:1.450384e+00  MLUPS:036936  cache block size:15200kiB  reps:2  perf err:  7.9%
OMP: Info #277: omp_set_nested routine deprecated, please use omp_set_max_active_levels instead.
[AUTO TUNE]     [006: 25002.86]  time:2.410285e+00  MLUPS:060264  cache block size:15200kiB  reps:3  perf err:  1.9%
OMP: Info #277: omp_set_nested routine deprecated, please use omp_set_max_active_levels instead.
[AUTO TUNE]     [009: 30627.22]  time:4.443106e-01  MLUPS:013608  cache block size:18905kiB  reps:1  perf err: 100.0%
OMP: Info #277: omp_set_nested routine deprecated, please use omp_set_max_active_levels instead.
[AUTO TUNE]     [009: 27981.28]  time:1.320025e+00  MLUPS:036936  cache block size:18905kiB  reps:2  perf err:  9.5%
OMP: Info #277: omp_set_nested routine deprecated, please use omp_set_max_active_levels instead.
[AUTO TUNE]     [009: 27582.53]  time:2.184861e+00  MLUPS:060264  cache block size:18905kiB  reps:3  perf err:  1.4%
OMP: Info #277: omp_set_nested routine deprecated, please use omp_set_max_active_levels instead.
[AUTO TUNE]     [012: 31628.41]  time:4.302461e-01  MLUPS:013608  cache block size:22610kiB  reps:1  perf err: 100.0%
OMP: Info #277: omp_set_nested routine deprecated, please use omp_set_max_active_levels instead.
[AUTO TUNE]     [012: 28983.87]  time:1.274364e+00  MLUPS:036936  cache block size:22610kiB  reps:2  perf err:  9.1%
OMP: Info #277: omp_set_nested routine deprecated, please use omp_set_max_active_levels instead.
[AUTO TUNE]     [012: 28198.13]  time:2.137163e+00  MLUPS:060264  cache block size:22610kiB  reps:3  perf err:  2.8%
OMP: Info #277: omp_set_nested routine deprecated, please use omp_set_max_active_levels instead.
[AUTO TUNE]     [012: 28229.13]  time:2.961196e+00  MLUPS:083592  cache block size:22610kiB  reps:4  perf err:  0.1%
OMP: Info #277: omp_set_nested routine deprecated, please use omp_set_max_active_levels instead.
[AUTO TUNE]     [015: 32853.22]  time:4.142060e-01  MLUPS:013608  cache block size:26315kiB  reps:1  perf err: 100.0%
OMP: Info #277: omp_set_nested routine deprecated, please use omp_set_max_active_levels instead.
[AUTO TUNE]     [015: 30465.10]  time:1.212404e+00  MLUPS:036936  cache block size:26315kiB  reps:2  perf err:  7.8%
OMP: Info #277: omp_set_nested routine deprecated, please use omp_set_max_active_levels instead.
[AUTO TUNE]     [015: 29902.96]  time:2.015319e+00  MLUPS:060264  cache block size:26315kiB  reps:3  perf err:  1.9%
OMP: Info #277: omp_set_nested routine deprecated, please use omp_set_max_active_levels instead.
[AUTO TUNE]     [018: 32562.03]  time:4.179101e-01  MLUPS:013608  cache block size:30020kiB  reps:1  perf err: 100.0%
OMP: Info #277: omp_set_nested routine deprecated, please use omp_set_max_active_levels instead.
[AUTO TUNE]     [018: 31124.49]  time:1.186718e+00  MLUPS:036936  cache block size:30020kiB  reps:2  perf err:  4.6%
OMP: Info #277: omp_set_nested routine deprecated, please use omp_set_max_active_levels instead.
[AUTO TUNE]     [018: 30521.21]  time:1.974496e+00  MLUPS:060264  cache block size:30020kiB  reps:3  perf err:  2.0%
OMP: Info #277: omp_set_nested routine deprecated, please use omp_set_max_active_levels instead.
[AUTO TUNE]     [021: 34536.65]  time:3.940162e-01  MLUPS:013608  cache block size:33725kiB  reps:1  perf err: 100.0%
OMP: Info #277: omp_set_nested routine deprecated, please use omp_set_max_active_levels instead.
[AUTO TUNE]     [021: 31931.77]  time:1.156716e+00  MLUPS:036936  cache block size:33725kiB  reps:2  perf err:  8.2%
OMP: Info #277: omp_set_nested routine deprecated, please use omp_set_max_active_levels instead.
[AUTO TUNE]     [021: 31436.85]  time:1.916986e+00  MLUPS:060264  cache block size:33725kiB  reps:3  perf err:  1.6%
OMP: Info #277: omp_set_nested routine deprecated, please use omp_set_max_active_levels instead.
[AUTO TUNE]     [024: 34475.77]  time:3.947120e-01  MLUPS:013608  cache block size:37430kiB  reps:1  perf err: 100.0%
OMP: Info #277: omp_set_nested routine deprecated, please use omp_set_max_active_levels instead.
[AUTO TUNE]     [024: 32531.29]  time:1.135399e+00  MLUPS:036936  cache block size:37430kiB  reps:2  perf err:  6.0%
OMP: Info #277: omp_set_nested routine deprecated, please use omp_set_max_active_levels instead.
[AUTO TUNE]     [024: 31775.53]  time:1.896554e+00  MLUPS:060264  cache block size:37430kiB  reps:3  perf err:  2.4%
OMP: Info #277: omp_set_nested routine deprecated, please use omp_set_max_active_levels instead.
[AUTO TUNE]     [027: 35576.09]  time:3.825041e-01  MLUPS:013608  cache block size:41135kiB  reps:1  perf err: 100.0%
OMP: Info #277: omp_set_nested routine deprecated, please use omp_set_max_active_levels instead.
[AUTO TUNE]     [027: 33104.45]  time:1.115741e+00  MLUPS:036936  cache block size:41135kiB  reps:2  perf err:  7.5%
OMP: Info #277: omp_set_nested routine deprecated, please use omp_set_max_active_levels instead.
[AUTO TUNE]     [027: 32525.18]  time:1.852842e+00  MLUPS:060264  cache block size:41135kiB  reps:3  perf err:  1.8%
OMP: Info #277: omp_set_nested routine deprecated, please use omp_set_max_active_levels instead.
[AUTO TUNE]     [030: 35950.16]  time:3.785240e-01  MLUPS:013608  cache block size:44840kiB  reps:1  perf err: 100.0%
OMP: Info #277: omp_set_nested routine deprecated, please use omp_set_max_active_levels instead.
[AUTO TUNE]     [030: 33524.30]  time:1.101768e+00  MLUPS:036936  cache block size:44840kiB  reps:2  perf err:  7.2%
OMP: Info #277: omp_set_nested routine deprecated, please use omp_set_max_active_levels instead.
[AUTO TUNE]     [030: 33078.07]  time:1.821872e+00  MLUPS:060264  cache block size:44840kiB  reps:3  perf err:  1.3%
OMP: Info #277: omp_set_nested routine deprecated, please use omp_set_max_active_levels instead.
[AUTO TUNE]     [033: 36338.85]  time:3.744753e-01  MLUPS:013608  cache block size:48545kiB  reps:1  perf err: 100.0%
OMP: Info #277: omp_set_nested routine deprecated, please use omp_set_max_active_levels instead.
[AUTO TUNE]     [033: 33516.98]  time:1.102009e+00  MLUPS:036936  cache block size:48545kiB  reps:2  perf err:  8.4%
OMP: Info #277: omp_set_nested routine deprecated, please use omp_set_max_active_levels instead.
[AUTO TUNE]     [033: 33250.05]  time:1.812448e+00  MLUPS:060264  cache block size:48545kiB  reps:3  perf err:  0.8%
OMP: Info #277: omp_set_nested routine deprecated, please use omp_set_max_active_levels instead.
[AUTO TUNE]     [036: 36498.61]  time:3.728361e-01  MLUPS:013608  cache block size:52250kiB  reps:1  perf err: 100.0%
OMP: Info #277: omp_set_nested routine deprecated, please use omp_set_max_active_levels instead.
[AUTO TUNE]     [036: 33467.79]  time:1.103628e+00  MLUPS:036936  cache block size:52250kiB  reps:2  perf err:  9.1%
OMP: Info #277: omp_set_nested routine deprecated, please use omp_set_max_active_levels instead.
[AUTO TUNE]     [036: 33473.05]  time:1.800374e+00  MLUPS:060264  cache block size:52250kiB  reps:3  perf err:  0.0%
OMP: Info #277: omp_set_nested routine deprecated, please use omp_set_max_active_levels instead.
[AUTO TUNE]     [039: 35966.50]  time:3.783521e-01  MLUPS:013608  cache block size:55955kiB  reps:1  perf err: 100.0%
OMP: Info #277: omp_set_nested routine deprecated, please use omp_set_max_active_levels instead.
[AUTO TUNE]     [039: 33908.64]  time:1.089280e+00  MLUPS:036936  cache block size:55955kiB  reps:2  perf err:  6.1%
OMP: Info #277: omp_set_nested routine deprecated, please use omp_set_max_active_levels instead.
[AUTO TUNE]     [039: 33643.43]  time:1.791256e+00  MLUPS:060264  cache block size:55955kiB  reps:3  perf err:  0.8%
OMP: Info #277: omp_set_nested routine deprecated, please use omp_set_max_active_levels instead.
[AUTO TUNE]     [042: 36748.92]  time:3.702966e-01  MLUPS:013608  cache block size:59660kiB  reps:1  perf err: 100.0%
OMP: Info #277: omp_set_nested routine deprecated, please use omp_set_max_active_levels instead.
[AUTO TUNE]     [042: 34069.47]  time:1.084138e+00  MLUPS:036936  cache block size:59660kiB  reps:2  perf err:  7.9%
OMP: Info #277: omp_set_nested routine deprecated, please use omp_set_max_active_levels instead.
[AUTO TUNE]     [042: 33636.88]  time:1.791605e+00  MLUPS:060264  cache block size:59660kiB  reps:3  perf err:  1.3%
[AUTO TUNE]   Diamond width:20  [wavefronts #: pefromance (MLUPS/s)]
OMP: Info #277: omp_set_nested routine deprecated, please use omp_set_max_active_levels instead.
[AUTO TUNE]     [003: 23794.70]  time:8.986877e-01  MLUPS:021384  cache block size:26695kiB  reps:1  perf err: 100.0%
OMP: Info #277: omp_set_nested routine deprecated, please use omp_set_max_active_levels instead.
[AUTO TUNE]     [003: 23240.02]  time:2.593113e+00  MLUPS:060264  cache block size:26695kiB  reps:2  perf err:  2.4%
OMP: Info #277: omp_set_nested routine deprecated, please use omp_set_max_active_levels instead.
[AUTO TUNE]     [006: 32182.81]  time:6.644540e-01  MLUPS:021384  cache block size:32680kiB  reps:1  perf err: 100.0%
OMP: Info #277: omp_set_nested routine deprecated, please use omp_set_max_active_levels instead.
[AUTO TUNE]     [006: 31541.57]  time:1.910621e+00  MLUPS:060264  cache block size:32680kiB  reps:2  perf err:  2.0%
OMP: Info #277: omp_set_nested routine deprecated, please use omp_set_max_active_levels instead.
[AUTO TUNE]     [009: 33786.64]  time:6.329129e-01  MLUPS:021384  cache block size:38665kiB  reps:1  perf err: 100.0%
OMP: Info #277: omp_set_nested routine deprecated, please use omp_set_max_active_levels instead.
[AUTO TUNE]     [009: 33846.72]  time:1.780497e+00  MLUPS:060264  cache block size:38665kiB  reps:2  perf err:  0.2%
OMP: Info #277: omp_set_nested routine deprecated, please use omp_set_max_active_levels instead.
[AUTO TUNE]     [012: 35062.82]  time:6.098768e-01  MLUPS:021384  cache block size:44650kiB  reps:1  perf err: 100.0%
OMP: Info #277: omp_set_nested routine deprecated, please use omp_set_max_active_levels instead.
[AUTO TUNE]     [012: 34831.46]  time:1.730160e+00  MLUPS:060264  cache block size:44650kiB  reps:2  perf err:  0.7%
OMP: Info #277: omp_set_nested routine deprecated, please use omp_set_max_active_levels instead.
[AUTO TUNE]     [015: 35978.26]  time:5.943590e-01  MLUPS:021384  cache block size:50635kiB  reps:1  perf err: 100.0%
OMP: Info #277: omp_set_nested routine deprecated, please use omp_set_max_active_levels instead.
[AUTO TUNE]     [015: 35669.52]  time:1.689510e+00  MLUPS:060264  cache block size:50635kiB  reps:2  perf err:  0.9%
OMP: Info #277: omp_set_nested routine deprecated, please use omp_set_max_active_levels instead.
[AUTO TUNE]     [018: 36384.70]  time:5.877195e-01  MLUPS:021384  cache block size:56620kiB  reps:1  perf err: 100.0%
OMP: Info #277: omp_set_nested routine deprecated, please use omp_set_max_active_levels instead.
[AUTO TUNE]     [018: 36145.44]  time:1.667264e+00  MLUPS:060264  cache block size:56620kiB  reps:2  perf err:  0.7%
OMP: Info #277: omp_set_nested routine deprecated, please use omp_set_max_active_levels instead.
[AUTO TUNE]     [021: 36987.02]  time:5.781488e-01  MLUPS:021384  cache block size:62605kiB  reps:1  perf err: 100.0%
OMP: Info #277: omp_set_nested routine deprecated, please use omp_set_max_active_levels instead.
[AUTO TUNE]     [021: 36565.30]  time:1.648120e+00  MLUPS:060264  cache block size:62605kiB  reps:2  perf err:  1.2%
OMP: Info #277: omp_set_nested routine deprecated, please use omp_set_max_active_levels instead.
[AUTO TUNE]     [024: 36939.82]  time:5.788875e-01  MLUPS:021384  cache block size:68590kiB  reps:1  perf err: 100.0%
OMP: Info #277: omp_set_nested routine deprecated, please use omp_set_max_active_levels instead.
[AUTO TUNE]     [024: 36915.58]  time:1.632481e+00  MLUPS:060264  cache block size:68590kiB  reps:2  perf err:  0.1%
OMP: Info #277: omp_set_nested routine deprecated, please use omp_set_max_active_levels instead.
[AUTO TUNE]     [027: 37261.30]  time:5.738930e-01  MLUPS:021384  cache block size:74575kiB  reps:1  perf err: 100.0%
OMP: Info #277: omp_set_nested routine deprecated, please use omp_set_max_active_levels instead.
[AUTO TUNE]     [027: 37126.71]  time:1.623198e+00  MLUPS:060264  cache block size:74575kiB  reps:2  perf err:  0.4%
OMP: Info #277: omp_set_nested routine deprecated, please use omp_set_max_active_levels instead.
[AUTO TUNE]     [030: 37648.32]  time:5.679934e-01  MLUPS:021384  cache block size:80560kiB  reps:1  perf err: 100.0%
OMP: Info #277: omp_set_nested routine deprecated, please use omp_set_max_active_levels instead.
[AUTO TUNE]     [030: 36930.49]  time:1.631822e+00  MLUPS:060264  cache block size:80560kiB  reps:2  perf err:  1.9%
[AUTO TUNE]   Diamond width:24  [wavefronts #: pefromance (MLUPS/s)]
OMP: Info #277: omp_set_nested routine deprecated, please use omp_set_max_active_levels instead.
[AUTO TUNE]     [003: 26409.94]  time:9.569125e-01  MLUPS:025272  cache block size:36575kiB  reps:1  perf err: 100.0%
OMP: Info #277: omp_set_nested routine deprecated, please use omp_set_max_active_levels instead.
[AUTO TUNE]     [003: 25133.84]  time:2.861799e+00  MLUPS:071928  cache block size:36575kiB  reps:2  perf err:  5.1%
OMP: Info #277: omp_set_nested routine deprecated, please use omp_set_max_active_levels instead.
[AUTO TUNE]     [003: 25002.12]  time:4.742958e+00  MLUPS:118584  cache block size:36575kiB  reps:3  perf err:  0.5%
OMP: Info #277: omp_set_nested routine deprecated, please use omp_set_max_active_levels instead.
[AUTO TUNE]     [006: 34421.32]  time:7.341961e-01  MLUPS:025272  cache block size:43700kiB  reps:1  perf err: 100.0%
OMP: Info #277: omp_set_nested routine deprecated, please use omp_set_max_active_levels instead.
[AUTO TUNE]     [006: 33543.44]  time:2.144324e+00  MLUPS:071928  cache block size:43700kiB  reps:2  perf err:  2.6%
OMP: Info #277: omp_set_nested routine deprecated, please use omp_set_max_active_levels instead.
[AUTO TUNE]     [006: 33332.89]  time:3.557567e+00  MLUPS:118584  cache block size:43700kiB  reps:3  perf err:  0.6%
OMP: Info #277: omp_set_nested routine deprecated, please use omp_set_max_active_levels instead.
[AUTO TUNE]     [009: 36321.99]  time:6.957769e-01  MLUPS:025272  cache block size:50825kiB  reps:1  perf err: 100.0%
OMP: Info #277: omp_set_nested routine deprecated, please use omp_set_max_active_levels instead.
[AUTO TUNE]     [009: 35391.79]  time:2.032336e+00  MLUPS:071928  cache block size:50825kiB  reps:2  perf err:  2.6%
OMP: Info #277: omp_set_nested routine deprecated, please use omp_set_max_active_levels instead.
[AUTO TUNE]     [009: 35365.97]  time:3.353054e+00  MLUPS:118584  cache block size:50825kiB  reps:3  perf err:  0.1%
OMP: Info #277: omp_set_nested routine deprecated, please use omp_set_max_active_levels instead.
[AUTO TUNE]     [012: 36795.35]  time:6.868259e-01  MLUPS:025272  cache block size:57950kiB  reps:1  perf err: 100.0%
OMP: Info #277: omp_set_nested routine deprecated, please use omp_set_max_active_levels instead.
[AUTO TUNE]     [012: 36225.77]  time:1.985548e+00  MLUPS:071928  cache block size:57950kiB  reps:2  perf err:  1.6%
OMP: Info #277: omp_set_nested routine deprecated, please use omp_set_max_active_levels instead.
[AUTO TUNE]     [015: 37621.07]  time:6.717512e-01  MLUPS:025272  cache block size:65075kiB  reps:1  perf err: 100.0%
OMP: Info #277: omp_set_nested routine deprecated, please use omp_set_max_active_levels instead.
[AUTO TUNE]     [015: 37147.71]  time:1.936270e+00  MLUPS:071928  cache block size:65075kiB  reps:2  perf err:  1.3%
OMP: Info #277: omp_set_nested routine deprecated, please use omp_set_max_active_levels instead.
[AUTO TUNE]     [018: 34204.73]  time:7.388453e-01  MLUPS:025272  cache block size:72200kiB  reps:1  perf err: 100.0%
OMP: Info #277: omp_set_nested routine deprecated, please use omp_set_max_active_levels instead.
[AUTO TUNE]     [018: 37148.76]  time:1.936216e+00  MLUPS:071928  cache block size:72200kiB  reps:2  perf err:  7.9%
OMP: Info #277: omp_set_nested routine deprecated, please use omp_set_max_active_levels instead.
[AUTO TUNE]     [018: 37104.13]  time:3.195979e+00  MLUPS:118584  cache block size:72200kiB  reps:3  perf err:  0.1%
[AUTO TUNE]   Diamond width:36  [wavefronts #: pefromance (MLUPS/s)]
OMP: Info #277: omp_set_nested routine deprecated, please use omp_set_max_active_levels instead.
[AUTO TUNE]     [003: 29471.75]  time:1.253268e+00  MLUPS:036936  cache block size:75335kiB  reps:1  perf err: 100.0%
OMP: Info #277: omp_set_nested routine deprecated, please use omp_set_max_active_levels instead.
[AUTO TUNE]     [003: 30939.53]  time:3.455773e+00  MLUPS:106920  cache block size:75335kiB  reps:2  perf err:  4.7%
OMP: Info #277: omp_set_nested routine deprecated, please use omp_set_max_active_levels instead.
[AUTO TUNE]     [003: 30940.67]  time:5.717523e+00  MLUPS:176904  cache block size:75335kiB  reps:3  perf err:  0.0%
OMP: Info #277: omp_set_nested routine deprecated, please use omp_set_max_active_levels instead.
[AUTO TUNE]     [006: 34202.23]  time:1.079929e+00  MLUPS:036936  cache block size:85880kiB  reps:1  perf err: 100.0%
OMP: Info #277: omp_set_nested routine deprecated, please use omp_set_max_active_levels instead.
[AUTO TUNE]     [006: 35733.56]  time:2.992145e+00  MLUPS:106920  cache block size:85880kiB  reps:2  perf err:  4.3%
OMP: Info #277: omp_set_nested routine deprecated, please use omp_set_max_active_levels instead.
[AUTO TUNE]     [006: 36214.75]  time:4.884861e+00  MLUPS:176904  cache block size:85880kiB  reps:3  perf err:  1.3%
OMP: Info #277: omp_set_nested routine deprecated, please use omp_set_max_active_levels instead.
[AUTO TUNE]     [009: 34997.84]  time:1.055380e+00  MLUPS:036936  cache block size:96425kiB  reps:1  perf err: 100.0%
OMP: Info #277: omp_set_nested routine deprecated, please use omp_set_max_active_levels instead.
[AUTO TUNE]     [009: 35399.99]  time:3.020340e+00  MLUPS:106920  cache block size:96425kiB  reps:2  perf err:  1.1%
[AUTO TUNE] COMPLETE tune case #10: Thread group size:06  thc:01  thx:01  thy:02  thz:03  t_dim:11  bs_z:15  perf:37147.71 MLUP/s

[AUTO TUNE] START tune case #11: Thread group size:06  thc:01  thx:01  thy:01  thz:06  Possilbe diam width: 4 8 12 20 24 36
[AUTO TUNE]   Diamond width:04  [wavefronts #: pefromance (MLUPS/s)]
OMP: Info #277: omp_set_nested routine deprecated, please use omp_set_max_active_levels instead.
[AUTO TUNE]     [006: 13169.91]  time:4.428277e-01  MLUPS:005832  cache block size:3800kiB  reps:1  perf err: 100.0%
OMP: Info #277: omp_set_nested routine deprecated, please use omp_set_max_active_levels instead.
[AUTO TUNE]     [006: 10305.34]  time:1.320480e+00  MLUPS:013608  cache block size:3800kiB  reps:2  perf err: 27.8%
OMP: Info #277: omp_set_nested routine deprecated, please use omp_set_max_active_levels instead.
[AUTO TUNE]     [006: 9682.85]  time:2.208442e+00  MLUPS:021384  cache block size:3800kiB  reps:3  perf err:  6.4%
OMP: Info #277: omp_set_nested routine deprecated, please use omp_set_max_active_levels instead.
[AUTO TUNE]     [006: 9411.87]  time:3.098215e+00  MLUPS:029160  cache block size:3800kiB  reps:4  perf err:  2.9%
OMP: Info #277: omp_set_nested routine deprecated, please use omp_set_max_active_levels instead.
[AUTO TUNE]     [006: 9429.10]  time:3.917236e+00  MLUPS:036936  cache block size:3800kiB  reps:5  perf err:  0.2%
OMP: Info #277: omp_set_nested routine deprecated, please use omp_set_max_active_levels instead.
[AUTO TUNE]     [012: 14428.59]  time:4.041975e-01  MLUPS:005832  cache block size:6650kiB  reps:1  perf err: 100.0%
OMP: Info #277: omp_set_nested routine deprecated, please use omp_set_max_active_levels instead.
[AUTO TUNE]     [012: 11410.62]  time:1.192573e+00  MLUPS:013608  cache block size:6650kiB  reps:2  perf err: 26.4%
OMP: Info #277: omp_set_nested routine deprecated, please use omp_set_max_active_levels instead.
[AUTO TUNE]     [012: 10821.50]  time:1.976066e+00  MLUPS:021384  cache block size:6650kiB  reps:3  perf err:  5.4%
OMP: Info #277: omp_set_nested routine deprecated, please use omp_set_max_active_levels instead.
[AUTO TUNE]     [012: 10565.28]  time:2.759985e+00  MLUPS:029160  cache block size:6650kiB  reps:4  perf err:  2.4%
OMP: Info #277: omp_set_nested routine deprecated, please use omp_set_max_active_levels instead.
[AUTO TUNE]     [018: 14406.40]  time:4.048200e-01  MLUPS:005832  cache block size:9500kiB  reps:1  perf err: 100.0%
OMP: Info #277: omp_set_nested routine deprecated, please use omp_set_max_active_levels instead.
[AUTO TUNE]     [018: 11547.61]  time:1.178426e+00  MLUPS:013608  cache block size:9500kiB  reps:2  perf err: 24.8%
OMP: Info #277: omp_set_nested routine deprecated, please use omp_set_max_active_levels instead.
[AUTO TUNE]     [018: 10831.30]  time:1.974277e+00  MLUPS:021384  cache block size:9500kiB  reps:3  perf err:  6.6%
OMP: Info #277: omp_set_nested routine deprecated, please use omp_set_max_active_levels instead.
[AUTO TUNE]     [018: 10662.84]  time:2.734731e+00  MLUPS:029160  cache block size:9500kiB  reps:4  perf err:  1.6%
OMP: Info #277: omp_set_nested routine deprecated, please use omp_set_max_active_levels instead.
[AUTO TUNE]     [024: 14867.19]  time:3.922732e-01  MLUPS:005832  cache block size:12350kiB  reps:1  perf err: 100.0%
OMP: Info #277: omp_set_nested routine deprecated, please use omp_set_max_active_levels instead.
[AUTO TUNE]     [024: 11867.41]  time:1.146670e+00  MLUPS:013608  cache block size:12350kiB  reps:2  perf err: 25.3%
OMP: Info #277: omp_set_nested routine deprecated, please use omp_set_max_active_levels instead.
[AUTO TUNE]     [024: 11357.10]  time:1.882875e+00  MLUPS:021384  cache block size:12350kiB  reps:3  perf err:  4.5%
OMP: Info #277: omp_set_nested routine deprecated, please use omp_set_max_active_levels instead.
[AUTO TUNE]     [024: 11159.36]  time:2.613053e+00  MLUPS:029160  cache block size:12350kiB  reps:4  perf err:  1.8%
OMP: Info #277: omp_set_nested routine deprecated, please use omp_set_max_active_levels instead.
[AUTO TUNE]     [030: 14384.17]  time:4.054457e-01  MLUPS:005832  cache block size:15200kiB  reps:1  perf err: 100.0%
OMP: Info #277: omp_set_nested routine deprecated, please use omp_set_max_active_levels instead.
[AUTO TUNE]     [030: 11742.26]  time:1.158891e+00  MLUPS:013608  cache block size:15200kiB  reps:2  perf err: 22.5%
OMP: Info #277: omp_set_nested routine deprecated, please use omp_set_max_active_levels instead.
[AUTO TUNE]     [030: 11277.43]  time:1.896177e+00  MLUPS:021384  cache block size:15200kiB  reps:3  perf err:  4.1%
OMP: Info #277: omp_set_nested routine deprecated, please use omp_set_max_active_levels instead.
[AUTO TUNE]     [030: 10891.76]  time:2.677253e+00  MLUPS:029160  cache block size:15200kiB  reps:4  perf err:  3.5%
OMP: Info #277: omp_set_nested routine deprecated, please use omp_set_max_active_levels instead.
[AUTO TUNE]     [030: 10842.52]  time:3.406588e+00  MLUPS:036936  cache block size:15200kiB  reps:5  perf err:  0.5%
[AUTO TUNE]   Diamond width:08  [wavefronts #: pefromance (MLUPS/s)]
OMP: Info #277: omp_set_nested routine deprecated, please use omp_set_max_active_levels instead.
[AUTO TUNE]     [006: 21976.41]  time:4.422925e-01  MLUPS:009720  cache block size:8740kiB  reps:1  perf err: 100.0%
OMP: Info #277: omp_set_nested routine deprecated, please use omp_set_max_active_levels instead.
[AUTO TUNE]     [006: 18951.82]  time:1.333486e+00  MLUPS:025272  cache block size:8740kiB  reps:2  perf err: 16.0%
OMP: Info #277: omp_set_nested routine deprecated, please use omp_set_max_active_levels instead.
[AUTO TUNE]     [006: 18390.77]  time:2.219809e+00  MLUPS:040824  cache block size:8740kiB  reps:3  perf err:  3.1%
OMP: Info #277: omp_set_nested routine deprecated, please use omp_set_max_active_levels instead.
[AUTO TUNE]     [006: 18179.88]  time:3.101010e+00  MLUPS:056376  cache block size:8740kiB  reps:4  perf err:  1.2%
OMP: Info #277: omp_set_nested routine deprecated, please use omp_set_max_active_levels instead.
[AUTO TUNE]     [012: 23258.13]  time:4.179184e-01  MLUPS:009720  cache block size:13870kiB  reps:1  perf err: 100.0%
OMP: Info #277: omp_set_nested routine deprecated, please use omp_set_max_active_levels instead.
[AUTO TUNE]     [012: 20012.71]  time:1.262797e+00  MLUPS:025272  cache block size:13870kiB  reps:2  perf err: 16.2%
OMP: Info #277: omp_set_nested routine deprecated, please use omp_set_max_active_levels instead.
[AUTO TUNE]     [012: 19189.59]  time:2.127404e+00  MLUPS:040824  cache block size:13870kiB  reps:3  perf err:  4.3%
OMP: Info #277: omp_set_nested routine deprecated, please use omp_set_max_active_levels instead.
[AUTO TUNE]     [012: 18877.67]  time:2.986385e+00  MLUPS:056376  cache block size:13870kiB  reps:4  perf err:  1.7%
OMP: Info #277: omp_set_nested routine deprecated, please use omp_set_max_active_levels instead.
[AUTO TUNE]     [018: 24472.51]  time:3.971803e-01  MLUPS:009720  cache block size:19000kiB  reps:1  perf err: 100.0%
OMP: Info #277: omp_set_nested routine deprecated, please use omp_set_max_active_levels instead.
[AUTO TUNE]     [018: 22405.60]  time:1.127932e+00  MLUPS:025272  cache block size:19000kiB  reps:2  perf err:  9.2%
OMP: Info #277: omp_set_nested routine deprecated, please use omp_set_max_active_levels instead.
[AUTO TUNE]     [018: 21231.23]  time:1.922828e+00  MLUPS:040824  cache block size:19000kiB  reps:3  perf err:  5.5%
OMP: Info #277: omp_set_nested routine deprecated, please use omp_set_max_active_levels instead.
[AUTO TUNE]     [018: 20799.69]  time:2.710426e+00  MLUPS:056376  cache block size:19000kiB  reps:4  perf err:  2.1%
OMP: Info #277: omp_set_nested routine deprecated, please use omp_set_max_active_levels instead.
[AUTO TUNE]     [024: 25269.58]  time:3.846522e-01  MLUPS:009720  cache block size:24130kiB  reps:1  perf err: 100.0%
OMP: Info #277: omp_set_nested routine deprecated, please use omp_set_max_active_levels instead.
[AUTO TUNE]     [024: 22631.75]  time:1.116661e+00  MLUPS:025272  cache block size:24130kiB  reps:2  perf err: 11.7%
OMP: Info #277: omp_set_nested routine deprecated, please use omp_set_max_active_levels instead.
[AUTO TUNE]     [024: 21958.46]  time:1.859147e+00  MLUPS:040824  cache block size:24130kiB  reps:3  perf err:  3.1%
OMP: Info #277: omp_set_nested routine deprecated, please use omp_set_max_active_levels instead.
[AUTO TUNE]     [024: 21346.08]  time:2.641047e+00  MLUPS:056376  cache block size:24130kiB  reps:4  perf err:  2.9%
OMP: Info #277: omp_set_nested routine deprecated, please use omp_set_max_active_levels instead.
[AUTO TUNE]     [024: 21243.58]  time:3.385870e+00  MLUPS:071928  cache block size:24130kiB  reps:5  perf err:  0.5%
OMP: Info #277: omp_set_nested routine deprecated, please use omp_set_max_active_levels instead.
[AUTO TUNE]     [030: 26073.97]  time:3.727855e-01  MLUPS:009720  cache block size:29260kiB  reps:1  perf err: 100.0%
OMP: Info #277: omp_set_nested routine deprecated, please use omp_set_max_active_levels instead.
[AUTO TUNE]     [030: 24383.00]  time:1.036460e+00  MLUPS:025272  cache block size:29260kiB  reps:2  perf err:  6.9%
OMP: Info #277: omp_set_nested routine deprecated, please use omp_set_max_active_levels instead.
[AUTO TUNE]     [030: 23220.93]  time:1.758069e+00  MLUPS:040824  cache block size:29260kiB  reps:3  perf err:  5.0%
OMP: Info #277: omp_set_nested routine deprecated, please use omp_set_max_active_levels instead.
[AUTO TUNE]     [030: 22908.69]  time:2.460900e+00  MLUPS:056376  cache block size:29260kiB  reps:4  perf err:  1.4%
OMP: Info #277: omp_set_nested routine deprecated, please use omp_set_max_active_levels instead.
[AUTO TUNE]     [036: 26779.81]  time:3.629601e-01  MLUPS:009720  cache block size:34390kiB  reps:1  perf err: 100.0%
OMP: Info #277: omp_set_nested routine deprecated, please use omp_set_max_active_levels instead.
[AUTO TUNE]     [036: 24143.73]  time:1.046731e+00  MLUPS:025272  cache block size:34390kiB  reps:2  perf err: 10.9%
OMP: Info #277: omp_set_nested routine deprecated, please use omp_set_max_active_levels instead.
[AUTO TUNE]     [036: 23902.45]  time:1.707942e+00  MLUPS:040824  cache block size:34390kiB  reps:3  perf err:  1.0%
OMP: Info #277: omp_set_nested routine deprecated, please use omp_set_max_active_levels instead.
[AUTO TUNE]     [042: 27328.42]  time:3.556736e-01  MLUPS:009720  cache block size:39520kiB  reps:1  perf err: 100.0%
OMP: Info #277: omp_set_nested routine deprecated, please use omp_set_max_active_levels instead.
[AUTO TUNE]     [042: 24992.19]  time:1.011196e+00  MLUPS:025272  cache block size:39520kiB  reps:2  perf err:  9.3%
OMP: Info #277: omp_set_nested routine deprecated, please use omp_set_max_active_levels instead.
[AUTO TUNE]     [042: 24454.75]  time:1.669369e+00  MLUPS:040824  cache block size:39520kiB  reps:3  perf err:  2.2%
OMP: Info #277: omp_set_nested routine deprecated, please use omp_set_max_active_levels instead.
[AUTO TUNE]     [048: 27170.55]  time:3.577402e-01  MLUPS:009720  cache block size:44650kiB  reps:1  perf err: 100.0%
OMP: Info #277: omp_set_nested routine deprecated, please use omp_set_max_active_levels instead.
[AUTO TUNE]     [048: 25072.68]  time:1.007950e+00  MLUPS:025272  cache block size:44650kiB  reps:2  perf err:  8.4%
OMP: Info #277: omp_set_nested routine deprecated, please use omp_set_max_active_levels instead.
[AUTO TUNE]     [048: 24202.53]  time:1.686766e+00  MLUPS:040824  cache block size:44650kiB  reps:3  perf err:  3.6%
OMP: Info #277: omp_set_nested routine deprecated, please use omp_set_max_active_levels instead.
[AUTO TUNE]     [048: 24238.66]  time:2.325872e+00  MLUPS:056376  cache block size:44650kiB  reps:4  perf err:  0.1%
[AUTO TUNE]   Diamond width:12  [wavefronts #: pefromance (MLUPS/s)]
OMP: Info #277: omp_set_nested routine deprecated, please use omp_set_max_active_levels instead.
[AUTO TUNE]     [006: 25250.74]  time:5.389149e-01  MLUPS:013608  cache block size:15200kiB  reps:1  perf err: 100.0%
OMP: Info #277: omp_set_nested routine deprecated, please use omp_set_max_active_levels instead.
[AUTO TUNE]     [006: 24184.25]  time:1.527275e+00  MLUPS:036936  cache block size:15200kiB  reps:2  perf err:  4.4%
OMP: Info #277: omp_set_nested routine deprecated, please use omp_set_max_active_levels instead.
[AUTO TUNE]     [006: 23719.53]  time:2.540691e+00  MLUPS:060264  cache block size:15200kiB  reps:3  perf err:  2.0%
OMP: Info #277: omp_set_nested routine deprecated, please use omp_set_max_active_levels instead.
[AUTO TUNE]     [012: 30199.90]  time:4.505975e-01  MLUPS:013608  cache block size:22610kiB  reps:1  perf err: 100.0%
OMP: Info #277: omp_set_nested routine deprecated, please use omp_set_max_active_levels instead.
[AUTO TUNE]     [012: 28062.14]  time:1.316222e+00  MLUPS:036936  cache block size:22610kiB  reps:2  perf err:  7.6%
OMP: Info #277: omp_set_nested routine deprecated, please use omp_set_max_active_levels instead.
[AUTO TUNE]     [012: 27411.24]  time:2.198514e+00  MLUPS:060264  cache block size:22610kiB  reps:3  perf err:  2.4%
OMP: Info #277: omp_set_nested routine deprecated, please use omp_set_max_active_levels instead.
[AUTO TUNE]     [018: 33473.60]  time:4.065293e-01  MLUPS:013608  cache block size:30020kiB  reps:1  perf err: 100.0%
OMP: Info #277: omp_set_nested routine deprecated, please use omp_set_max_active_levels instead.
[AUTO TUNE]     [018: 30478.26]  time:1.211880e+00  MLUPS:036936  cache block size:30020kiB  reps:2  perf err:  9.8%
OMP: Info #277: omp_set_nested routine deprecated, please use omp_set_max_active_levels instead.
[AUTO TUNE]     [018: 30193.74]  time:1.995911e+00  MLUPS:060264  cache block size:30020kiB  reps:3  perf err:  0.9%
OMP: Info #277: omp_set_nested routine deprecated, please use omp_set_max_active_levels instead.
[AUTO TUNE]     [024: 34935.66]  time:3.895161e-01  MLUPS:013608  cache block size:37430kiB  reps:1  perf err: 100.0%
OMP: Info #277: omp_set_nested routine deprecated, please use omp_set_max_active_levels instead.
[AUTO TUNE]     [024: 31999.15]  time:1.154281e+00  MLUPS:036936  cache block size:37430kiB  reps:2  perf err:  9.2%
OMP: Info #277: omp_set_nested routine deprecated, please use omp_set_max_active_levels instead.
[AUTO TUNE]     [024: 31413.54]  time:1.918408e+00  MLUPS:060264  cache block size:37430kiB  reps:3  perf err:  1.9%
OMP: Info #277: omp_set_nested routine deprecated, please use omp_set_max_active_levels instead.
[AUTO TUNE]     [030: 37380.43]  time:3.640408e-01  MLUPS:013608  cache block size:44840kiB  reps:1  perf err: 100.0%
OMP: Info #277: omp_set_nested routine deprecated, please use omp_set_max_active_levels instead.
[AUTO TUNE]     [030: 34357.61]  time:1.075046e+00  MLUPS:036936  cache block size:44840kiB  reps:2  perf err:  8.8%
OMP: Info #277: omp_set_nested routine deprecated, please use omp_set_max_active_levels instead.
[AUTO TUNE]     [030: 33849.97]  time:1.780326e+00  MLUPS:060264  cache block size:44840kiB  reps:3  perf err:  1.5%
OMP: Info #277: omp_set_nested routine deprecated, please use omp_set_max_active_levels instead.
[AUTO TUNE]     [036: 36666.45]  time:3.711295e-01  MLUPS:013608  cache block size:52250kiB  reps:1  perf err: 100.0%
OMP: Info #277: omp_set_nested routine deprecated, please use omp_set_max_active_levels instead.
[AUTO TUNE]     [036: 35493.59]  time:1.040639e+00  MLUPS:036936  cache block size:52250kiB  reps:2  perf err:  3.3%
OMP: Info #277: omp_set_nested routine deprecated, please use omp_set_max_active_levels instead.
[AUTO TUNE]     [036: 34162.06]  time:1.764062e+00  MLUPS:060264  cache block size:52250kiB  reps:3  perf err:  3.9%
OMP: Info #277: omp_set_nested routine deprecated, please use omp_set_max_active_levels instead.
[AUTO TUNE]     [036: 34383.62]  time:2.431158e+00  MLUPS:083592  cache block size:52250kiB  reps:4  perf err:  0.6%
OMP: Info #277: omp_set_nested routine deprecated, please use omp_set_max_active_levels instead.
[AUTO TUNE]     [042: 38324.51]  time:3.550731e-01  MLUPS:013608  cache block size:59660kiB  reps:1  perf err: 100.0%
OMP: Info #277: omp_set_nested routine deprecated, please use omp_set_max_active_levels instead.
[AUTO TUNE]     [042: 36240.96]  time:1.019178e+00  MLUPS:036936  cache block size:59660kiB  reps:2  perf err:  5.7%
OMP: Info #277: omp_set_nested routine deprecated, please use omp_set_max_active_levels instead.
[AUTO TUNE]     [042: 35446.96]  time:1.700118e+00  MLUPS:060264  cache block size:59660kiB  reps:3  perf err:  2.2%
OMP: Info #277: omp_set_nested routine deprecated, please use omp_set_max_active_levels instead.
[AUTO TUNE]     [048: 38719.10]  time:3.514544e-01  MLUPS:013608  cache block size:67070kiB  reps:1  perf err: 100.0%
OMP: Info #277: omp_set_nested routine deprecated, please use omp_set_max_active_levels instead.
[AUTO TUNE]     [048: 36004.54]  time:1.025871e+00  MLUPS:036936  cache block size:67070kiB  reps:2  perf err:  7.5%
OMP: Info #277: omp_set_nested routine deprecated, please use omp_set_max_active_levels instead.
[AUTO TUNE]     [048: 35811.15]  time:1.682828e+00  MLUPS:060264  cache block size:67070kiB  reps:3  perf err:  0.5%
OMP: Info #277: omp_set_nested routine deprecated, please use omp_set_max_active_levels instead.
[AUTO TUNE]     [054: 38464.91]  time:3.537769e-01  MLUPS:013608  cache block size:74480kiB  reps:1  perf err: 100.0%
OMP: Info #277: omp_set_nested routine deprecated, please use omp_set_max_active_levels instead.
[AUTO TUNE]     [054: 36525.83]  time:1.011230e+00  MLUPS:036936  cache block size:74480kiB  reps:2  perf err:  5.3%
OMP: Info #277: omp_set_nested routine deprecated, please use omp_set_max_active_levels instead.
[AUTO TUNE]     [054: 35887.42]  time:1.679251e+00  MLUPS:060264  cache block size:74480kiB  reps:3  perf err:  1.8%
OMP: Info #277: omp_set_nested routine deprecated, please use omp_set_max_active_levels instead.
[AUTO TUNE]     [060: 38886.26]  time:3.499437e-01  MLUPS:013608  cache block size:81890kiB  reps:1  perf err: 100.0%
OMP: Info #277: omp_set_nested routine deprecated, please use omp_set_max_active_levels instead.
[AUTO TUNE]     [060: 36550.80]  time:1.010539e+00  MLUPS:036936  cache block size:81890kiB  reps:2  perf err:  6.4%
OMP: Info #277: omp_set_nested routine deprecated, please use omp_set_max_active_levels instead.
[AUTO TUNE]     [060: 36011.90]  time:1.673447e+00  MLUPS:060264  cache block size:81890kiB  reps:3  perf err:  1.5%
OMP: Info #277: omp_set_nested routine deprecated, please use omp_set_max_active_levels instead.
[AUTO TUNE]     [066: 38371.38]  time:3.546393e-01  MLUPS:013608  cache block size:89300kiB  reps:1  perf err: 100.0%
OMP: Info #277: omp_set_nested routine deprecated, please use omp_set_max_active_levels instead.
[AUTO TUNE]     [066: 35296.05]  time:1.046463e+00  MLUPS:036936  cache block size:89300kiB  reps:2  perf err:  8.7%
OMP: Info #277: omp_set_nested routine deprecated, please use omp_set_max_active_levels instead.
[AUTO TUNE]     [066: 35974.76]  time:1.675175e+00  MLUPS:060264  cache block size:89300kiB  reps:3  perf err:  1.9%
[AUTO TUNE]   Diamond width:20  [wavefronts #: pefromance (MLUPS/s)]
OMP: Info #277: omp_set_nested routine deprecated, please use omp_set_max_active_levels instead.
[AUTO TUNE]     [006: 28471.08]  time:7.510780e-01  MLUPS:021384  cache block size:32680kiB  reps:1  perf err: 100.0%
OMP: Info #277: omp_set_nested routine deprecated, please use omp_set_max_active_levels instead.
[AUTO TUNE]     [006: 27791.76]  time:2.168412e+00  MLUPS:060264  cache block size:32680kiB  reps:2  perf err:  2.4%
OMP: Info #277: omp_set_nested routine deprecated, please use omp_set_max_active_levels instead.
[AUTO TUNE]     [012: 37883.14]  time:5.644727e-01  MLUPS:021384  cache block size:44650kiB  reps:1  perf err: 100.0%
OMP: Info #277: omp_set_nested routine deprecated, please use omp_set_max_active_levels instead.
[AUTO TUNE]     [012: 37533.41]  time:1.605610e+00  MLUPS:060264  cache block size:44650kiB  reps:2  perf err:  0.9%
OMP: Info #277: omp_set_nested routine deprecated, please use omp_set_max_active_levels instead.
[AUTO TUNE]     [018: 38209.81]  time:5.596469e-01  MLUPS:021384  cache block size:56620kiB  reps:1  perf err: 100.0%
OMP: Info #277: omp_set_nested routine deprecated, please use omp_set_max_active_levels instead.
[AUTO TUNE]     [018: 38371.40]  time:1.570545e+00  MLUPS:060264  cache block size:56620kiB  reps:2  perf err:  0.4%
OMP: Info #277: omp_set_nested routine deprecated, please use omp_set_max_active_levels instead.
[AUTO TUNE]     [024: 37964.14]  time:5.632684e-01  MLUPS:021384  cache block size:68590kiB  reps:1  perf err: 100.0%
OMP: Info #277: omp_set_nested routine deprecated, please use omp_set_max_active_levels instead.
[AUTO TUNE]     [024: 37738.84]  time:1.596869e+00  MLUPS:060264  cache block size:68590kiB  reps:2  perf err:  0.6%
[AUTO TUNE]   Diamond width:24  [wavefronts #: pefromance (MLUPS/s)]
OMP: Info #277: omp_set_nested routine deprecated, please use omp_set_max_active_levels instead.
[AUTO TUNE]     [006: 30735.36]  time:8.222452e-01  MLUPS:025272  cache block size:43700kiB  reps:1  perf err: 100.0%
OMP: Info #277: omp_set_nested routine deprecated, please use omp_set_max_active_levels instead.
[AUTO TUNE]     [006: 29563.34]  time:2.433013e+00  MLUPS:071928  cache block size:43700kiB  reps:2  perf err:  4.0%
OMP: Info #277: omp_set_nested routine deprecated, please use omp_set_max_active_levels instead.
[AUTO TUNE]     [006: 29448.74]  time:4.026793e+00  MLUPS:118584  cache block size:43700kiB  reps:3  perf err:  0.4%
OMP: Info #277: omp_set_nested routine deprecated, please use omp_set_max_active_levels instead.
[AUTO TUNE]     [012: 32600.74]  time:7.751970e-01  MLUPS:025272  cache block size:57950kiB  reps:1  perf err: 100.0%
OMP: Info #277: omp_set_nested routine deprecated, please use omp_set_max_active_levels instead.
[AUTO TUNE]     [012: 38681.78]  time:1.859480e+00  MLUPS:071928  cache block size:57950kiB  reps:2  perf err: 15.7%
OMP: Info #277: omp_set_nested routine deprecated, please use omp_set_max_active_levels instead.
[AUTO TUNE]     [012: 38273.40]  time:3.098340e+00  MLUPS:118584  cache block size:57950kiB  reps:3  perf err:  1.1%
OMP: Info #277: omp_set_nested routine deprecated, please use omp_set_max_active_levels instead.
[AUTO TUNE]     [018: 39159.62]  time:6.453587e-01  MLUPS:025272  cache block size:72200kiB  reps:1  perf err: 100.0%
OMP: Info #277: omp_set_nested routine deprecated, please use omp_set_max_active_levels instead.
[AUTO TUNE]     [018: 38878.41]  time:1.850075e+00  MLUPS:071928  cache block size:72200kiB  reps:2  perf err:  0.7%
OMP: Info #277: omp_set_nested routine deprecated, please use omp_set_max_active_levels instead.
[AUTO TUNE]     [024: 38720.89]  time:6.526709e-01  MLUPS:025272  cache block size:86450kiB  reps:1  perf err: 100.0%
OMP: Info #277: omp_set_nested routine deprecated, please use omp_set_max_active_levels instead.
[AUTO TUNE]     [024: 37047.88]  time:1.941488e+00  MLUPS:071928  cache block size:86450kiB  reps:2  perf err:  4.5%
OMP: Info #277: omp_set_nested routine deprecated, please use omp_set_max_active_levels instead.
[AUTO TUNE]     [024: 38268.44]  time:3.098742e+00  MLUPS:118584  cache block size:86450kiB  reps:3  perf err:  3.2%
OMP: Info #277: omp_set_nested routine deprecated, please use omp_set_max_active_levels instead.
[AUTO TUNE]     [024: 38086.23]  time:4.338576e+00  MLUPS:165240  cache block size:86450kiB  reps:4  perf err:  0.5%
[AUTO TUNE]   Diamond width:36  [wavefronts #: pefromance (MLUPS/s)]
OMP: Info #277: omp_set_nested routine deprecated, please use omp_set_max_active_levels instead.
[AUTO TUNE]     [006: 32998.86]  time:1.119311e+00  MLUPS:036936  cache block size:85880kiB  reps:1  perf err: 100.0%
OMP: Info #277: omp_set_nested routine deprecated, please use omp_set_max_active_levels instead.
[AUTO TUNE]     [006: 34467.07]  time:3.102092e+00  MLUPS:106920  cache block size:85880kiB  reps:2  perf err:  4.3%
OMP: Info #277: omp_set_nested routine deprecated, please use omp_set_max_active_levels instead.
[AUTO TUNE]     [006: 34380.10]  time:5.145535e+00  MLUPS:176904  cache block size:85880kiB  reps:3  perf err:  0.3%
OMP: Info #277: omp_set_nested routine deprecated, please use omp_set_max_active_levels instead.
[AUTO TUNE]     [012: 38093.46]  time:9.696152e-01  MLUPS:036936  cache block size:106970kiB  reps:1  perf err: 100.0%
OMP: Info #277: omp_set_nested routine deprecated, please use omp_set_max_active_levels instead.
[AUTO TUNE]     [012: 36904.93]  time:2.897174e+00  MLUPS:106920  cache block size:106970kiB  reps:2  perf err:  3.2%
OMP: Info #277: omp_set_nested routine deprecated, please use omp_set_max_active_levels instead.
[AUTO TUNE]     [012: 39068.39]  time:4.528060e+00  MLUPS:176904  cache block size:106970kiB  reps:3  perf err:  5.5%
OMP: Info #277: omp_set_nested routine deprecated, please use omp_set_max_active_levels instead.
[AUTO TUNE]     [012: 38945.74]  time:6.339281e+00  MLUPS:246888  cache block size:106970kiB  reps:4  perf err:  0.3%
OMP: Info #277: omp_set_nested routine deprecated, please use omp_set_max_active_levels instead.
[AUTO TUNE]     [018: 38286.98]  time:9.647144e-01  MLUPS:036936  cache block size:128060kiB  reps:1  perf err: 100.0%
OMP: Info #277: omp_set_nested routine deprecated, please use omp_set_max_active_levels instead.
[AUTO TUNE]     [018: 38671.82]  time:2.764804e+00  MLUPS:106920  cache block size:128060kiB  reps:2  perf err:  1.0%
[AUTO TUNE] COMPLETE tune case #11: Thread group size:06  thc:01  thx:01  thy:01  thz:06  t_dim:17  bs_z:12  perf:38945.74 MLUP/s

[AUTO TUNE] START tune case #12: Thread group size:10  thc:01  thx:02  thy:01  thz:05  Possilbe diam width: 4 8 12 20 24 36 40
[AUTO TUNE]   Diamond width:04  [wavefronts #: pefromance (MLUPS/s)]
OMP: Info #277: omp_set_nested routine deprecated, please use omp_set_max_active_levels instead.
[AUTO TUNE]     [005: 10123.58]  time:5.760807e-01  MLUPS:005832  cache block size:1995kiB  reps:1  perf err: 100.0%
OMP: Info #277: omp_set_nested routine deprecated, please use omp_set_max_active_levels instead.
[AUTO TUNE]     [005: 8073.66]  time:1.685481e+00  MLUPS:013608  cache block size:1995kiB  reps:2  perf err: 25.4%
OMP: Info #277: omp_set_nested routine deprecated, please use omp_set_max_active_levels instead.
[AUTO TUNE]     [005: 7598.12]  time:2.814381e+00  MLUPS:021384  cache block size:1995kiB  reps:3  perf err:  6.3%
OMP: Info #277: omp_set_nested routine deprecated, please use omp_set_max_active_levels instead.
[AUTO TUNE]     [005: 7465.47]  time:3.905985e+00  MLUPS:029160  cache block size:1995kiB  reps:4  perf err:  1.8%
OMP: Info #277: omp_set_nested routine deprecated, please use omp_set_max_active_levels instead.
[AUTO TUNE]     [010: 12136.28]  time:4.805425e-01  MLUPS:005832  cache block size:3420kiB  reps:1  perf err: 100.0%
OMP: Info #277: omp_set_nested routine deprecated, please use omp_set_max_active_levels instead.
[AUTO TUNE]     [010: 9621.34]  time:1.414357e+00  MLUPS:013608  cache block size:3420kiB  reps:2  perf err: 26.1%
OMP: Info #277: omp_set_nested routine deprecated, please use omp_set_max_active_levels instead.
[AUTO TUNE]     [010: 9004.86]  time:2.374717e+00  MLUPS:021384  cache block size:3420kiB  reps:3  perf err:  6.8%
OMP: Info #277: omp_set_nested routine deprecated, please use omp_set_max_active_levels instead.
[AUTO TUNE]     [010: 8784.60]  time:3.319445e+00  MLUPS:029160  cache block size:3420kiB  reps:4  perf err:  2.5%
OMP: Info #277: omp_set_nested routine deprecated, please use omp_set_max_active_levels instead.
[AUTO TUNE]     [010: 8717.08]  time:4.237196e+00  MLUPS:036936  cache block size:3420kiB  reps:5  perf err:  0.8%
OMP: Info #277: omp_set_nested routine deprecated, please use omp_set_max_active_levels instead.
[AUTO TUNE]     [015: 12540.52]  time:4.650526e-01  MLUPS:005832  cache block size:4845kiB  reps:1  perf err: 100.0%
OMP: Info #277: omp_set_nested routine deprecated, please use omp_set_max_active_levels instead.
[AUTO TUNE]     [015: 9965.85]  time:1.365463e+00  MLUPS:013608  cache block size:4845kiB  reps:2  perf err: 25.8%
OMP: Info #277: omp_set_nested routine deprecated, please use omp_set_max_active_levels instead.
[AUTO TUNE]     [015: 9374.53]  time:2.281075e+00  MLUPS:021384  cache block size:4845kiB  reps:3  perf err:  6.3%
OMP: Info #277: omp_set_nested routine deprecated, please use omp_set_max_active_levels instead.
[AUTO TUNE]     [015: 9315.11]  time:3.130398e+00  MLUPS:029160  cache block size:4845kiB  reps:4  perf err:  0.6%
OMP: Info #277: omp_set_nested routine deprecated, please use omp_set_max_active_levels instead.
[AUTO TUNE]     [020: 12195.71]  time:4.782009e-01  MLUPS:005832  cache block size:6270kiB  reps:1  perf err: 100.0%
OMP: Info #277: omp_set_nested routine deprecated, please use omp_set_max_active_levels instead.
[AUTO TUNE]     [020: 9787.79]  time:1.390303e+00  MLUPS:013608  cache block size:6270kiB  reps:2  perf err: 24.6%
OMP: Info #277: omp_set_nested routine deprecated, please use omp_set_max_active_levels instead.
[AUTO TUNE]     [020: 9259.70]  time:2.309363e+00  MLUPS:021384  cache block size:6270kiB  reps:3  perf err:  5.7%
OMP: Info #277: omp_set_nested routine deprecated, please use omp_set_max_active_levels instead.
[AUTO TUNE]     [020: 9085.77]  time:3.209413e+00  MLUPS:029160  cache block size:6270kiB  reps:4  perf err:  1.9%
[AUTO TUNE]   Diamond width:08  [wavefronts #: pefromance (MLUPS/s)]
OMP: Info #277: omp_set_nested routine deprecated, please use omp_set_max_active_levels instead.
[AUTO TUNE]     [005: 15754.11]  time:6.169818e-01  MLUPS:009720  cache block size:4731kiB  reps:1  perf err: 100.0%
OMP: Info #277: omp_set_nested routine deprecated, please use omp_set_max_active_levels instead.
[AUTO TUNE]     [005: 13763.00]  time:1.836227e+00  MLUPS:025272  cache block size:4731kiB  reps:2  perf err: 14.5%
OMP: Info #277: omp_set_nested routine deprecated, please use omp_set_max_active_levels instead.
[AUTO TUNE]     [005: 13353.52]  time:3.057172e+00  MLUPS:040824  cache block size:4731kiB  reps:3  perf err:  3.1%
OMP: Info #277: omp_set_nested routine deprecated, please use omp_set_max_active_levels instead.
[AUTO TUNE]     [005: 13232.35]  time:4.260467e+00  MLUPS:056376  cache block size:4731kiB  reps:4  perf err:  0.9%
OMP: Info #277: omp_set_nested routine deprecated, please use omp_set_max_active_levels instead.
[AUTO TUNE]     [010: 19412.63]  time:5.007049e-01  MLUPS:009720  cache block size:7296kiB  reps:1  perf err: 100.0%
OMP: Info #277: omp_set_nested routine deprecated, please use omp_set_max_active_levels instead.
[AUTO TUNE]     [010: 17551.02]  time:1.439916e+00  MLUPS:025272  cache block size:7296kiB  reps:2  perf err: 10.6%
OMP: Info #277: omp_set_nested routine deprecated, please use omp_set_max_active_levels instead.
[AUTO TUNE]     [010: 16929.11]  time:2.411467e+00  MLUPS:040824  cache block size:7296kiB  reps:3  perf err:  3.7%
OMP: Info #277: omp_set_nested routine deprecated, please use omp_set_max_active_levels instead.
[AUTO TUNE]     [010: 16962.07]  time:3.323650e+00  MLUPS:056376  cache block size:7296kiB  reps:4  perf err:  0.2%
OMP: Info #277: omp_set_nested routine deprecated, please use omp_set_max_active_levels instead.
[AUTO TUNE]     [015: 21604.09]  time:4.499149e-01  MLUPS:009720  cache block size:9861kiB  reps:1  perf err: 100.0%
OMP: Info #277: omp_set_nested routine deprecated, please use omp_set_max_active_levels instead.
[AUTO TUNE]     [015: 19435.37]  time:1.300310e+00  MLUPS:025272  cache block size:9861kiB  reps:2  perf err: 11.2%
OMP: Info #277: omp_set_nested routine deprecated, please use omp_set_max_active_levels instead.
[AUTO TUNE]     [015: 18504.33]  time:2.206187e+00  MLUPS:040824  cache block size:9861kiB  reps:3  perf err:  5.0%
OMP: Info #277: omp_set_nested routine deprecated, please use omp_set_max_active_levels instead.
[AUTO TUNE]     [015: 18619.71]  time:3.027759e+00  MLUPS:056376  cache block size:9861kiB  reps:4  perf err:  0.6%
OMP: Info #277: omp_set_nested routine deprecated, please use omp_set_max_active_levels instead.
[AUTO TUNE]     [020: 23018.38]  time:4.222712e-01  MLUPS:009720  cache block size:12426kiB  reps:1  perf err: 100.0%
OMP: Info #277: omp_set_nested routine deprecated, please use omp_set_max_active_levels instead.
[AUTO TUNE]     [020: 19280.21]  time:1.310774e+00  MLUPS:025272  cache block size:12426kiB  reps:2  perf err: 19.4%
OMP: Info #277: omp_set_nested routine deprecated, please use omp_set_max_active_levels instead.
[AUTO TUNE]     [020: 19217.06]  time:2.124363e+00  MLUPS:040824  cache block size:12426kiB  reps:3  perf err:  0.3%
OMP: Info #277: omp_set_nested routine deprecated, please use omp_set_max_active_levels instead.
[AUTO TUNE]     [025: 23041.21]  time:4.218529e-01  MLUPS:009720  cache block size:14991kiB  reps:1  perf err: 100.0%
OMP: Info #277: omp_set_nested routine deprecated, please use omp_set_max_active_levels instead.
[AUTO TUNE]     [025: 20351.66]  time:1.241766e+00  MLUPS:025272  cache block size:14991kiB  reps:2  perf err: 13.2%
OMP: Info #277: omp_set_nested routine deprecated, please use omp_set_max_active_levels instead.
[AUTO TUNE]     [025: 19986.70]  time:2.042558e+00  MLUPS:040824  cache block size:14991kiB  reps:3  perf err:  1.8%
OMP: Info #277: omp_set_nested routine deprecated, please use omp_set_max_active_levels instead.
[AUTO TUNE]     [030: 23334.70]  time:4.165471e-01  MLUPS:009720  cache block size:17556kiB  reps:1  perf err: 100.0%
OMP: Info #277: omp_set_nested routine deprecated, please use omp_set_max_active_levels instead.
[AUTO TUNE]     [030: 20729.86]  time:1.219111e+00  MLUPS:025272  cache block size:17556kiB  reps:2  perf err: 12.6%
OMP: Info #277: omp_set_nested routine deprecated, please use omp_set_max_active_levels instead.
[AUTO TUNE]     [030: 20173.37]  time:2.023658e+00  MLUPS:040824  cache block size:17556kiB  reps:3  perf err:  2.8%
OMP: Info #277: omp_set_nested routine deprecated, please use omp_set_max_active_levels instead.
[AUTO TUNE]     [030: 20103.38]  time:2.804305e+00  MLUPS:056376  cache block size:17556kiB  reps:4  perf err:  0.3%
OMP: Info #277: omp_set_nested routine deprecated, please use omp_set_max_active_levels instead.
[AUTO TUNE]     [035: 23686.36]  time:4.103627e-01  MLUPS:009720  cache block size:20121kiB  reps:1  perf err: 100.0%
OMP: Info #277: omp_set_nested routine deprecated, please use omp_set_max_active_levels instead.
[AUTO TUNE]     [035: 20673.96]  time:1.222408e+00  MLUPS:025272  cache block size:20121kiB  reps:2  perf err: 14.6%
OMP: Info #277: omp_set_nested routine deprecated, please use omp_set_max_active_levels instead.
[AUTO TUNE]     [035: 20733.62]  time:1.968976e+00  MLUPS:040824  cache block size:20121kiB  reps:3  perf err:  0.3%
OMP: Info #277: omp_set_nested routine deprecated, please use omp_set_max_active_levels instead.
[AUTO TUNE]     [040: 24082.60]  time:4.036109e-01  MLUPS:009720  cache block size:22686kiB  reps:1  perf err: 100.0%
OMP: Info #277: omp_set_nested routine deprecated, please use omp_set_max_active_levels instead.
[AUTO TUNE]     [040: 20720.02]  time:1.219690e+00  MLUPS:025272  cache block size:22686kiB  reps:2  perf err: 16.2%
OMP: Info #277: omp_set_nested routine deprecated, please use omp_set_max_active_levels instead.
[AUTO TUNE]     [040: 20578.62]  time:1.983806e+00  MLUPS:040824  cache block size:22686kiB  reps:3  perf err:  0.7%
[AUTO TUNE]   Diamond width:12  [wavefronts #: pefromance (MLUPS/s)]
OMP: Info #277: omp_set_nested routine deprecated, please use omp_set_max_active_levels instead.
[AUTO TUNE]     [005: 17188.41]  time:7.916962e-01  MLUPS:013608  cache block size:8379kiB  reps:1  perf err: 100.0%
OMP: Info #277: omp_set_nested routine deprecated, please use omp_set_max_active_levels instead.
[AUTO TUNE]     [005: 15700.07]  time:2.352601e+00  MLUPS:036936  cache block size:8379kiB  reps:2  perf err:  9.5%
OMP: Info #277: omp_set_nested routine deprecated, please use omp_set_max_active_levels instead.
[AUTO TUNE]     [005: 15389.12]  time:3.916012e+00  MLUPS:060264  cache block size:8379kiB  reps:3  perf err:  2.0%
OMP: Info #277: omp_set_nested routine deprecated, please use omp_set_max_active_levels instead.
[AUTO TUNE]     [010: 23348.15]  time:5.828299e-01  MLUPS:013608  cache block size:12084kiB  reps:1  perf err: 100.0%
OMP: Info #277: omp_set_nested routine deprecated, please use omp_set_max_active_levels instead.
[AUTO TUNE]     [010: 21498.94]  time:1.718038e+00  MLUPS:036936  cache block size:12084kiB  reps:2  perf err:  8.6%
OMP: Info #277: omp_set_nested routine deprecated, please use omp_set_max_active_levels instead.
[AUTO TUNE]     [010: 21143.78]  time:2.850200e+00  MLUPS:060264  cache block size:12084kiB  reps:3  perf err:  1.7%
OMP: Info #277: omp_set_nested routine deprecated, please use omp_set_max_active_levels instead.
[AUTO TUNE]     [015: 26034.51]  time:5.226908e-01  MLUPS:013608  cache block size:15789kiB  reps:1  perf err: 100.0%
OMP: Info #277: omp_set_nested routine deprecated, please use omp_set_max_active_levels instead.
[AUTO TUNE]     [015: 23942.48]  time:1.542698e+00  MLUPS:036936  cache block size:15789kiB  reps:2  perf err:  8.7%
OMP: Info #277: omp_set_nested routine deprecated, please use omp_set_max_active_levels instead.
[AUTO TUNE]     [015: 23483.19]  time:2.566261e+00  MLUPS:060264  cache block size:15789kiB  reps:3  perf err:  2.0%
OMP: Info #277: omp_set_nested routine deprecated, please use omp_set_max_active_levels instead.
[AUTO TUNE]     [020: 26757.03]  time:5.085767e-01  MLUPS:013608  cache block size:19494kiB  reps:1  perf err: 100.0%
OMP: Info #277: omp_set_nested routine deprecated, please use omp_set_max_active_levels instead.
[AUTO TUNE]     [020: 25213.61]  time:1.464923e+00  MLUPS:036936  cache block size:19494kiB  reps:2  perf err:  6.1%
OMP: Info #277: omp_set_nested routine deprecated, please use omp_set_max_active_levels instead.
[AUTO TUNE]     [020: 24733.54]  time:2.436530e+00  MLUPS:060264  cache block size:19494kiB  reps:3  perf err:  1.9%
OMP: Info #277: omp_set_nested routine deprecated, please use omp_set_max_active_levels instead.
[AUTO TUNE]     [025: 28273.63]  time:4.812966e-01  MLUPS:013608  cache block size:23199kiB  reps:1  perf err: 100.0%
OMP: Info #277: omp_set_nested routine deprecated, please use omp_set_max_active_levels instead.
[AUTO TUNE]     [025: 25967.31]  time:1.422404e+00  MLUPS:036936  cache block size:23199kiB  reps:2  perf err:  8.9%
OMP: Info #277: omp_set_nested routine deprecated, please use omp_set_max_active_levels instead.
[AUTO TUNE]     [025: 25505.88]  time:2.362749e+00  MLUPS:060264  cache block size:23199kiB  reps:3  perf err:  1.8%
OMP: Info #277: omp_set_nested routine deprecated, please use omp_set_max_active_levels instead.
[AUTO TUNE]     [030: 28677.38]  time:4.745203e-01  MLUPS:013608  cache block size:26904kiB  reps:1  perf err: 100.0%
OMP: Info #277: omp_set_nested routine deprecated, please use omp_set_max_active_levels instead.
[AUTO TUNE]     [030: 26247.72]  time:1.407208e+00  MLUPS:036936  cache block size:26904kiB  reps:2  perf err:  9.3%
OMP: Info #277: omp_set_nested routine deprecated, please use omp_set_max_active_levels instead.
[AUTO TUNE]     [030: 25978.87]  time:2.319731e+00  MLUPS:060264  cache block size:26904kiB  reps:3  perf err:  1.0%
OMP: Info #277: omp_set_nested routine deprecated, please use omp_set_max_active_levels instead.
[AUTO TUNE]     [035: 29024.88]  time:4.688391e-01  MLUPS:013608  cache block size:30609kiB  reps:1  perf err: 100.0%
OMP: Info #277: omp_set_nested routine deprecated, please use omp_set_max_active_levels instead.
[AUTO TUNE]     [035: 26885.34]  time:1.373834e+00  MLUPS:036936  cache block size:30609kiB  reps:2  perf err:  8.0%
OMP: Info #277: omp_set_nested routine deprecated, please use omp_set_max_active_levels instead.
[AUTO TUNE]     [035: 25920.02]  time:2.324998e+00  MLUPS:060264  cache block size:30609kiB  reps:3  perf err:  3.7%
OMP: Info #277: omp_set_nested routine deprecated, please use omp_set_max_active_levels instead.
[AUTO TUNE]     [035: 26131.32]  time:3.198920e+00  MLUPS:083592  cache block size:30609kiB  reps:4  perf err:  0.8%
OMP: Info #277: omp_set_nested routine deprecated, please use omp_set_max_active_levels instead.
[AUTO TUNE]     [040: 29436.52]  time:4.622830e-01  MLUPS:013608  cache block size:34314kiB  reps:1  perf err: 100.0%
OMP: Info #277: omp_set_nested routine deprecated, please use omp_set_max_active_levels instead.
[AUTO TUNE]     [040: 27066.26]  time:1.364651e+00  MLUPS:036936  cache block size:34314kiB  reps:2  perf err:  8.8%
OMP: Info #277: omp_set_nested routine deprecated, please use omp_set_max_active_levels instead.
[AUTO TUNE]     [040: 26493.27]  time:2.274691e+00  MLUPS:060264  cache block size:34314kiB  reps:3  perf err:  2.2%
OMP: Info #277: omp_set_nested routine deprecated, please use omp_set_max_active_levels instead.
[AUTO TUNE]     [045: 28939.65]  time:4.702200e-01  MLUPS:013608  cache block size:38019kiB  reps:1  perf err: 100.0%
OMP: Info #277: omp_set_nested routine deprecated, please use omp_set_max_active_levels instead.
[AUTO TUNE]     [045: 26973.18]  time:1.369360e+00  MLUPS:036936  cache block size:38019kiB  reps:2  perf err:  7.3%
OMP: Info #277: omp_set_nested routine deprecated, please use omp_set_max_active_levels instead.
[AUTO TUNE]     [045: 26636.34]  time:2.262473e+00  MLUPS:060264  cache block size:38019kiB  reps:3  perf err:  1.3%
OMP: Info #277: omp_set_nested routine deprecated, please use omp_set_max_active_levels instead.
[AUTO TUNE]     [050: 29040.15]  time:4.685926e-01  MLUPS:013608  cache block size:41724kiB  reps:1  perf err: 100.0%
OMP: Info #277: omp_set_nested routine deprecated, please use omp_set_max_active_levels instead.
[AUTO TUNE]     [050: 27340.60]  time:1.350958e+00  MLUPS:036936  cache block size:41724kiB  reps:2  perf err:  6.2%
OMP: Info #277: omp_set_nested routine deprecated, please use omp_set_max_active_levels instead.
[AUTO TUNE]     [050: 26842.95]  time:2.245059e+00  MLUPS:060264  cache block size:41724kiB  reps:3  perf err:  1.9%
OMP: Info #277: omp_set_nested routine deprecated, please use omp_set_max_active_levels instead.
[AUTO TUNE]     [055: 29320.25]  time:4.641160e-01  MLUPS:013608  cache block size:45429kiB  reps:1  perf err: 100.0%
OMP: Info #277: omp_set_nested routine deprecated, please use omp_set_max_active_levels instead.
[AUTO TUNE]     [055: 27372.39]  time:1.349389e+00  MLUPS:036936  cache block size:45429kiB  reps:2  perf err:  7.1%
OMP: Info #277: omp_set_nested routine deprecated, please use omp_set_max_active_levels instead.
[AUTO TUNE]     [055: 26919.53]  time:2.238672e+00  MLUPS:060264  cache block size:45429kiB  reps:3  perf err:  1.7%
OMP: Info #277: omp_set_nested routine deprecated, please use omp_set_max_active_levels instead.
[AUTO TUNE]     [060: 29652.88]  time:4.589099e-01  MLUPS:013608  cache block size:49134kiB  reps:1  perf err: 100.0%
OMP: Info #277: omp_set_nested routine deprecated, please use omp_set_max_active_levels instead.
[AUTO TUNE]     [060: 27498.67]  time:1.343192e+00  MLUPS:036936  cache block size:49134kiB  reps:2  perf err:  7.8%
OMP: Info #277: omp_set_nested routine deprecated, please use omp_set_max_active_levels instead.
[AUTO TUNE]     [060: 26834.54]  time:2.245762e+00  MLUPS:060264  cache block size:49134kiB  reps:3  perf err:  2.5%
[AUTO TUNE]   Diamond width:20  [wavefronts #: pefromance (MLUPS/s)]
OMP: Info #277: omp_set_nested routine deprecated, please use omp_set_max_active_levels instead.
[AUTO TUNE]     [005: 17754.62]  time:1.204419e+00  MLUPS:021384  cache block size:18411kiB  reps:1  perf err: 100.0%
OMP: Info #277: omp_set_nested routine deprecated, please use omp_set_max_active_levels instead.
[AUTO TUNE]     [005: 17019.42]  time:3.540896e+00  MLUPS:060264  cache block size:18411kiB  reps:2  perf err:  4.3%
OMP: Info #277: omp_set_nested routine deprecated, please use omp_set_max_active_levels instead.
[AUTO TUNE]     [005: 16808.63]  time:5.898399e+00  MLUPS:099144  cache block size:18411kiB  reps:3  perf err:  1.3%
OMP: Info #277: omp_set_nested routine deprecated, please use omp_set_max_active_levels instead.
[AUTO TUNE]     [010: 24367.24]  time:8.775718e-01  MLUPS:021384  cache block size:24396kiB  reps:1  perf err: 100.0%
OMP: Info #277: omp_set_nested routine deprecated, please use omp_set_max_active_levels instead.
[AUTO TUNE]     [010: 23334.94]  time:2.582566e+00  MLUPS:060264  cache block size:24396kiB  reps:2  perf err:  4.4%
OMP: Info #277: omp_set_nested routine deprecated, please use omp_set_max_active_levels instead.
[AUTO TUNE]     [010: 23078.70]  time:4.295910e+00  MLUPS:099144  cache block size:24396kiB  reps:3  perf err:  1.1%
OMP: Info #277: omp_set_nested routine deprecated, please use omp_set_max_active_levels instead.
[AUTO TUNE]     [015: 26638.42]  time:8.027502e-01  MLUPS:021384  cache block size:30381kiB  reps:1  perf err: 100.0%
OMP: Info #277: omp_set_nested routine deprecated, please use omp_set_max_active_levels instead.
[AUTO TUNE]     [015: 25794.74]  time:2.336291e+00  MLUPS:060264  cache block size:30381kiB  reps:2  perf err:  3.3%
OMP: Info #277: omp_set_nested routine deprecated, please use omp_set_max_active_levels instead.
[AUTO TUNE]     [015: 25550.68]  time:3.880288e+00  MLUPS:099144  cache block size:30381kiB  reps:3  perf err:  1.0%
OMP: Info #277: omp_set_nested routine deprecated, please use omp_set_max_active_levels instead.
[AUTO TUNE]     [020: 28158.92]  time:7.594042e-01  MLUPS:021384  cache block size:36366kiB  reps:1  perf err: 100.0%
OMP: Info #277: omp_set_nested routine deprecated, please use omp_set_max_active_levels instead.
[AUTO TUNE]     [020: 26934.92]  time:2.237393e+00  MLUPS:060264  cache block size:36366kiB  reps:2  perf err:  4.5%
OMP: Info #277: omp_set_nested routine deprecated, please use omp_set_max_active_levels instead.
[AUTO TUNE]     [020: 26837.62]  time:3.694218e+00  MLUPS:099144  cache block size:36366kiB  reps:3  perf err:  0.4%
OMP: Info #277: omp_set_nested routine deprecated, please use omp_set_max_active_levels instead.
[AUTO TUNE]     [025: 28832.31]  time:7.416679e-01  MLUPS:021384  cache block size:42351kiB  reps:1  perf err: 100.0%
OMP: Info #277: omp_set_nested routine deprecated, please use omp_set_max_active_levels instead.
[AUTO TUNE]     [025: 27751.93]  time:2.171525e+00  MLUPS:060264  cache block size:42351kiB  reps:2  perf err:  3.9%
OMP: Info #277: omp_set_nested routine deprecated, please use omp_set_max_active_levels instead.
[AUTO TUNE]     [025: 27294.51]  time:3.632379e+00  MLUPS:099144  cache block size:42351kiB  reps:3  perf err:  1.7%
OMP: Info #277: omp_set_nested routine deprecated, please use omp_set_max_active_levels instead.
[AUTO TUNE]     [030: 29365.06]  time:7.282124e-01  MLUPS:021384  cache block size:48336kiB  reps:1  perf err: 100.0%
OMP: Info #277: omp_set_nested routine deprecated, please use omp_set_max_active_levels instead.
[AUTO TUNE]     [030: 28150.89]  time:2.140749e+00  MLUPS:060264  cache block size:48336kiB  reps:2  perf err:  4.3%
OMP: Info #277: omp_set_nested routine deprecated, please use omp_set_max_active_levels instead.
[AUTO TUNE]     [030: 28041.15]  time:3.535660e+00  MLUPS:099144  cache block size:48336kiB  reps:3  perf err:  0.4%
OMP: Info #277: omp_set_nested routine deprecated, please use omp_set_max_active_levels instead.
[AUTO TUNE]     [035: 29501.54]  time:7.248436e-01  MLUPS:021384  cache block size:54321kiB  reps:1  perf err: 100.0%
OMP: Info #277: omp_set_nested routine deprecated, please use omp_set_max_active_levels instead.
[AUTO TUNE]     [035: 28680.74]  time:2.101201e+00  MLUPS:060264  cache block size:54321kiB  reps:2  perf err:  2.9%
OMP: Info #277: omp_set_nested routine deprecated, please use omp_set_max_active_levels instead.
[AUTO TUNE]     [035: 28375.41]  time:3.494011e+00  MLUPS:099144  cache block size:54321kiB  reps:3  perf err:  1.1%
OMP: Info #277: omp_set_nested routine deprecated, please use omp_set_max_active_levels instead.
[AUTO TUNE]     [040: 29875.28]  time:7.157757e-01  MLUPS:021384  cache block size:60306kiB  reps:1  perf err: 100.0%
OMP: Info #277: omp_set_nested routine deprecated, please use omp_set_max_active_levels instead.
[AUTO TUNE]     [040: 28367.44]  time:2.124408e+00  MLUPS:060264  cache block size:60306kiB  reps:2  perf err:  5.3%
OMP: Info #277: omp_set_nested routine deprecated, please use omp_set_max_active_levels instead.
[AUTO TUNE]     [040: 28575.25]  time:3.469575e+00  MLUPS:099144  cache block size:60306kiB  reps:3  perf err:  0.7%
OMP: Info #277: omp_set_nested routine deprecated, please use omp_set_max_active_levels instead.
[AUTO TUNE]     [045: 30048.72]  time:7.116444e-01  MLUPS:021384  cache block size:66291kiB  reps:1  perf err: 100.0%
OMP: Info #277: omp_set_nested routine deprecated, please use omp_set_max_active_levels instead.
[AUTO TUNE]     [045: 28928.93]  time:2.083174e+00  MLUPS:060264  cache block size:66291kiB  reps:2  perf err:  3.9%
OMP: Info #277: omp_set_nested routine deprecated, please use omp_set_max_active_levels instead.
[AUTO TUNE]     [045: 28768.43]  time:3.446277e+00  MLUPS:099144  cache block size:66291kiB  reps:3  perf err:  0.6%
OMP: Info #277: omp_set_nested routine deprecated, please use omp_set_max_active_levels instead.
[AUTO TUNE]     [050: 29787.58]  time:7.178830e-01  MLUPS:021384  cache block size:72276kiB  reps:1  perf err: 100.0%
OMP: Info #277: omp_set_nested routine deprecated, please use omp_set_max_active_levels instead.
[AUTO TUNE]     [050: 29214.95]  time:2.062779e+00  MLUPS:060264  cache block size:72276kiB  reps:2  perf err:  2.0%
OMP: Info #277: omp_set_nested routine deprecated, please use omp_set_max_active_levels instead.
[AUTO TUNE]     [055: 30162.55]  time:7.089587e-01  MLUPS:021384  cache block size:78261kiB  reps:1  perf err: 100.0%
OMP: Info #277: omp_set_nested routine deprecated, please use omp_set_max_active_levels instead.
[AUTO TUNE]     [055: 29192.72]  time:2.064350e+00  MLUPS:060264  cache block size:78261kiB  reps:2  perf err:  3.3%
OMP: Info #277: omp_set_nested routine deprecated, please use omp_set_max_active_levels instead.
[AUTO TUNE]     [055: 28879.69]  time:3.433001e+00  MLUPS:099144  cache block size:78261kiB  reps:3  perf err:  1.1%
[AUTO TUNE]   Diamond width:24  [wavefronts #: pefromance (MLUPS/s)]
OMP: Info #277: omp_set_nested routine deprecated, please use omp_set_max_active_levels instead.
[AUTO TUNE]     [005: 18251.49]  time:1.384654e+00  MLUPS:025272  cache block size:24795kiB  reps:1  perf err: 100.0%
OMP: Info #277: omp_set_nested routine deprecated, please use omp_set_max_active_levels instead.
[AUTO TUNE]     [005: 17496.69]  time:4.110948e+00  MLUPS:071928  cache block size:24795kiB  reps:2  perf err:  4.3%
OMP: Info #277: omp_set_nested routine deprecated, please use omp_set_max_active_levels instead.
[AUTO TUNE]     [005: 17334.75]  time:6.840824e+00  MLUPS:118584  cache block size:24795kiB  reps:3  perf err:  0.9%
OMP: Info #277: omp_set_nested routine deprecated, please use omp_set_max_active_levels instead.
[AUTO TUNE]     [010: 24803.55]  time:1.018886e+00  MLUPS:025272  cache block size:31920kiB  reps:1  perf err: 100.0%
OMP: Info #277: omp_set_nested routine deprecated, please use omp_set_max_active_levels instead.
[AUTO TUNE]     [010: 23790.69]  time:3.023368e+00  MLUPS:071928  cache block size:31920kiB  reps:2  perf err:  4.3%
OMP: Info #277: omp_set_nested routine deprecated, please use omp_set_max_active_levels instead.
[AUTO TUNE]     [010: 23713.53]  time:5.000689e+00  MLUPS:118584  cache block size:31920kiB  reps:3  perf err:  0.3%
OMP: Info #277: omp_set_nested routine deprecated, please use omp_set_max_active_levels instead.
[AUTO TUNE]     [015: 26980.84]  time:9.366646e-01  MLUPS:025272  cache block size:39045kiB  reps:1  perf err: 100.0%
OMP: Info #277: omp_set_nested routine deprecated, please use omp_set_max_active_levels instead.
[AUTO TUNE]     [015: 25982.32]  time:2.768344e+00  MLUPS:071928  cache block size:39045kiB  reps:2  perf err:  3.8%
OMP: Info #277: omp_set_nested routine deprecated, please use omp_set_max_active_levels instead.
[AUTO TUNE]     [015: 26104.87]  time:4.542600e+00  MLUPS:118584  cache block size:39045kiB  reps:3  perf err:  0.5%
OMP: Info #277: omp_set_nested routine deprecated, please use omp_set_max_active_levels instead.
[AUTO TUNE]     [020: 28337.02]  time:8.918368e-01  MLUPS:025272  cache block size:46170kiB  reps:1  perf err: 100.0%
OMP: Info #277: omp_set_nested routine deprecated, please use omp_set_max_active_levels instead.
[AUTO TUNE]     [020: 27435.66]  time:2.621697e+00  MLUPS:071928  cache block size:46170kiB  reps:2  perf err:  3.3%
OMP: Info #277: omp_set_nested routine deprecated, please use omp_set_max_active_levels instead.
[AUTO TUNE]     [020: 27388.66]  time:4.329676e+00  MLUPS:118584  cache block size:46170kiB  reps:3  perf err:  0.2%
OMP: Info #277: omp_set_nested routine deprecated, please use omp_set_max_active_levels instead.
[AUTO TUNE]     [025: 29001.42]  time:8.714056e-01  MLUPS:025272  cache block size:53295kiB  reps:1  perf err: 100.0%
OMP: Info #277: omp_set_nested routine deprecated, please use omp_set_max_active_levels instead.
[AUTO TUNE]     [025: 28246.33]  time:2.546455e+00  MLUPS:071928  cache block size:53295kiB  reps:2  perf err:  2.7%
OMP: Info #277: omp_set_nested routine deprecated, please use omp_set_max_active_levels instead.
[AUTO TUNE]     [025: 26986.50]  time:4.394198e+00  MLUPS:118584  cache block size:53295kiB  reps:3  perf err:  4.7%
OMP: Info #277: omp_set_nested routine deprecated, please use omp_set_max_active_levels instead.
[AUTO TUNE]     [025: 28107.94]  time:5.878766e+00  MLUPS:165240  cache block size:53295kiB  reps:4  perf err:  4.0%
OMP: Info #277: omp_set_nested routine deprecated, please use omp_set_max_active_levels instead.
[AUTO TUNE]     [025: 27988.69]  time:7.570771e+00  MLUPS:211896  cache block size:53295kiB  reps:5  perf err:  0.4%
OMP: Info #277: omp_set_nested routine deprecated, please use omp_set_max_active_levels instead.
[AUTO TUNE]     [030: 29807.46]  time:8.478414e-01  MLUPS:025272  cache block size:60420kiB  reps:1  perf err: 100.0%
OMP: Info #277: omp_set_nested routine deprecated, please use omp_set_max_active_levels instead.
[AUTO TUNE]     [030: 28850.63]  time:2.493117e+00  MLUPS:071928  cache block size:60420kiB  reps:2  perf err:  3.3%
OMP: Info #277: omp_set_nested routine deprecated, please use omp_set_max_active_levels instead.
[AUTO TUNE]     [030: 28632.07]  time:4.141650e+00  MLUPS:118584  cache block size:60420kiB  reps:3  perf err:  0.8%
OMP: Info #277: omp_set_nested routine deprecated, please use omp_set_max_active_levels instead.
[AUTO TUNE]     [035: 30079.06]  time:8.401859e-01  MLUPS:025272  cache block size:67545kiB  reps:1  perf err: 100.0%
OMP: Info #277: omp_set_nested routine deprecated, please use omp_set_max_active_levels instead.
[AUTO TUNE]     [035: 29101.77]  time:2.471602e+00  MLUPS:071928  cache block size:67545kiB  reps:2  perf err:  3.4%
OMP: Info #277: omp_set_nested routine deprecated, please use omp_set_max_active_levels instead.
[AUTO TUNE]     [035: 28901.30]  time:4.103068e+00  MLUPS:118584  cache block size:67545kiB  reps:3  perf err:  0.7%
OMP: Info #277: omp_set_nested routine deprecated, please use omp_set_max_active_levels instead.
[AUTO TUNE]     [040: 29858.11]  time:8.464033e-01  MLUPS:025272  cache block size:74670kiB  reps:1  perf err: 100.0%
OMP: Info #277: omp_set_nested routine deprecated, please use omp_set_max_active_levels instead.
[AUTO TUNE]     [040: 29291.79]  time:2.455569e+00  MLUPS:071928  cache block size:74670kiB  reps:2  perf err:  1.9%
OMP: Info #277: omp_set_nested routine deprecated, please use omp_set_max_active_levels instead.
[AUTO TUNE]     [045: 30059.46]  time:8.407336e-01  MLUPS:025272  cache block size:81795kiB  reps:1  perf err: 100.0%
OMP: Info #277: omp_set_nested routine deprecated, please use omp_set_max_active_levels instead.
[AUTO TUNE]     [045: 29358.04]  time:2.450027e+00  MLUPS:071928  cache block size:81795kiB  reps:2  perf err:  2.4%
OMP: Info #277: omp_set_nested routine deprecated, please use omp_set_max_active_levels instead.
[AUTO TUNE]     [050: 30310.82]  time:8.337618e-01  MLUPS:025272  cache block size:88920kiB  reps:1  perf err: 100.0%
OMP: Info #277: omp_set_nested routine deprecated, please use omp_set_max_active_levels instead.
[AUTO TUNE]     [050: 28327.97]  time:2.539116e+00  MLUPS:071928  cache block size:88920kiB  reps:2  perf err:  7.0%
OMP: Info #277: omp_set_nested routine deprecated, please use omp_set_max_active_levels instead.
[AUTO TUNE]     [050: 29128.10]  time:4.071120e+00  MLUPS:118584  cache block size:88920kiB  reps:3  perf err:  2.7%
OMP: Info #277: omp_set_nested routine deprecated, please use omp_set_max_active_levels instead.
[AUTO TUNE]     [050: 28995.49]  time:5.698816e+00  MLUPS:165240  cache block size:88920kiB  reps:4  perf err:  0.5%
[AUTO TUNE]   Diamond width:36  [wavefronts #: pefromance (MLUPS/s)]
OMP: Info #277: omp_set_nested routine deprecated, please use omp_set_max_active_levels instead.
[AUTO TUNE]     [005: 18715.72]  time:1.973528e+00  MLUPS:036936  cache block size:49419kiB  reps:1  perf err: 100.0%
OMP: Info #277: omp_set_nested routine deprecated, please use omp_set_max_active_levels instead.
[AUTO TUNE]     [005: 18683.47]  time:5.722706e+00  MLUPS:106920  cache block size:49419kiB  reps:2  perf err:  0.2%
OMP: Info #277: omp_set_nested routine deprecated, please use omp_set_max_active_levels instead.
[AUTO TUNE]     [010: 24427.49]  time:1.512067e+00  MLUPS:036936  cache block size:59964kiB  reps:1  perf err: 100.0%
OMP: Info #277: omp_set_nested routine deprecated, please use omp_set_max_active_levels instead.
[AUTO TUNE]     [010: 24542.47]  time:4.356529e+00  MLUPS:106920  cache block size:59964kiB  reps:2  perf err:  0.5%
OMP: Info #277: omp_set_nested routine deprecated, please use omp_set_max_active_levels instead.
[AUTO TUNE]     [015: 26712.95]  time:1.382700e+00  MLUPS:036936  cache block size:70509kiB  reps:1  perf err: 100.0%
OMP: Info #277: omp_set_nested routine deprecated, please use omp_set_max_active_levels instead.
[AUTO TUNE]     [015: 26946.50]  time:3.967862e+00  MLUPS:106920  cache block size:70509kiB  reps:2  perf err:  0.9%
OMP: Info #277: omp_set_nested routine deprecated, please use omp_set_max_active_levels instead.
[AUTO TUNE]     [020: 27660.71]  time:1.335324e+00  MLUPS:036936  cache block size:81054kiB  reps:1  perf err: 100.0%
OMP: Info #277: omp_set_nested routine deprecated, please use omp_set_max_active_levels instead.
[AUTO TUNE]     [020: 27965.79]  time:3.823242e+00  MLUPS:106920  cache block size:81054kiB  reps:2  perf err:  1.1%
OMP: Info #277: omp_set_nested routine deprecated, please use omp_set_max_active_levels instead.
[AUTO TUNE]     [025: 28203.68]  time:1.309616e+00  MLUPS:036936  cache block size:91599kiB  reps:1  perf err: 100.0%
OMP: Info #277: omp_set_nested routine deprecated, please use omp_set_max_active_levels instead.
[AUTO TUNE]     [025: 28494.09]  time:3.752357e+00  MLUPS:106920  cache block size:91599kiB  reps:2  perf err:  1.0%
OMP: Info #277: omp_set_nested routine deprecated, please use omp_set_max_active_levels instead.
[AUTO TUNE]     [030: 28493.33]  time:1.296304e+00  MLUPS:036936  cache block size:102144kiB  reps:1  perf err: 100.0%
OMP: Info #277: omp_set_nested routine deprecated, please use omp_set_max_active_levels instead.
[AUTO TUNE]     [030: 28815.75]  time:3.710471e+00  MLUPS:106920  cache block size:102144kiB  reps:2  perf err:  1.1%
OMP: Info #277: omp_set_nested routine deprecated, please use omp_set_max_active_levels instead.
[AUTO TUNE]     [035: 28439.59]  time:1.298753e+00  MLUPS:036936  cache block size:112689kiB  reps:1  perf err: 100.0%
OMP: Info #277: omp_set_nested routine deprecated, please use omp_set_max_active_levels instead.
[AUTO TUNE]     [035: 28670.18]  time:3.729310e+00  MLUPS:106920  cache block size:112689kiB  reps:2  perf err:  0.8%
[AUTO TUNE] COMPLETE tune case #12: Thread group size:10  thc:01  thx:02  thy:01  thz:05  t_dim:11  bs_z:45  perf:29358.04 MLUP/s

[AUTO TUNE] START tune case #13: Thread group size:10  thc:01  thx:01  thy:02  thz:05  Possilbe diam width: 4 8 12 20 24 36 40
[AUTO TUNE]   Diamond width:04  [wavefronts #: pefromance (MLUPS/s)]
OMP: Info #277: omp_set_nested routine deprecated, please use omp_set_max_active_levels instead.
[AUTO TUNE]     [005: 11079.14]  time:5.263949e-01  MLUPS:005832  cache block size:1995kiB  reps:1  perf err: 100.0%
OMP: Info #277: omp_set_nested routine deprecated, please use omp_set_max_active_levels instead.
[AUTO TUNE]     [005: 8643.96]  time:1.574279e+00  MLUPS:013608  cache block size:1995kiB  reps:2  perf err: 28.2%
OMP: Info #277: omp_set_nested routine deprecated, please use omp_set_max_active_levels instead.
[AUTO TUNE]     [005: 8202.92]  time:2.606876e+00  MLUPS:021384  cache block size:1995kiB  reps:3  perf err:  5.4%
OMP: Info #277: omp_set_nested routine deprecated, please use omp_set_max_active_levels instead.
[AUTO TUNE]     [005: 7965.08]  time:3.660980e+00  MLUPS:029160  cache block size:1995kiB  reps:4  perf err:  3.0%
OMP: Info #277: omp_set_nested routine deprecated, please use omp_set_max_active_levels instead.
[AUTO TUNE]     [005: 7786.37]  time:4.743671e+00  MLUPS:036936  cache block size:1995kiB  reps:5  perf err:  2.3%
OMP: Info #277: omp_set_nested routine deprecated, please use omp_set_max_active_levels instead.
[AUTO TUNE]     [010: 13203.71]  time:4.416942e-01  MLUPS:005832  cache block size:3420kiB  reps:1  perf err: 100.0%
OMP: Info #277: omp_set_nested routine deprecated, please use omp_set_max_active_levels instead.
[AUTO TUNE]     [010: 10451.91]  time:1.301963e+00  MLUPS:013608  cache block size:3420kiB  reps:2  perf err: 26.3%
OMP: Info #277: omp_set_nested routine deprecated, please use omp_set_max_active_levels instead.
[AUTO TUNE]     [010: 9829.74]  time:2.175439e+00  MLUPS:021384  cache block size:3420kiB  reps:3  perf err:  6.3%
OMP: Info #277: omp_set_nested routine deprecated, please use omp_set_max_active_levels instead.
[AUTO TUNE]     [010: 9556.09]  time:3.051456e+00  MLUPS:029160  cache block size:3420kiB  reps:4  perf err:  2.9%
OMP: Info #277: omp_set_nested routine deprecated, please use omp_set_max_active_levels instead.
[AUTO TUNE]     [010: 9383.93]  time:3.936092e+00  MLUPS:036936  cache block size:3420kiB  reps:5  perf err:  1.8%
OMP: Info #277: omp_set_nested routine deprecated, please use omp_set_max_active_levels instead.
[AUTO TUNE]     [015: 14101.07]  time:4.135858e-01  MLUPS:005832  cache block size:4845kiB  reps:1  perf err: 100.0%
OMP: Info #277: omp_set_nested routine deprecated, please use omp_set_max_active_levels instead.
[AUTO TUNE]     [015: 11007.57]  time:1.236241e+00  MLUPS:013608  cache block size:4845kiB  reps:2  perf err: 28.1%
OMP: Info #277: omp_set_nested routine deprecated, please use omp_set_max_active_levels instead.
[AUTO TUNE]     [015: 10446.41]  time:2.047019e+00  MLUPS:021384  cache block size:4845kiB  reps:3  perf err:  5.4%
OMP: Info #277: omp_set_nested routine deprecated, please use omp_set_max_active_levels instead.
[AUTO TUNE]     [015: 10163.48]  time:2.869096e+00  MLUPS:029160  cache block size:4845kiB  reps:4  perf err:  2.8%
OMP: Info #277: omp_set_nested routine deprecated, please use omp_set_max_active_levels instead.
[AUTO TUNE]     [015: 10024.87]  time:3.684436e+00  MLUPS:036936  cache block size:4845kiB  reps:5  perf err:  1.4%
OMP: Info #277: omp_set_nested routine deprecated, please use omp_set_max_active_levels instead.
[AUTO TUNE]     [020: 13881.16]  time:4.201379e-01  MLUPS:005832  cache block size:6270kiB  reps:1  perf err: 100.0%
OMP: Info #277: omp_set_nested routine deprecated, please use omp_set_max_active_levels instead.
[AUTO TUNE]     [020: 10934.07]  time:1.244551e+00  MLUPS:013608  cache block size:6270kiB  reps:2  perf err: 27.0%
OMP: Info #277: omp_set_nested routine deprecated, please use omp_set_max_active_levels instead.
[AUTO TUNE]     [020: 10440.57]  time:2.048163e+00  MLUPS:021384  cache block size:6270kiB  reps:3  perf err:  4.7%
OMP: Info #277: omp_set_nested routine deprecated, please use omp_set_max_active_levels instead.
[AUTO TUNE]     [020: 10219.06]  time:2.853491e+00  MLUPS:029160  cache block size:6270kiB  reps:4  perf err:  2.2%
OMP: Info #277: omp_set_nested routine deprecated, please use omp_set_max_active_levels instead.
[AUTO TUNE]     [025: 14852.73]  time:3.926551e-01  MLUPS:005832  cache block size:7695kiB  reps:1  perf err: 100.0%
OMP: Info #277: omp_set_nested routine deprecated, please use omp_set_max_active_levels instead.
[AUTO TUNE]     [025: 11400.67]  time:1.193614e+00  MLUPS:013608  cache block size:7695kiB  reps:2  perf err: 30.3%
OMP: Info #277: omp_set_nested routine deprecated, please use omp_set_max_active_levels instead.
[AUTO TUNE]     [025: 10938.24]  time:1.954976e+00  MLUPS:021384  cache block size:7695kiB  reps:3  perf err:  4.2%
OMP: Info #277: omp_set_nested routine deprecated, please use omp_set_max_active_levels instead.
[AUTO TUNE]     [025: 10672.66]  time:2.732216e+00  MLUPS:029160  cache block size:7695kiB  reps:4  perf err:  2.5%
OMP: Info #277: omp_set_nested routine deprecated, please use omp_set_max_active_levels instead.
[AUTO TUNE]     [030: 14537.01]  time:4.011830e-01  MLUPS:005832  cache block size:9120kiB  reps:1  perf err: 100.0%
OMP: Info #277: omp_set_nested routine deprecated, please use omp_set_max_active_levels instead.
[AUTO TUNE]     [030: 11525.08]  time:1.180729e+00  MLUPS:013608  cache block size:9120kiB  reps:2  perf err: 26.1%
OMP: Info #277: omp_set_nested routine deprecated, please use omp_set_max_active_levels instead.
[AUTO TUNE]     [030: 10911.22]  time:1.959818e+00  MLUPS:021384  cache block size:9120kiB  reps:3  perf err:  5.6%
OMP: Info #277: omp_set_nested routine deprecated, please use omp_set_max_active_levels instead.
[AUTO TUNE]     [030: 10659.97]  time:2.735466e+00  MLUPS:029160  cache block size:9120kiB  reps:4  perf err:  2.4%
[AUTO TUNE]   Diamond width:08  [wavefronts #: pefromance (MLUPS/s)]
OMP: Info #277: omp_set_nested routine deprecated, please use omp_set_max_active_levels instead.
[AUTO TUNE]     [005: 17251.11]  time:5.634421e-01  MLUPS:009720  cache block size:4731kiB  reps:1  perf err: 100.0%
OMP: Info #277: omp_set_nested routine deprecated, please use omp_set_max_active_levels instead.
[AUTO TUNE]     [005: 14990.93]  time:1.685820e+00  MLUPS:025272  cache block size:4731kiB  reps:2  perf err: 15.1%
OMP: Info #277: omp_set_nested routine deprecated, please use omp_set_max_active_levels instead.
[AUTO TUNE]     [005: 14523.38]  time:2.810916e+00  MLUPS:040824  cache block size:4731kiB  reps:3  perf err:  3.2%
OMP: Info #277: omp_set_nested routine deprecated, please use omp_set_max_active_levels instead.
[AUTO TUNE]     [005: 14406.74]  time:3.913168e+00  MLUPS:056376  cache block size:4731kiB  reps:4  perf err:  0.8%
OMP: Info #277: omp_set_nested routine deprecated, please use omp_set_max_active_levels instead.
[AUTO TUNE]     [010: 21501.03]  time:4.520714e-01  MLUPS:009720  cache block size:7296kiB  reps:1  perf err: 100.0%
OMP: Info #277: omp_set_nested routine deprecated, please use omp_set_max_active_levels instead.
[AUTO TUNE]     [010: 18822.48]  time:1.342650e+00  MLUPS:025272  cache block size:7296kiB  reps:2  perf err: 14.2%
OMP: Info #277: omp_set_nested routine deprecated, please use omp_set_max_active_levels instead.
[AUTO TUNE]     [010: 18242.42]  time:2.237861e+00  MLUPS:040824  cache block size:7296kiB  reps:3  perf err:  3.2%
OMP: Info #277: omp_set_nested routine deprecated, please use omp_set_max_active_levels instead.
[AUTO TUNE]     [010: 18021.07]  time:3.128339e+00  MLUPS:056376  cache block size:7296kiB  reps:4  perf err:  1.2%
OMP: Info #277: omp_set_nested routine deprecated, please use omp_set_max_active_levels instead.
[AUTO TUNE]     [015: 23437.04]  time:4.147281e-01  MLUPS:009720  cache block size:9861kiB  reps:1  perf err: 100.0%
OMP: Info #277: omp_set_nested routine deprecated, please use omp_set_max_active_levels instead.
[AUTO TUNE]     [015: 20394.43]  time:1.239162e+00  MLUPS:025272  cache block size:9861kiB  reps:2  perf err: 14.9%
OMP: Info #277: omp_set_nested routine deprecated, please use omp_set_max_active_levels instead.
[AUTO TUNE]     [015: 20204.22]  time:2.020568e+00  MLUPS:040824  cache block size:9861kiB  reps:3  perf err:  0.9%
OMP: Info #277: omp_set_nested routine deprecated, please use omp_set_max_active_levels instead.
[AUTO TUNE]     [020: 24222.48]  time:4.012801e-01  MLUPS:009720  cache block size:12426kiB  reps:1  perf err: 100.0%
OMP: Info #277: omp_set_nested routine deprecated, please use omp_set_max_active_levels instead.
[AUTO TUNE]     [020: 21227.57]  time:1.190527e+00  MLUPS:025272  cache block size:12426kiB  reps:2  perf err: 14.1%
OMP: Info #277: omp_set_nested routine deprecated, please use omp_set_max_active_levels instead.
[AUTO TUNE]     [020: 20526.24]  time:1.988869e+00  MLUPS:040824  cache block size:12426kiB  reps:3  perf err:  3.4%
OMP: Info #277: omp_set_nested routine deprecated, please use omp_set_max_active_levels instead.
[AUTO TUNE]     [020: 20264.64]  time:2.781989e+00  MLUPS:056376  cache block size:12426kiB  reps:4  perf err:  1.3%
OMP: Info #277: omp_set_nested routine deprecated, please use omp_set_max_active_levels instead.
[AUTO TUNE]     [025: 25921.28]  time:3.749815e-01  MLUPS:009720  cache block size:14991kiB  reps:1  perf err: 100.0%
OMP: Info #277: omp_set_nested routine deprecated, please use omp_set_max_active_levels instead.
[AUTO TUNE]     [025: 22695.17]  time:1.113541e+00  MLUPS:025272  cache block size:14991kiB  reps:2  perf err: 14.2%
OMP: Info #277: omp_set_nested routine deprecated, please use omp_set_max_active_levels instead.
[AUTO TUNE]     [025: 22048.17]  time:1.851583e+00  MLUPS:040824  cache block size:14991kiB  reps:3  perf err:  2.9%
OMP: Info #277: omp_set_nested routine deprecated, please use omp_set_max_active_levels instead.
[AUTO TUNE]     [025: 21880.33]  time:2.576561e+00  MLUPS:056376  cache block size:14991kiB  reps:4  perf err:  0.8%
OMP: Info #277: omp_set_nested routine deprecated, please use omp_set_max_active_levels instead.
[AUTO TUNE]     [030: 26878.84]  time:3.616228e-01  MLUPS:009720  cache block size:17556kiB  reps:1  perf err: 100.0%
OMP: Info #277: omp_set_nested routine deprecated, please use omp_set_max_active_levels instead.
[AUTO TUNE]     [030: 23632.24]  time:1.069387e+00  MLUPS:025272  cache block size:17556kiB  reps:2  perf err: 13.7%
OMP: Info #277: omp_set_nested routine deprecated, please use omp_set_max_active_levels instead.
[AUTO TUNE]     [030: 23021.88]  time:1.773270e+00  MLUPS:040824  cache block size:17556kiB  reps:3  perf err:  2.7%
OMP: Info #277: omp_set_nested routine deprecated, please use omp_set_max_active_levels instead.
[AUTO TUNE]     [030: 22779.54]  time:2.474852e+00  MLUPS:056376  cache block size:17556kiB  reps:4  perf err:  1.1%
OMP: Info #277: omp_set_nested routine deprecated, please use omp_set_max_active_levels instead.
[AUTO TUNE]     [035: 27924.90]  time:3.480764e-01  MLUPS:009720  cache block size:20121kiB  reps:1  perf err: 100.0%
OMP: Info #277: omp_set_nested routine deprecated, please use omp_set_max_active_levels instead.
[AUTO TUNE]     [035: 24455.05]  time:1.033406e+00  MLUPS:025272  cache block size:20121kiB  reps:2  perf err: 14.2%
OMP: Info #277: omp_set_nested routine deprecated, please use omp_set_max_active_levels instead.
[AUTO TUNE]     [035: 23440.52]  time:1.741600e+00  MLUPS:040824  cache block size:20121kiB  reps:3  perf err:  4.3%
OMP: Info #277: omp_set_nested routine deprecated, please use omp_set_max_active_levels instead.
[AUTO TUNE]     [035: 23379.98]  time:2.411293e+00  MLUPS:056376  cache block size:20121kiB  reps:4  perf err:  0.3%
OMP: Info #277: omp_set_nested routine deprecated, please use omp_set_max_active_levels instead.
[AUTO TUNE]     [040: 27465.48]  time:3.538987e-01  MLUPS:009720  cache block size:22686kiB  reps:1  perf err: 100.0%
OMP: Info #277: omp_set_nested routine deprecated, please use omp_set_max_active_levels instead.
[AUTO TUNE]     [040: 25036.11]  time:1.009422e+00  MLUPS:025272  cache block size:22686kiB  reps:2  perf err:  9.7%
OMP: Info #277: omp_set_nested routine deprecated, please use omp_set_max_active_levels instead.
[AUTO TUNE]     [040: 24015.80]  time:1.699881e+00  MLUPS:040824  cache block size:22686kiB  reps:3  perf err:  4.2%
OMP: Info #277: omp_set_nested routine deprecated, please use omp_set_max_active_levels instead.
[AUTO TUNE]     [040: 23900.07]  time:2.358821e+00  MLUPS:056376  cache block size:22686kiB  reps:4  perf err:  0.5%
OMP: Info #277: omp_set_nested routine deprecated, please use omp_set_max_active_levels instead.
[AUTO TUNE]     [045: 28390.69]  time:3.423657e-01  MLUPS:009720  cache block size:25251kiB  reps:1  perf err: 100.0%
OMP: Info #277: omp_set_nested routine deprecated, please use omp_set_max_active_levels instead.
[AUTO TUNE]     [045: 25115.05]  time:1.006249e+00  MLUPS:025272  cache block size:25251kiB  reps:2  perf err: 13.0%
OMP: Info #277: omp_set_nested routine deprecated, please use omp_set_max_active_levels instead.
[AUTO TUNE]     [045: 24258.18]  time:1.682897e+00  MLUPS:040824  cache block size:25251kiB  reps:3  perf err:  3.5%
OMP: Info #277: omp_set_nested routine deprecated, please use omp_set_max_active_levels instead.
[AUTO TUNE]     [045: 23970.43]  time:2.351898e+00  MLUPS:056376  cache block size:25251kiB  reps:4  perf err:  1.2%
OMP: Info #277: omp_set_nested routine deprecated, please use omp_set_max_active_levels instead.
[AUTO TUNE]     [050: 28563.57]  time:3.402936e-01  MLUPS:009720  cache block size:27816kiB  reps:1  perf err: 100.0%
OMP: Info #277: omp_set_nested routine deprecated, please use omp_set_max_active_levels instead.
[AUTO TUNE]     [050: 25205.89]  time:1.002623e+00  MLUPS:025272  cache block size:27816kiB  reps:2  perf err: 13.3%
OMP: Info #277: omp_set_nested routine deprecated, please use omp_set_max_active_levels instead.
[AUTO TUNE]     [050: 24137.58]  time:1.691305e+00  MLUPS:040824  cache block size:27816kiB  reps:3  perf err:  4.4%
OMP: Info #277: omp_set_nested routine deprecated, please use omp_set_max_active_levels instead.
[AUTO TUNE]     [050: 24290.45]  time:2.320912e+00  MLUPS:056376  cache block size:27816kiB  reps:4  perf err:  0.6%
OMP: Info #277: omp_set_nested routine deprecated, please use omp_set_max_active_levels instead.
[AUTO TUNE]     [055: 28670.33]  time:3.390265e-01  MLUPS:009720  cache block size:30381kiB  reps:1  perf err: 100.0%
OMP: Info #277: omp_set_nested routine deprecated, please use omp_set_max_active_levels instead.
[AUTO TUNE]     [055: 24999.94]  time:1.010882e+00  MLUPS:025272  cache block size:30381kiB  reps:2  perf err: 14.7%
OMP: Info #277: omp_set_nested routine deprecated, please use omp_set_max_active_levels instead.
[AUTO TUNE]     [055: 24473.71]  time:1.668076e+00  MLUPS:040824  cache block size:30381kiB  reps:3  perf err:  2.2%
OMP: Info #277: omp_set_nested routine deprecated, please use omp_set_max_active_levels instead.
[AUTO TUNE]     [060: 28764.20]  time:3.379201e-01  MLUPS:009720  cache block size:32946kiB  reps:1  perf err: 100.0%
OMP: Info #277: omp_set_nested routine deprecated, please use omp_set_max_active_levels instead.
[AUTO TUNE]     [060: 25214.59]  time:1.002277e+00  MLUPS:025272  cache block size:32946kiB  reps:2  perf err: 14.1%
OMP: Info #277: omp_set_nested routine deprecated, please use omp_set_max_active_levels instead.
[AUTO TUNE]     [060: 24528.87]  time:1.664324e+00  MLUPS:040824  cache block size:32946kiB  reps:3  perf err:  2.8%
OMP: Info #277: omp_set_nested routine deprecated, please use omp_set_max_active_levels instead.
[AUTO TUNE]     [060: 24401.44]  time:2.310356e+00  MLUPS:056376  cache block size:32946kiB  reps:4  perf err:  0.5%
[AUTO TUNE]   Diamond width:12  [wavefronts #: pefromance (MLUPS/s)]
OMP: Info #277: omp_set_nested routine deprecated, please use omp_set_max_active_levels instead.
[AUTO TUNE]     [005: 20261.04]  time:6.716340e-01  MLUPS:013608  cache block size:8379kiB  reps:1  perf err: 100.0%
OMP: Info #277: omp_set_nested routine deprecated, please use omp_set_max_active_levels instead.
[AUTO TUNE]     [005: 18648.63]  time:1.980628e+00  MLUPS:036936  cache block size:8379kiB  reps:2  perf err:  8.6%
OMP: Info #277: omp_set_nested routine deprecated, please use omp_set_max_active_levels instead.
[AUTO TUNE]     [005: 18290.59]  time:3.294808e+00  MLUPS:060264  cache block size:8379kiB  reps:3  perf err:  2.0%
OMP: Info #277: omp_set_nested routine deprecated, please use omp_set_max_active_levels instead.
[AUTO TUNE]     [010: 26853.45]  time:5.067504e-01  MLUPS:013608  cache block size:12084kiB  reps:1  perf err: 100.0%
OMP: Info #277: omp_set_nested routine deprecated, please use omp_set_max_active_levels instead.
[AUTO TUNE]     [010: 24839.17]  time:1.487006e+00  MLUPS:036936  cache block size:12084kiB  reps:2  perf err:  8.1%
OMP: Info #277: omp_set_nested routine deprecated, please use omp_set_max_active_levels instead.
[AUTO TUNE]     [010: 24070.98]  time:2.503595e+00  MLUPS:060264  cache block size:12084kiB  reps:3  perf err:  3.2%
OMP: Info #277: omp_set_nested routine deprecated, please use omp_set_max_active_levels instead.
[AUTO TUNE]     [010: 24188.06]  time:3.455920e+00  MLUPS:083592  cache block size:12084kiB  reps:4  perf err:  0.5%
OMP: Info #277: omp_set_nested routine deprecated, please use omp_set_max_active_levels instead.
[AUTO TUNE]     [015: 29751.99]  time:4.573811e-01  MLUPS:013608  cache block size:15789kiB  reps:1  perf err: 100.0%
OMP: Info #277: omp_set_nested routine deprecated, please use omp_set_max_active_levels instead.
[AUTO TUNE]     [015: 27387.04]  time:1.348667e+00  MLUPS:036936  cache block size:15789kiB  reps:2  perf err:  8.6%
OMP: Info #277: omp_set_nested routine deprecated, please use omp_set_max_active_levels instead.
[AUTO TUNE]     [015: 26901.09]  time:2.240206e+00  MLUPS:060264  cache block size:15789kiB  reps:3  perf err:  1.8%
OMP: Info #277: omp_set_nested routine deprecated, please use omp_set_max_active_levels instead.
[AUTO TUNE]     [020: 30278.77]  time:4.494238e-01  MLUPS:013608  cache block size:19494kiB  reps:1  perf err: 100.0%
OMP: Info #277: omp_set_nested routine deprecated, please use omp_set_max_active_levels instead.
[AUTO TUNE]     [020: 28015.51]  time:1.318413e+00  MLUPS:036936  cache block size:19494kiB  reps:2  perf err:  8.1%
OMP: Info #277: omp_set_nested routine deprecated, please use omp_set_max_active_levels instead.
[AUTO TUNE]     [020: 27680.24]  time:2.177148e+00  MLUPS:060264  cache block size:19494kiB  reps:3  perf err:  1.2%
OMP: Info #277: omp_set_nested routine deprecated, please use omp_set_max_active_levels instead.
[AUTO TUNE]     [025: 31715.74]  time:4.290614e-01  MLUPS:013608  cache block size:23199kiB  reps:1  perf err: 100.0%
OMP: Info #277: omp_set_nested routine deprecated, please use omp_set_max_active_levels instead.
[AUTO TUNE]     [025: 29507.97]  time:1.251730e+00  MLUPS:036936  cache block size:23199kiB  reps:2  perf err:  7.5%
OMP: Info #277: omp_set_nested routine deprecated, please use omp_set_max_active_levels instead.
[AUTO TUNE]     [025: 28989.19]  time:2.078844e+00  MLUPS:060264  cache block size:23199kiB  reps:3  perf err:  1.8%
OMP: Info #277: omp_set_nested routine deprecated, please use omp_set_max_active_levels instead.
[AUTO TUNE]     [030: 32322.63]  time:4.210053e-01  MLUPS:013608  cache block size:26904kiB  reps:1  perf err: 100.0%
OMP: Info #277: omp_set_nested routine deprecated, please use omp_set_max_active_levels instead.
[AUTO TUNE]     [030: 30049.35]  time:1.229178e+00  MLUPS:036936  cache block size:26904kiB  reps:2  perf err:  7.6%
OMP: Info #277: omp_set_nested routine deprecated, please use omp_set_max_active_levels instead.
[AUTO TUNE]     [030: 29448.82]  time:2.046397e+00  MLUPS:060264  cache block size:26904kiB  reps:3  perf err:  2.0%
OMP: Info #277: omp_set_nested routine deprecated, please use omp_set_max_active_levels instead.
[AUTO TUNE]     [035: 33122.80]  time:4.108348e-01  MLUPS:013608  cache block size:30609kiB  reps:1  perf err: 100.0%
OMP: Info #277: omp_set_nested routine deprecated, please use omp_set_max_active_levels instead.
[AUTO TUNE]     [035: 30787.18]  time:1.199720e+00  MLUPS:036936  cache block size:30609kiB  reps:2  perf err:  7.6%
OMP: Info #277: omp_set_nested routine deprecated, please use omp_set_max_active_levels instead.
[AUTO TUNE]     [035: 30279.53]  time:1.990256e+00  MLUPS:060264  cache block size:30609kiB  reps:3  perf err:  1.7%
OMP: Info #277: omp_set_nested routine deprecated, please use omp_set_max_active_levels instead.
[AUTO TUNE]     [040: 33692.79]  time:4.038847e-01  MLUPS:013608  cache block size:34314kiB  reps:1  perf err: 100.0%
OMP: Info #277: omp_set_nested routine deprecated, please use omp_set_max_active_levels instead.
[AUTO TUNE]     [040: 31375.99]  time:1.177206e+00  MLUPS:036936  cache block size:34314kiB  reps:2  perf err:  7.4%
OMP: Info #277: omp_set_nested routine deprecated, please use omp_set_max_active_levels instead.
[AUTO TUNE]     [040: 30546.36]  time:1.972870e+00  MLUPS:060264  cache block size:34314kiB  reps:3  perf err:  2.7%
OMP: Info #277: omp_set_nested routine deprecated, please use omp_set_max_active_levels instead.
[AUTO TUNE]     [040: 30577.46]  time:2.733778e+00  MLUPS:083592  cache block size:34314kiB  reps:4  perf err:  0.1%
OMP: Info #277: omp_set_nested routine deprecated, please use omp_set_max_active_levels instead.
[AUTO TUNE]     [045: 34336.50]  time:3.963129e-01  MLUPS:013608  cache block size:38019kiB  reps:1  perf err: 100.0%
OMP: Info #277: omp_set_nested routine deprecated, please use omp_set_max_active_levels instead.
[AUTO TUNE]     [045: 31726.40]  time:1.164204e+00  MLUPS:036936  cache block size:38019kiB  reps:2  perf err:  8.2%
OMP: Info #277: omp_set_nested routine deprecated, please use omp_set_max_active_levels instead.
[AUTO TUNE]     [045: 31618.86]  time:1.905951e+00  MLUPS:060264  cache block size:38019kiB  reps:3  perf err:  0.3%
OMP: Info #277: omp_set_nested routine deprecated, please use omp_set_max_active_levels instead.
[AUTO TUNE]     [050: 34917.41]  time:3.897196e-01  MLUPS:013608  cache block size:41724kiB  reps:1  perf err: 100.0%
OMP: Info #277: omp_set_nested routine deprecated, please use omp_set_max_active_levels instead.
[AUTO TUNE]     [050: 32603.81]  time:1.132874e+00  MLUPS:036936  cache block size:41724kiB  reps:2  perf err:  7.1%
OMP: Info #277: omp_set_nested routine deprecated, please use omp_set_max_active_levels instead.
[AUTO TUNE]     [050: 32122.92]  time:1.876044e+00  MLUPS:060264  cache block size:41724kiB  reps:3  perf err:  1.5%
OMP: Info #277: omp_set_nested routine deprecated, please use omp_set_max_active_levels instead.
[AUTO TUNE]     [055: 35226.28]  time:3.863025e-01  MLUPS:013608  cache block size:45429kiB  reps:1  perf err: 100.0%
OMP: Info #277: omp_set_nested routine deprecated, please use omp_set_max_active_levels instead.
[AUTO TUNE]     [055: 32782.52]  time:1.126698e+00  MLUPS:036936  cache block size:45429kiB  reps:2  perf err:  7.5%
OMP: Info #277: omp_set_nested routine deprecated, please use omp_set_max_active_levels instead.
[AUTO TUNE]     [055: 32075.31]  time:1.878828e+00  MLUPS:060264  cache block size:45429kiB  reps:3  perf err:  2.2%
[AUTO TUNE]   Diamond width:20  [wavefronts #: pefromance (MLUPS/s)]
OMP: Info #277: omp_set_nested routine deprecated, please use omp_set_max_active_levels instead.
[AUTO TUNE]     [005: 23800.67]  time:8.984621e-01  MLUPS:021384  cache block size:18411kiB  reps:1  perf err: 100.0%
OMP: Info #277: omp_set_nested routine deprecated, please use omp_set_max_active_levels instead.
[AUTO TUNE]     [005: 22728.27]  time:2.651500e+00  MLUPS:060264  cache block size:18411kiB  reps:2  perf err:  4.7%
OMP: Info #277: omp_set_nested routine deprecated, please use omp_set_max_active_levels instead.
[AUTO TUNE]     [005: 22478.70]  time:4.410575e+00  MLUPS:099144  cache block size:18411kiB  reps:3  perf err:  1.1%
OMP: Info #277: omp_set_nested routine deprecated, please use omp_set_max_active_levels instead.
[AUTO TUNE]     [010: 32412.61]  time:6.597432e-01  MLUPS:021384  cache block size:24396kiB  reps:1  perf err: 100.0%
OMP: Info #277: omp_set_nested routine deprecated, please use omp_set_max_active_levels instead.
[AUTO TUNE]     [010: 30720.18]  time:1.961707e+00  MLUPS:060264  cache block size:24396kiB  reps:2  perf err:  5.5%
OMP: Info #277: omp_set_nested routine deprecated, please use omp_set_max_active_levels instead.
[AUTO TUNE]     [010: 30512.50]  time:3.249292e+00  MLUPS:099144  cache block size:24396kiB  reps:3  perf err:  0.7%
OMP: Info #277: omp_set_nested routine deprecated, please use omp_set_max_active_levels instead.
[AUTO TUNE]     [015: 34300.59]  time:6.234295e-01  MLUPS:021384  cache block size:30381kiB  reps:1  perf err: 100.0%
OMP: Info #277: omp_set_nested routine deprecated, please use omp_set_max_active_levels instead.
[AUTO TUNE]     [015: 32903.20]  time:1.831554e+00  MLUPS:060264  cache block size:30381kiB  reps:2  perf err:  4.2%
OMP: Info #277: omp_set_nested routine deprecated, please use omp_set_max_active_levels instead.
[AUTO TUNE]     [015: 32542.20]  time:3.046629e+00  MLUPS:099144  cache block size:30381kiB  reps:3  perf err:  1.1%
OMP: Info #277: omp_set_nested routine deprecated, please use omp_set_max_active_levels instead.
[AUTO TUNE]     [020: 35490.71]  time:6.025239e-01  MLUPS:021384  cache block size:36366kiB  reps:1  perf err: 100.0%
OMP: Info #277: omp_set_nested routine deprecated, please use omp_set_max_active_levels instead.
[AUTO TUNE]     [020: 32857.31]  time:1.834112e+00  MLUPS:060264  cache block size:36366kiB  reps:2  perf err:  8.0%
OMP: Info #277: omp_set_nested routine deprecated, please use omp_set_max_active_levels instead.
[AUTO TUNE]     [020: 33330.71]  time:2.974554e+00  MLUPS:099144  cache block size:36366kiB  reps:3  perf err:  1.4%
OMP: Info #277: omp_set_nested routine deprecated, please use omp_set_max_active_levels instead.
[AUTO TUNE]     [025: 35603.69]  time:6.006119e-01  MLUPS:021384  cache block size:42351kiB  reps:1  perf err: 100.0%
OMP: Info #277: omp_set_nested routine deprecated, please use omp_set_max_active_levels instead.
[AUTO TUNE]     [025: 34305.68]  time:1.756677e+00  MLUPS:060264  cache block size:42351kiB  reps:2  perf err:  3.8%
OMP: Info #277: omp_set_nested routine deprecated, please use omp_set_max_active_levels instead.
[AUTO TUNE]     [025: 34018.41]  time:2.914422e+00  MLUPS:099144  cache block size:42351kiB  reps:3  perf err:  0.8%
OMP: Info #277: omp_set_nested routine deprecated, please use omp_set_max_active_levels instead.
[AUTO TUNE]     [030: 35603.83]  time:6.006095e-01  MLUPS:021384  cache block size:48336kiB  reps:1  perf err: 100.0%
OMP: Info #277: omp_set_nested routine deprecated, please use omp_set_max_active_levels instead.
[AUTO TUNE]     [030: 34496.76]  time:1.746946e+00  MLUPS:060264  cache block size:48336kiB  reps:2  perf err:  3.2%
OMP: Info #277: omp_set_nested routine deprecated, please use omp_set_max_active_levels instead.
[AUTO TUNE]     [030: 34352.68]  time:2.886063e+00  MLUPS:099144  cache block size:48336kiB  reps:3  perf err:  0.4%
OMP: Info #277: omp_set_nested routine deprecated, please use omp_set_max_active_levels instead.
[AUTO TUNE]     [035: 36453.04]  time:5.866178e-01  MLUPS:021384  cache block size:54321kiB  reps:1  perf err: 100.0%
OMP: Info #277: omp_set_nested routine deprecated, please use omp_set_max_active_levels instead.
[AUTO TUNE]     [035: 35022.00]  time:1.720747e+00  MLUPS:060264  cache block size:54321kiB  reps:2  perf err:  4.1%
OMP: Info #277: omp_set_nested routine deprecated, please use omp_set_max_active_levels instead.
[AUTO TUNE]     [035: 34696.12]  time:2.857495e+00  MLUPS:099144  cache block size:54321kiB  reps:3  perf err:  0.9%
OMP: Info #277: omp_set_nested routine deprecated, please use omp_set_max_active_levels instead.
[AUTO TUNE]     [040: 36875.04]  time:5.799044e-01  MLUPS:021384  cache block size:60306kiB  reps:1  perf err: 100.0%
OMP: Info #277: omp_set_nested routine deprecated, please use omp_set_max_active_levels instead.
[AUTO TUNE]     [040: 35703.25]  time:1.687913e+00  MLUPS:060264  cache block size:60306kiB  reps:2  perf err:  3.3%
OMP: Info #277: omp_set_nested routine deprecated, please use omp_set_max_active_levels instead.
[AUTO TUNE]     [040: 35473.20]  time:2.794899e+00  MLUPS:099144  cache block size:60306kiB  reps:3  perf err:  0.6%
OMP: Info #277: omp_set_nested routine deprecated, please use omp_set_max_active_levels instead.
[AUTO TUNE]     [045: 37059.88]  time:5.770121e-01  MLUPS:021384  cache block size:66291kiB  reps:1  perf err: 100.0%
OMP: Info #277: omp_set_nested routine deprecated, please use omp_set_max_active_levels instead.
[AUTO TUNE]     [045: 36264.42]  time:1.661794e+00  MLUPS:060264  cache block size:66291kiB  reps:2  perf err:  2.2%
OMP: Info #277: omp_set_nested routine deprecated, please use omp_set_max_active_levels instead.
[AUTO TUNE]     [050: 37585.92]  time:5.689365e-01  MLUPS:021384  cache block size:72276kiB  reps:1  perf err: 100.0%
OMP: Info #277: omp_set_nested routine deprecated, please use omp_set_max_active_levels instead.
[AUTO TUNE]     [050: 36422.56]  time:1.654579e+00  MLUPS:060264  cache block size:72276kiB  reps:2  perf err:  3.2%
OMP: Info #277: omp_set_nested routine deprecated, please use omp_set_max_active_levels instead.
[AUTO TUNE]     [050: 36152.41]  time:2.742390e+00  MLUPS:099144  cache block size:72276kiB  reps:3  perf err:  0.7%
[AUTO TUNE]   Diamond width:24  [wavefronts #: pefromance (MLUPS/s)]
OMP: Info #277: omp_set_nested routine deprecated, please use omp_set_max_active_levels instead.
[AUTO TUNE]     [005: 24959.59]  time:1.012517e+00  MLUPS:025272  cache block size:24795kiB  reps:1  perf err: 100.0%
OMP: Info #277: omp_set_nested routine deprecated, please use omp_set_max_active_levels instead.
[AUTO TUNE]     [005: 24091.17]  time:2.985659e+00  MLUPS:071928  cache block size:24795kiB  reps:2  perf err:  3.6%
OMP: Info #277: omp_set_nested routine deprecated, please use omp_set_max_active_levels instead.
[AUTO TUNE]     [005: 23839.90]  time:4.974182e+00  MLUPS:118584  cache block size:24795kiB  reps:3  perf err:  1.1%
OMP: Info #277: omp_set_nested routine deprecated, please use omp_set_max_active_levels instead.
[AUTO TUNE]     [010: 34028.47]  time:7.426722e-01  MLUPS:025272  cache block size:31920kiB  reps:1  perf err: 100.0%
OMP: Info #277: omp_set_nested routine deprecated, please use omp_set_max_active_levels instead.
[AUTO TUNE]     [010: 32823.62]  time:2.191349e+00  MLUPS:071928  cache block size:31920kiB  reps:2  perf err:  3.7%
OMP: Info #277: omp_set_nested routine deprecated, please use omp_set_max_active_levels instead.
[AUTO TUNE]     [010: 32413.64]  time:3.658460e+00  MLUPS:118584  cache block size:31920kiB  reps:3  perf err:  1.3%
OMP: Info #277: omp_set_nested routine deprecated, please use omp_set_max_active_levels instead.
[AUTO TUNE]     [015: 35545.86]  time:7.109689e-01  MLUPS:025272  cache block size:39045kiB  reps:1  perf err: 100.0%
OMP: Info #277: omp_set_nested routine deprecated, please use omp_set_max_active_levels instead.
[AUTO TUNE]     [015: 34689.20]  time:2.073498e+00  MLUPS:071928  cache block size:39045kiB  reps:2  perf err:  2.5%
OMP: Info #277: omp_set_nested routine deprecated, please use omp_set_max_active_levels instead.
[AUTO TUNE]     [020: 36470.99]  time:6.929344e-01  MLUPS:025272  cache block size:46170kiB  reps:1  perf err: 100.0%
OMP: Info #277: omp_set_nested routine deprecated, please use omp_set_max_active_levels instead.
[AUTO TUNE]     [020: 35317.49]  time:2.036611e+00  MLUPS:071928  cache block size:46170kiB  reps:2  perf err:  3.3%
OMP: Info #277: omp_set_nested routine deprecated, please use omp_set_max_active_levels instead.
[AUTO TUNE]     [020: 35399.56]  time:3.349872e+00  MLUPS:118584  cache block size:46170kiB  reps:3  perf err:  0.2%
OMP: Info #277: omp_set_nested routine deprecated, please use omp_set_max_active_levels instead.
[AUTO TUNE]     [025: 37209.90]  time:6.791740e-01  MLUPS:025272  cache block size:53295kiB  reps:1  perf err: 100.0%
OMP: Info #277: omp_set_nested routine deprecated, please use omp_set_max_active_levels instead.
[AUTO TUNE]     [025: 36102.46]  time:1.992329e+00  MLUPS:071928  cache block size:53295kiB  reps:2  perf err:  3.1%
OMP: Info #277: omp_set_nested routine deprecated, please use omp_set_max_active_levels instead.
[AUTO TUNE]     [025: 35444.69]  time:3.345607e+00  MLUPS:118584  cache block size:53295kiB  reps:3  perf err:  1.9%
OMP: Info #277: omp_set_nested routine deprecated, please use omp_set_max_active_levels instead.
[AUTO TUNE]     [030: 38076.54]  time:6.637158e-01  MLUPS:025272  cache block size:60420kiB  reps:1  perf err: 100.0%
OMP: Info #277: omp_set_nested routine deprecated, please use omp_set_max_active_levels instead.
[AUTO TUNE]     [030: 36177.69]  time:1.988187e+00  MLUPS:071928  cache block size:60420kiB  reps:2  perf err:  5.2%
OMP: Info #277: omp_set_nested routine deprecated, please use omp_set_max_active_levels instead.
[AUTO TUNE]     [030: 36077.18]  time:3.286953e+00  MLUPS:118584  cache block size:60420kiB  reps:3  perf err:  0.3%
OMP: Info #277: omp_set_nested routine deprecated, please use omp_set_max_active_levels instead.
[AUTO TUNE]     [035: 37949.24]  time:6.659422e-01  MLUPS:025272  cache block size:67545kiB  reps:1  perf err: 100.0%
OMP: Info #277: omp_set_nested routine deprecated, please use omp_set_max_active_levels instead.
[AUTO TUNE]     [035: 35951.12]  time:2.000717e+00  MLUPS:071928  cache block size:67545kiB  reps:2  perf err:  5.6%
OMP: Info #277: omp_set_nested routine deprecated, please use omp_set_max_active_levels instead.
[AUTO TUNE]     [035: 36301.19]  time:3.266670e+00  MLUPS:118584  cache block size:67545kiB  reps:3  perf err:  1.0%
OMP: Info #277: omp_set_nested routine deprecated, please use omp_set_max_active_levels instead.
[AUTO TUNE]     [040: 38009.14]  time:6.648928e-01  MLUPS:025272  cache block size:74670kiB  reps:1  perf err: 100.0%
OMP: Info #277: omp_set_nested routine deprecated, please use omp_set_max_active_levels instead.
[AUTO TUNE]     [040: 37032.71]  time:1.942283e+00  MLUPS:071928  cache block size:74670kiB  reps:2  perf err:  2.6%
OMP: Info #277: omp_set_nested routine deprecated, please use omp_set_max_active_levels instead.
[AUTO TUNE]     [040: 36667.26]  time:3.234057e+00  MLUPS:118584  cache block size:74670kiB  reps:3  perf err:  1.0%
OMP: Info #277: omp_set_nested routine deprecated, please use omp_set_max_active_levels instead.
[AUTO TUNE]     [045: 38531.17]  time:6.558846e-01  MLUPS:025272  cache block size:81795kiB  reps:1  perf err: 100.0%
OMP: Info #277: omp_set_nested routine deprecated, please use omp_set_max_active_levels instead.
[AUTO TUNE]     [045: 37016.49]  time:1.943134e+00  MLUPS:071928  cache block size:81795kiB  reps:2  perf err:  4.1%
OMP: Info #277: omp_set_nested routine deprecated, please use omp_set_max_active_levels instead.
[AUTO TUNE]     [045: 36935.52]  time:3.210568e+00  MLUPS:118584  cache block size:81795kiB  reps:3  perf err:  0.2%
OMP: Info #277: omp_set_nested routine deprecated, please use omp_set_max_active_levels instead.
[AUTO TUNE]     [050: 38599.06]  time:6.547309e-01  MLUPS:025272  cache block size:88920kiB  reps:1  perf err: 100.0%
OMP: Info #277: omp_set_nested routine deprecated, please use omp_set_max_active_levels instead.
[AUTO TUNE]     [050: 37260.61]  time:1.930403e+00  MLUPS:071928  cache block size:88920kiB  reps:2  perf err:  3.6%
OMP: Info #277: omp_set_nested routine deprecated, please use omp_set_max_active_levels instead.
[AUTO TUNE]     [050: 37152.11]  time:3.191851e+00  MLUPS:118584  cache block size:88920kiB  reps:3  perf err:  0.3%
OMP: Info #277: omp_set_nested routine deprecated, please use omp_set_max_active_levels instead.
[AUTO TUNE]     [055: 38720.43]  time:6.526787e-01  MLUPS:025272  cache block size:96045kiB  reps:1  perf err: 100.0%
OMP: Info #277: omp_set_nested routine deprecated, please use omp_set_max_active_levels instead.
[AUTO TUNE]     [055: 37453.79]  time:1.920446e+00  MLUPS:071928  cache block size:96045kiB  reps:2  perf err:  3.4%
OMP: Info #277: omp_set_nested routine deprecated, please use omp_set_max_active_levels instead.
[AUTO TUNE]     [055: 37328.29]  time:3.176786e+00  MLUPS:118584  cache block size:96045kiB  reps:3  perf err:  0.3%
OMP: Info #277: omp_set_nested routine deprecated, please use omp_set_max_active_levels instead.
[AUTO TUNE]     [060: 38774.77]  time:6.517640e-01  MLUPS:025272  cache block size:103170kiB  reps:1  perf err: 100.0%
OMP: Info #277: omp_set_nested routine deprecated, please use omp_set_max_active_levels instead.
[AUTO TUNE]     [060: 37490.87]  time:1.918547e+00  MLUPS:071928  cache block size:103170kiB  reps:2  perf err:  3.4%
OMP: Info #277: omp_set_nested routine deprecated, please use omp_set_max_active_levels instead.
[AUTO TUNE]     [060: 37359.97]  time:3.174092e+00  MLUPS:118584  cache block size:103170kiB  reps:3  perf err:  0.4%
OMP: Info #277: omp_set_nested routine deprecated, please use omp_set_max_active_levels instead.
[AUTO TUNE]     [065: 38478.28]  time:6.567860e-01  MLUPS:025272  cache block size:110295kiB  reps:1  perf err: 100.0%
OMP: Info #277: omp_set_nested routine deprecated, please use omp_set_max_active_levels instead.
[AUTO TUNE]     [065: 37624.95]  time:1.911710e+00  MLUPS:071928  cache block size:110295kiB  reps:2  perf err:  2.3%
OMP: Info #277: omp_set_nested routine deprecated, please use omp_set_max_active_levels instead.
[AUTO TUNE]     [070: 38213.56]  time:6.613360e-01  MLUPS:025272  cache block size:117420kiB  reps:1  perf err: 100.0%
OMP: Info #277: omp_set_nested routine deprecated, please use omp_set_max_active_levels instead.
[AUTO TUNE]     [070: 37365.12]  time:1.925004e+00  MLUPS:071928  cache block size:117420kiB  reps:2  perf err:  2.3%
[AUTO TUNE]   Diamond width:36  [wavefronts #: pefromance (MLUPS/s)]
OMP: Info #277: omp_set_nested routine deprecated, please use omp_set_max_active_levels instead.
[AUTO TUNE]     [005: 25839.86]  time:1.429419e+00  MLUPS:036936  cache block size:49419kiB  reps:1  perf err: 100.0%
OMP: Info #277: omp_set_nested routine deprecated, please use omp_set_max_active_levels instead.
[AUTO TUNE]     [005: 28037.42]  time:3.813475e+00  MLUPS:106920  cache block size:49419kiB  reps:2  perf err:  7.8%
OMP: Info #277: omp_set_nested routine deprecated, please use omp_set_max_active_levels instead.
[AUTO TUNE]     [005: 27665.86]  time:6.394307e+00  MLUPS:176904  cache block size:49419kiB  reps:3  perf err:  1.3%
OMP: Info #277: omp_set_nested routine deprecated, please use omp_set_max_active_levels instead.
[AUTO TUNE]     [010: 36375.15]  time:1.015418e+00  MLUPS:036936  cache block size:59964kiB  reps:1  perf err: 100.0%
OMP: Info #277: omp_set_nested routine deprecated, please use omp_set_max_active_levels instead.
[AUTO TUNE]     [010: 35976.89]  time:2.971907e+00  MLUPS:106920  cache block size:59964kiB  reps:2  perf err:  1.1%
OMP: Info #277: omp_set_nested routine deprecated, please use omp_set_max_active_levels instead.
[AUTO TUNE]     [015: 37076.90]  time:9.961999e-01  MLUPS:036936  cache block size:70509kiB  reps:1  perf err: 100.0%
OMP: Info #277: omp_set_nested routine deprecated, please use omp_set_max_active_levels instead.
[AUTO TUNE]     [015: 37368.00]  time:2.861272e+00  MLUPS:106920  cache block size:70509kiB  reps:2  perf err:  0.8%
OMP: Info #277: omp_set_nested routine deprecated, please use omp_set_max_active_levels instead.
[AUTO TUNE]     [020: 37401.20]  time:9.875619e-01  MLUPS:036936  cache block size:81054kiB  reps:1  perf err: 100.0%
OMP: Info #277: omp_set_nested routine deprecated, please use omp_set_max_active_levels instead.
[AUTO TUNE]     [020: 37742.91]  time:2.832850e+00  MLUPS:106920  cache block size:81054kiB  reps:2  perf err:  0.9%
OMP: Info #277: omp_set_nested routine deprecated, please use omp_set_max_active_levels instead.
[AUTO TUNE]     [025: 37684.86]  time:9.801282e-01  MLUPS:036936  cache block size:91599kiB  reps:1  perf err: 100.0%
OMP: Info #277: omp_set_nested routine deprecated, please use omp_set_max_active_levels instead.
[AUTO TUNE]     [025: 37760.43]  time:2.831536e+00  MLUPS:106920  cache block size:91599kiB  reps:2  perf err:  0.2%
OMP: Info #277: omp_set_nested routine deprecated, please use omp_set_max_active_levels instead.
[AUTO TUNE]     [030: 37824.84]  time:9.765011e-01  MLUPS:036936  cache block size:102144kiB  reps:1  perf err: 100.0%
OMP: Info #277: omp_set_nested routine deprecated, please use omp_set_max_active_levels instead.
[AUTO TUNE]     [030: 37970.79]  time:2.815849e+00  MLUPS:106920  cache block size:102144kiB  reps:2  perf err:  0.4%
OMP: Info #277: omp_set_nested routine deprecated, please use omp_set_max_active_levels instead.
[AUTO TUNE]     [035: 37718.38]  time:9.792574e-01  MLUPS:036936  cache block size:112689kiB  reps:1  perf err: 100.0%
OMP: Info #277: omp_set_nested routine deprecated, please use omp_set_max_active_levels instead.
[AUTO TUNE]     [035: 38319.69]  time:2.790211e+00  MLUPS:106920  cache block size:112689kiB  reps:2  perf err:  1.6%
OMP: Info #277: omp_set_nested routine deprecated, please use omp_set_max_active_levels instead.
[AUTO TUNE]     [040: 38172.59]  time:9.676052e-01  MLUPS:036936  cache block size:123234kiB  reps:1  perf err: 100.0%
OMP: Info #277: omp_set_nested routine deprecated, please use omp_set_max_active_levels instead.
[AUTO TUNE]     [040: 38204.04]  time:2.798657e+00  MLUPS:106920  cache block size:123234kiB  reps:2  perf err:  0.1%
[AUTO TUNE]   Diamond width:40  [wavefronts #: pefromance (MLUPS/s)]
OMP: Info #277: omp_set_nested routine deprecated, please use omp_set_max_active_levels instead.
[AUTO TUNE]     [005: 29305.47]  time:1.393050e+00  MLUPS:040824  cache block size:59451kiB  reps:1  perf err: 100.0%
OMP: Info #277: omp_set_nested routine deprecated, please use omp_set_max_active_levels instead.
[AUTO TUNE]     [005: 28794.19]  time:4.118331e+00  MLUPS:118584  cache block size:59451kiB  reps:2  perf err:  1.8%
OMP: Info #277: omp_set_nested routine deprecated, please use omp_set_max_active_levels instead.
[AUTO TUNE]     [010: 37254.92]  time:1.095802e+00  MLUPS:040824  cache block size:71136kiB  reps:1  perf err: 100.0%
OMP: Info #277: omp_set_nested routine deprecated, please use omp_set_max_active_levels instead.
[AUTO TUNE]     [010: 36187.04]  time:3.276974e+00  MLUPS:118584  cache block size:71136kiB  reps:2  perf err:  3.0%
OMP: Info #277: omp_set_nested routine deprecated, please use omp_set_max_active_levels instead.
[AUTO TUNE]     [010: 36344.19]  time:5.402350e+00  MLUPS:196344  cache block size:71136kiB  reps:3  perf err:  0.4%
OMP: Info #277: omp_set_nested routine deprecated, please use omp_set_max_active_levels instead.
[AUTO TUNE]     [015: 37901.43]  time:1.077110e+00  MLUPS:040824  cache block size:82821kiB  reps:1  perf err: 100.0%
OMP: Info #277: omp_set_nested routine deprecated, please use omp_set_max_active_levels instead.
[AUTO TUNE]     [015: 37224.91]  time:3.185609e+00  MLUPS:118584  cache block size:82821kiB  reps:2  perf err:  1.8%
OMP: Info #277: omp_set_nested routine deprecated, please use omp_set_max_active_levels instead.
[AUTO TUNE]     [020: 38216.68]  time:1.068225e+00  MLUPS:040824  cache block size:94506kiB  reps:1  perf err: 100.0%
OMP: Info #277: omp_set_nested routine deprecated, please use omp_set_max_active_levels instead.
[AUTO TUNE]     [020: 37670.81]  time:3.147901e+00  MLUPS:118584  cache block size:94506kiB  reps:2  perf err:  1.4%
OMP: Info #277: omp_set_nested routine deprecated, please use omp_set_max_active_levels instead.
[AUTO TUNE]     [025: 38702.26]  time:1.054822e+00  MLUPS:040824  cache block size:106191kiB  reps:1  perf err: 100.0%
OMP: Info #277: omp_set_nested routine deprecated, please use omp_set_max_active_levels instead.
[AUTO TUNE]     [025: 36872.25]  time:3.216077e+00  MLUPS:118584  cache block size:106191kiB  reps:2  perf err:  5.0%
OMP: Info #277: omp_set_nested routine deprecated, please use omp_set_max_active_levels instead.
[AUTO TUNE]     [025: 37993.18]  time:5.167875e+00  MLUPS:196344  cache block size:106191kiB  reps:3  perf err:  3.0%
OMP: Info #277: omp_set_nested routine deprecated, please use omp_set_max_active_levels instead.
[AUTO TUNE]     [025: 38124.11]  time:7.189781e+00  MLUPS:274104  cache block size:106191kiB  reps:4  perf err:  0.3%
OMP: Info #277: omp_set_nested routine deprecated, please use omp_set_max_active_levels instead.
[AUTO TUNE]     [030: 38022.26]  time:1.073687e+00  MLUPS:040824  cache block size:117876kiB  reps:1  perf err: 100.0%
OMP: Info #277: omp_set_nested routine deprecated, please use omp_set_max_active_levels instead.
[AUTO TUNE]     [030: 38474.53]  time:3.082143e+00  MLUPS:118584  cache block size:117876kiB  reps:2  perf err:  1.2%
OMP: Info #277: omp_set_nested routine deprecated, please use omp_set_max_active_levels instead.
[AUTO TUNE]     [035: 38747.56]  time:1.053589e+00  MLUPS:040824  cache block size:129561kiB  reps:1  perf err: 100.0%
OMP: Info #277: omp_set_nested routine deprecated, please use omp_set_max_active_levels instead.
[AUTO TUNE]     [035: 38467.45]  time:3.082710e+00  MLUPS:118584  cache block size:129561kiB  reps:2  perf err:  0.7%
[AUTO TUNE] COMPLETE tune case #13: Thread group size:10  thc:01  thx:01  thy:02  thz:05  t_dim:19  bs_z:30  perf:38474.53 MLUP/s

[AUTO TUNE] START tune case #14: Thread group size:10  thc:01  thx:01  thy:01  thz:10  Possilbe diam width: 4 8 12 20 24 36 40
[AUTO TUNE]   Diamond width:04  [wavefronts #: pefromance (MLUPS/s)]
OMP: Info #277: omp_set_nested routine deprecated, please use omp_set_max_active_levels instead.
[AUTO TUNE]     [010: 8219.78]  time:7.095083e-01  MLUPS:005832  cache block size:3420kiB  reps:1  perf err: 100.0%
OMP: Info #277: omp_set_nested routine deprecated, please use omp_set_max_active_levels instead.
[AUTO TUNE]     [010: 6710.86]  time:2.027758e+00  MLUPS:013608  cache block size:3420kiB  reps:2  perf err: 22.5%
OMP: Info #277: omp_set_nested routine deprecated, please use omp_set_max_active_levels instead.
[AUTO TUNE]     [010: 6304.17]  time:3.392039e+00  MLUPS:021384  cache block size:3420kiB  reps:3  perf err:  6.5%
OMP: Info #277: omp_set_nested routine deprecated, please use omp_set_max_active_levels instead.
[AUTO TUNE]     [010: 6125.57]  time:4.760377e+00  MLUPS:029160  cache block size:3420kiB  reps:4  perf err:  2.9%
OMP: Info #277: omp_set_nested routine deprecated, please use omp_set_max_active_levels instead.
[AUTO TUNE]     [010: 6100.37]  time:6.054717e+00  MLUPS:036936  cache block size:3420kiB  reps:5  perf err:  0.4%
OMP: Info #277: omp_set_nested routine deprecated, please use omp_set_max_active_levels instead.
[AUTO TUNE]     [020: 9222.23]  time:6.323849e-01  MLUPS:005832  cache block size:6270kiB  reps:1  perf err: 100.0%
OMP: Info #277: omp_set_nested routine deprecated, please use omp_set_max_active_levels instead.
[AUTO TUNE]     [020: 7386.51]  time:1.842278e+00  MLUPS:013608  cache block size:6270kiB  reps:2  perf err: 24.9%
OMP: Info #277: omp_set_nested routine deprecated, please use omp_set_max_active_levels instead.
[AUTO TUNE]     [020: 6936.25]  time:3.082936e+00  MLUPS:021384  cache block size:6270kiB  reps:3  perf err:  6.5%
OMP: Info #277: omp_set_nested routine deprecated, please use omp_set_max_active_levels instead.
[AUTO TUNE]     [020: 6726.81]  time:4.334894e+00  MLUPS:029160  cache block size:6270kiB  reps:4  perf err:  3.1%
OMP: Info #277: omp_set_nested routine deprecated, please use omp_set_max_active_levels instead.
[AUTO TUNE]     [020: 6653.09]  time:5.551705e+00  MLUPS:036936  cache block size:6270kiB  reps:5  perf err:  1.1%
OMP: Info #277: omp_set_nested routine deprecated, please use omp_set_max_active_levels instead.
[AUTO TUNE]     [030: 9287.93]  time:6.279116e-01  MLUPS:005832  cache block size:9120kiB  reps:1  perf err: 100.0%
OMP: Info #277: omp_set_nested routine deprecated, please use omp_set_max_active_levels instead.
[AUTO TUNE]     [030: 7549.72]  time:1.802451e+00  MLUPS:013608  cache block size:9120kiB  reps:2  perf err: 23.0%
OMP: Info #277: omp_set_nested routine deprecated, please use omp_set_max_active_levels instead.
[AUTO TUNE]     [030: 7043.85]  time:3.035838e+00  MLUPS:021384  cache block size:9120kiB  reps:3  perf err:  7.2%
OMP: Info #277: omp_set_nested routine deprecated, please use omp_set_max_active_levels instead.
[AUTO TUNE]     [030: 6931.25]  time:4.207031e+00  MLUPS:029160  cache block size:9120kiB  reps:4  perf err:  1.6%
OMP: Info #277: omp_set_nested routine deprecated, please use omp_set_max_active_levels instead.
[AUTO TUNE]     [040: 9336.65]  time:6.246355e-01  MLUPS:005832  cache block size:11970kiB  reps:1  perf err: 100.0%
OMP: Info #277: omp_set_nested routine deprecated, please use omp_set_max_active_levels instead.
[AUTO TUNE]     [040: 7272.61]  time:1.871131e+00  MLUPS:013608  cache block size:11970kiB  reps:2  perf err: 28.4%
OMP: Info #277: omp_set_nested routine deprecated, please use omp_set_max_active_levels instead.
[AUTO TUNE]     [040: 7096.44]  time:3.013340e+00  MLUPS:021384  cache block size:11970kiB  reps:3  perf err:  2.5%
OMP: Info #277: omp_set_nested routine deprecated, please use omp_set_max_active_levels instead.
[AUTO TUNE]     [050: 9661.82]  time:6.036127e-01  MLUPS:005832  cache block size:14820kiB  reps:1  perf err: 100.0%
OMP: Info #277: omp_set_nested routine deprecated, please use omp_set_max_active_levels instead.
[AUTO TUNE]     [050: 7607.01]  time:1.788876e+00  MLUPS:013608  cache block size:14820kiB  reps:2  perf err: 27.0%
OMP: Info #277: omp_set_nested routine deprecated, please use omp_set_max_active_levels instead.
[AUTO TUNE]     [050: 7170.26]  time:2.982321e+00  MLUPS:021384  cache block size:14820kiB  reps:3  perf err:  6.1%
OMP: Info #277: omp_set_nested routine deprecated, please use omp_set_max_active_levels instead.
[AUTO TUNE]     [050: 7017.26]  time:4.155465e+00  MLUPS:029160  cache block size:14820kiB  reps:4  perf err:  2.2%
[AUTO TUNE]   Diamond width:08  [wavefronts #: pefromance (MLUPS/s)]
OMP: Info #277: omp_set_nested routine deprecated, please use omp_set_max_active_levels instead.
[AUTO TUNE]     [010: 15832.95]  time:6.139097e-01  MLUPS:009720  cache block size:7296kiB  reps:1  perf err: 100.0%
OMP: Info #277: omp_set_nested routine deprecated, please use omp_set_max_active_levels instead.
[AUTO TUNE]     [010: 13922.76]  time:1.815157e+00  MLUPS:025272  cache block size:7296kiB  reps:2  perf err: 13.7%
OMP: Info #277: omp_set_nested routine deprecated, please use omp_set_max_active_levels instead.
[AUTO TUNE]     [010: 13747.00]  time:2.969666e+00  MLUPS:040824  cache block size:7296kiB  reps:3  perf err:  1.3%
OMP: Info #277: omp_set_nested routine deprecated, please use omp_set_max_active_levels instead.
[AUTO TUNE]     [020: 17092.37]  time:5.686747e-01  MLUPS:009720  cache block size:12426kiB  reps:1  perf err: 100.0%
OMP: Info #277: omp_set_nested routine deprecated, please use omp_set_max_active_levels instead.
[AUTO TUNE]     [020: 15449.12]  time:1.635821e+00  MLUPS:025272  cache block size:12426kiB  reps:2  perf err: 10.6%
OMP: Info #277: omp_set_nested routine deprecated, please use omp_set_max_active_levels instead.
[AUTO TUNE]     [020: 14908.85]  time:2.738240e+00  MLUPS:040824  cache block size:12426kiB  reps:3  perf err:  3.6%
OMP: Info #277: omp_set_nested routine deprecated, please use omp_set_max_active_levels instead.
[AUTO TUNE]     [020: 14625.39]  time:3.854666e+00  MLUPS:056376  cache block size:12426kiB  reps:4  perf err:  1.9%
OMP: Info #277: omp_set_nested routine deprecated, please use omp_set_max_active_levels instead.
[AUTO TUNE]     [030: 17217.84]  time:5.645308e-01  MLUPS:009720  cache block size:17556kiB  reps:1  perf err: 100.0%
OMP: Info #277: omp_set_nested routine deprecated, please use omp_set_max_active_levels instead.
[AUTO TUNE]     [030: 15464.43]  time:1.634202e+00  MLUPS:025272  cache block size:17556kiB  reps:2  perf err: 11.3%
OMP: Info #277: omp_set_nested routine deprecated, please use omp_set_max_active_levels instead.
[AUTO TUNE]     [030: 14900.94]  time:2.739693e+00  MLUPS:040824  cache block size:17556kiB  reps:3  perf err:  3.8%
OMP: Info #277: omp_set_nested routine deprecated, please use omp_set_max_active_levels instead.
[AUTO TUNE]     [030: 14936.86]  time:3.774288e+00  MLUPS:056376  cache block size:17556kiB  reps:4  perf err:  0.2%
OMP: Info #277: omp_set_nested routine deprecated, please use omp_set_max_active_levels instead.
[AUTO TUNE]     [040: 17715.81]  time:5.486624e-01  MLUPS:009720  cache block size:22686kiB  reps:1  perf err: 100.0%
OMP: Info #277: omp_set_nested routine deprecated, please use omp_set_max_active_levels instead.
[AUTO TUNE]     [040: 15714.73]  time:1.608173e+00  MLUPS:025272  cache block size:22686kiB  reps:2  perf err: 12.7%
OMP: Info #277: omp_set_nested routine deprecated, please use omp_set_max_active_levels instead.
[AUTO TUNE]     [040: 15361.19]  time:2.657607e+00  MLUPS:040824  cache block size:22686kiB  reps:3  perf err:  2.3%
OMP: Info #277: omp_set_nested routine deprecated, please use omp_set_max_active_levels instead.
[AUTO TUNE]     [050: 17467.96]  time:5.564474e-01  MLUPS:009720  cache block size:27816kiB  reps:1  perf err: 100.0%
OMP: Info #277: omp_set_nested routine deprecated, please use omp_set_max_active_levels instead.
[AUTO TUNE]     [050: 15910.03]  time:1.588432e+00  MLUPS:025272  cache block size:27816kiB  reps:2  perf err:  9.8%
OMP: Info #277: omp_set_nested routine deprecated, please use omp_set_max_active_levels instead.
[AUTO TUNE]     [050: 15453.67]  time:2.641702e+00  MLUPS:040824  cache block size:27816kiB  reps:3  perf err:  3.0%
OMP: Info #277: omp_set_nested routine deprecated, please use omp_set_max_active_levels instead.
[AUTO TUNE]     [050: 15241.56]  time:3.698834e+00  MLUPS:056376  cache block size:27816kiB  reps:4  perf err:  1.4%
[AUTO TUNE]   Diamond width:12  [wavefronts #: pefromance (MLUPS/s)]
OMP: Info #277: omp_set_nested routine deprecated, please use omp_set_max_active_levels instead.
[AUTO TUNE]     [010: 22421.63]  time:6.069139e-01  MLUPS:013608  cache block size:12084kiB  reps:1  perf err: 100.0%
OMP: Info #277: omp_set_nested routine deprecated, please use omp_set_max_active_levels instead.
[AUTO TUNE]     [010: 20462.26]  time:1.805080e+00  MLUPS:036936  cache block size:12084kiB  reps:2  perf err:  9.6%
OMP: Info #277: omp_set_nested routine deprecated, please use omp_set_max_active_levels instead.
[AUTO TUNE]     [010: 19942.18]  time:3.021936e+00  MLUPS:060264  cache block size:12084kiB  reps:3  perf err:  2.6%
OMP: Info #277: omp_set_nested routine deprecated, please use omp_set_max_active_levels instead.
[AUTO TUNE]     [010: 19793.15]  time:4.223280e+00  MLUPS:083592  cache block size:12084kiB  reps:4  perf err:  0.8%
OMP: Info #277: omp_set_nested routine deprecated, please use omp_set_max_active_levels instead.
[AUTO TUNE]     [020: 24631.23]  time:5.524695e-01  MLUPS:013608  cache block size:19494kiB  reps:1  perf err: 100.0%
OMP: Info #277: omp_set_nested routine deprecated, please use omp_set_max_active_levels instead.
[AUTO TUNE]     [020: 22146.62]  time:1.667794e+00  MLUPS:036936  cache block size:19494kiB  reps:2  perf err: 11.2%
OMP: Info #277: omp_set_nested routine deprecated, please use omp_set_max_active_levels instead.
[AUTO TUNE]     [020: 22316.04]  time:2.700479e+00  MLUPS:060264  cache block size:19494kiB  reps:3  perf err:  0.8%
OMP: Info #277: omp_set_nested routine deprecated, please use omp_set_max_active_levels instead.
[AUTO TUNE]     [030: 24975.58]  time:5.448523e-01  MLUPS:013608  cache block size:26904kiB  reps:1  perf err: 100.0%
OMP: Info #277: omp_set_nested routine deprecated, please use omp_set_max_active_levels instead.
[AUTO TUNE]     [030: 23080.93]  time:1.600282e+00  MLUPS:036936  cache block size:26904kiB  reps:2  perf err:  8.2%
OMP: Info #277: omp_set_nested routine deprecated, please use omp_set_max_active_levels instead.
[AUTO TUNE]     [030: 22717.37]  time:2.652772e+00  MLUPS:060264  cache block size:26904kiB  reps:3  perf err:  1.6%
OMP: Info #277: omp_set_nested routine deprecated, please use omp_set_max_active_levels instead.
[AUTO TUNE]     [040: 25035.00]  time:5.435591e-01  MLUPS:013608  cache block size:34314kiB  reps:1  perf err: 100.0%
OMP: Info #277: omp_set_nested routine deprecated, please use omp_set_max_active_levels instead.
[AUTO TUNE]     [040: 23275.64]  time:1.586895e+00  MLUPS:036936  cache block size:34314kiB  reps:2  perf err:  7.6%
OMP: Info #277: omp_set_nested routine deprecated, please use omp_set_max_active_levels instead.
[AUTO TUNE]     [040: 22947.49]  time:2.626170e+00  MLUPS:060264  cache block size:34314kiB  reps:3  perf err:  1.4%
OMP: Info #277: omp_set_nested routine deprecated, please use omp_set_max_active_levels instead.
[AUTO TUNE]     [050: 25287.44]  time:5.381327e-01  MLUPS:013608  cache block size:41724kiB  reps:1  perf err: 100.0%
OMP: Info #277: omp_set_nested routine deprecated, please use omp_set_max_active_levels instead.
[AUTO TUNE]     [050: 23886.27]  time:1.546328e+00  MLUPS:036936  cache block size:41724kiB  reps:2  perf err:  5.9%
OMP: Info #277: omp_set_nested routine deprecated, please use omp_set_max_active_levels instead.
[AUTO TUNE]     [050: 23343.24]  time:2.581646e+00  MLUPS:060264  cache block size:41724kiB  reps:3  perf err:  2.3%
OMP: Info #277: omp_set_nested routine deprecated, please use omp_set_max_active_levels instead.
[AUTO TUNE]     [060: 25426.75]  time:5.351844e-01  MLUPS:013608  cache block size:49134kiB  reps:1  perf err: 100.0%
OMP: Info #277: omp_set_nested routine deprecated, please use omp_set_max_active_levels instead.
[AUTO TUNE]     [060: 23941.71]  time:1.542747e+00  MLUPS:036936  cache block size:49134kiB  reps:2  perf err:  6.2%
OMP: Info #277: omp_set_nested routine deprecated, please use omp_set_max_active_levels instead.
[AUTO TUNE]     [060: 23636.12]  time:2.549658e+00  MLUPS:060264  cache block size:49134kiB  reps:3  perf err:  1.3%
OMP: Info #277: omp_set_nested routine deprecated, please use omp_set_max_active_levels instead.
[AUTO TUNE]     [070: 26100.29]  time:5.213735e-01  MLUPS:013608  cache block size:56544kiB  reps:1  perf err: 100.0%
OMP: Info #277: omp_set_nested routine deprecated, please use omp_set_max_active_levels instead.
[AUTO TUNE]     [070: 24084.94]  time:1.533573e+00  MLUPS:036936  cache block size:56544kiB  reps:2  perf err:  8.4%
OMP: Info #277: omp_set_nested routine deprecated, please use omp_set_max_active_levels instead.
[AUTO TUNE]     [070: 23971.69]  time:2.513965e+00  MLUPS:060264  cache block size:56544kiB  reps:3  perf err:  0.5%
OMP: Info #277: omp_set_nested routine deprecated, please use omp_set_max_active_levels instead.
[AUTO TUNE]     [080: 25832.50]  time:5.267782e-01  MLUPS:013608  cache block size:63954kiB  reps:1  perf err: 100.0%
OMP: Info #277: omp_set_nested routine deprecated, please use omp_set_max_active_levels instead.
[AUTO TUNE]     [080: 24305.12]  time:1.519680e+00  MLUPS:036936  cache block size:63954kiB  reps:2  perf err:  6.3%
OMP: Info #277: omp_set_nested routine deprecated, please use omp_set_max_active_levels instead.
[AUTO TUNE]     [080: 23832.90]  time:2.528605e+00  MLUPS:060264  cache block size:63954kiB  reps:3  perf err:  2.0%
[AUTO TUNE]   Diamond width:20  [wavefronts #: pefromance (MLUPS/s)]
OMP: Info #277: omp_set_nested routine deprecated, please use omp_set_max_active_levels instead.
[AUTO TUNE]     [010: 29351.09]  time:7.285589e-01  MLUPS:021384  cache block size:24396kiB  reps:1  perf err: 100.0%
OMP: Info #277: omp_set_nested routine deprecated, please use omp_set_max_active_levels instead.
[AUTO TUNE]     [010: 27400.15]  time:2.199404e+00  MLUPS:060264  cache block size:24396kiB  reps:2  perf err:  7.1%
OMP: Info #277: omp_set_nested routine deprecated, please use omp_set_max_active_levels instead.
[AUTO TUNE]     [010: 27103.98]  time:3.657913e+00  MLUPS:099144  cache block size:24396kiB  reps:3  perf err:  1.1%
OMP: Info #277: omp_set_nested routine deprecated, please use omp_set_max_active_levels instead.
[AUTO TUNE]     [020: 37896.45]  time:5.642744e-01  MLUPS:021384  cache block size:36366kiB  reps:1  perf err: 100.0%
OMP: Info #277: omp_set_nested routine deprecated, please use omp_set_max_active_levels instead.
[AUTO TUNE]     [020: 36849.10]  time:1.635427e+00  MLUPS:060264  cache block size:36366kiB  reps:2  perf err:  2.8%
OMP: Info #277: omp_set_nested routine deprecated, please use omp_set_max_active_levels instead.
[AUTO TUNE]     [020: 36229.79]  time:2.736532e+00  MLUPS:099144  cache block size:36366kiB  reps:3  perf err:  1.7%
OMP: Info #277: omp_set_nested routine deprecated, please use omp_set_max_active_levels instead.
[AUTO TUNE]     [030: 36168.14]  time:5.912386e-01  MLUPS:021384  cache block size:48336kiB  reps:1  perf err: 100.0%
OMP: Info #277: omp_set_nested routine deprecated, please use omp_set_max_active_levels instead.
[AUTO TUNE]     [030: 37003.38]  time:1.628608e+00  MLUPS:060264  cache block size:48336kiB  reps:2  perf err:  2.3%
OMP: Info #277: omp_set_nested routine deprecated, please use omp_set_max_active_levels instead.
[AUTO TUNE]     [040: 37443.18]  time:5.711053e-01  MLUPS:021384  cache block size:60306kiB  reps:1  perf err: 100.0%
OMP: Info #277: omp_set_nested routine deprecated, please use omp_set_max_active_levels instead.
[AUTO TUNE]     [040: 36073.43]  time:1.670592e+00  MLUPS:060264  cache block size:60306kiB  reps:2  perf err:  3.8%
OMP: Info #277: omp_set_nested routine deprecated, please use omp_set_max_active_levels instead.
[AUTO TUNE]     [040: 35817.32]  time:2.768046e+00  MLUPS:099144  cache block size:60306kiB  reps:3  perf err:  0.7%
[AUTO TUNE]   Diamond width:24  [wavefronts #: pefromance (MLUPS/s)]
OMP: Info #277: omp_set_nested routine deprecated, please use omp_set_max_active_levels instead.
[AUTO TUNE]     [010: 29720.47]  time:8.503231e-01  MLUPS:025272  cache block size:31920kiB  reps:1  perf err: 100.0%
OMP: Info #277: omp_set_nested routine deprecated, please use omp_set_max_active_levels instead.
[AUTO TUNE]     [010: 28424.01]  time:2.530537e+00  MLUPS:071928  cache block size:31920kiB  reps:2  perf err:  4.6%
OMP: Info #277: omp_set_nested routine deprecated, please use omp_set_max_active_levels instead.
[AUTO TUNE]     [010: 28071.16]  time:4.224407e+00  MLUPS:118584  cache block size:31920kiB  reps:3  perf err:  1.3%
OMP: Info #277: omp_set_nested routine deprecated, please use omp_set_max_active_levels instead.
[AUTO TUNE]     [020: 39121.43]  time:6.459887e-01  MLUPS:025272  cache block size:46170kiB  reps:1  perf err: 100.0%
OMP: Info #277: omp_set_nested routine deprecated, please use omp_set_max_active_levels instead.
[AUTO TUNE]     [020: 36925.45]  time:1.947925e+00  MLUPS:071928  cache block size:46170kiB  reps:2  perf err:  5.9%
OMP: Info #277: omp_set_nested routine deprecated, please use omp_set_max_active_levels instead.
[AUTO TUNE]     [020: 37314.35]  time:3.177973e+00  MLUPS:118584  cache block size:46170kiB  reps:3  perf err:  1.0%
OMP: Info #277: omp_set_nested routine deprecated, please use omp_set_max_active_levels instead.
[AUTO TUNE]     [030: 38794.26]  time:6.514365e-01  MLUPS:025272  cache block size:60420kiB  reps:1  perf err: 100.0%
OMP: Info #277: omp_set_nested routine deprecated, please use omp_set_max_active_levels instead.
[AUTO TUNE]     [030: 37866.69]  time:1.899506e+00  MLUPS:071928  cache block size:60420kiB  reps:2  perf err:  2.4%
OMP: Info #277: omp_set_nested routine deprecated, please use omp_set_max_active_levels instead.
[AUTO TUNE]     [040: 38583.43]  time:6.549962e-01  MLUPS:025272  cache block size:74670kiB  reps:1  perf err: 100.0%
OMP: Info #277: omp_set_nested routine deprecated, please use omp_set_max_active_levels instead.
[AUTO TUNE]     [040: 37479.63]  time:1.919123e+00  MLUPS:071928  cache block size:74670kiB  reps:2  perf err:  2.9%
OMP: Info #277: omp_set_nested routine deprecated, please use omp_set_max_active_levels instead.
[AUTO TUNE]     [040: 37098.96]  time:3.196424e+00  MLUPS:118584  cache block size:74670kiB  reps:3  perf err:  1.0%
[AUTO TUNE]   Diamond width:36  [wavefronts #: pefromance (MLUPS/s)]
OMP: Info #277: omp_set_nested routine deprecated, please use omp_set_max_active_levels instead.
[AUTO TUNE]     [010: 30787.14]  time:1.199722e+00  MLUPS:036936  cache block size:59964kiB  reps:1  perf err: 100.0%
OMP: Info #277: omp_set_nested routine deprecated, please use omp_set_max_active_levels instead.
[AUTO TUNE]     [010: 31172.66]  time:3.429929e+00  MLUPS:106920  cache block size:59964kiB  reps:2  perf err:  1.2%
OMP: Info #277: omp_set_nested routine deprecated, please use omp_set_max_active_levels instead.
[AUTO TUNE]     [020: 38118.79]  time:9.689709e-01  MLUPS:036936  cache block size:81054kiB  reps:1  perf err: 100.0%
OMP: Info #277: omp_set_nested routine deprecated, please use omp_set_max_active_levels instead.
[AUTO TUNE]     [020: 38543.52]  time:2.774007e+00  MLUPS:106920  cache block size:81054kiB  reps:2  perf err:  1.1%
OMP: Info #277: omp_set_nested routine deprecated, please use omp_set_max_active_levels instead.
[AUTO TUNE]     [030: 38155.36]  time:9.680422e-01  MLUPS:036936  cache block size:102144kiB  reps:1  perf err: 100.0%
OMP: Info #277: omp_set_nested routine deprecated, please use omp_set_max_active_levels instead.
[AUTO TUNE]     [030: 38396.99]  time:2.784593e+00  MLUPS:106920  cache block size:102144kiB  reps:2  perf err:  0.6%
[AUTO TUNE]   Diamond width:40  [wavefronts #: pefromance (MLUPS/s)]
OMP: Info #277: omp_set_nested routine deprecated, please use omp_set_max_active_levels instead.
[AUTO TUNE]     [010: 32404.69]  time:1.259817e+00  MLUPS:040824  cache block size:71136kiB  reps:1  perf err: 100.0%
OMP: Info #277: omp_set_nested routine deprecated, please use omp_set_max_active_levels instead.
[AUTO TUNE]     [010: 32337.24]  time:3.667103e+00  MLUPS:118584  cache block size:71136kiB  reps:2  perf err:  0.2%
OMP: Info #277: omp_set_nested routine deprecated, please use omp_set_max_active_levels instead.
[AUTO TUNE]     [020: 38631.43]  time:1.056756e+00  MLUPS:040824  cache block size:94506kiB  reps:1  perf err: 100.0%
OMP: Info #277: omp_set_nested routine deprecated, please use omp_set_max_active_levels instead.
[AUTO TUNE]     [020: 38620.86]  time:3.070465e+00  MLUPS:118584  cache block size:94506kiB  reps:2  perf err:  0.0%
OMP: Info #277: omp_set_nested routine deprecated, please use omp_set_max_active_levels instead.
[AUTO TUNE]     [030: 38693.15]  time:1.055070e+00  MLUPS:040824  cache block size:117876kiB  reps:1  perf err: 100.0%
OMP: Info #277: omp_set_nested routine deprecated, please use omp_set_max_active_levels instead.
[AUTO TUNE]     [030: 38493.78]  time:3.080601e+00  MLUPS:118584  cache block size:117876kiB  reps:2  perf err:  0.5%
[AUTO TUNE] COMPLETE tune case #14: Thread group size:10  thc:01  thx:01  thy:01  thz:10  t_dim:19  bs_z:20  perf:38620.86 MLUP/s

[AUTO TUNE] START tune case #15: Thread group size:15  thc:01  thx:03  thy:01  thz:05  Possilbe diam width: 4 8 12 20 24 36 40 60
[AUTO TUNE]   Diamond width:04  [wavefronts #: pefromance (MLUPS/s)]
OMP: Info #277: omp_set_nested routine deprecated, please use omp_set_max_active_levels instead.
[AUTO TUNE]     [005: 8183.38]  time:7.126639e-01  MLUPS:005832  cache block size:1330kiB  reps:1  perf err: 100.0%
OMP: Info #277: omp_set_nested routine deprecated, please use omp_set_max_active_levels instead.
[AUTO TUNE]     [005: 6464.02]  time:2.105192e+00  MLUPS:013608  cache block size:1330kiB  reps:2  perf err: 26.6%
OMP: Info #277: omp_set_nested routine deprecated, please use omp_set_max_active_levels instead.
[AUTO TUNE]     [005: 6108.15]  time:3.500896e+00  MLUPS:021384  cache block size:1330kiB  reps:3  perf err:  5.8%
OMP: Info #277: omp_set_nested routine deprecated, please use omp_set_max_active_levels instead.
[AUTO TUNE]     [005: 5965.60]  time:4.888021e+00  MLUPS:029160  cache block size:1330kiB  reps:4  perf err:  2.4%
OMP: Info #277: omp_set_nested routine deprecated, please use omp_set_max_active_levels instead.
[AUTO TUNE]     [010: 10192.60]  time:5.721798e-01  MLUPS:005832  cache block size:2280kiB  reps:1  perf err: 100.0%
OMP: Info #277: omp_set_nested routine deprecated, please use omp_set_max_active_levels instead.
[AUTO TUNE]     [010: 7950.00]  time:1.711698e+00  MLUPS:013608  cache block size:2280kiB  reps:2  perf err: 28.2%
OMP: Info #277: omp_set_nested routine deprecated, please use omp_set_max_active_levels instead.
[AUTO TUNE]     [010: 7347.27]  time:2.910471e+00  MLUPS:021384  cache block size:2280kiB  reps:3  perf err:  8.2%
OMP: Info #277: omp_set_nested routine deprecated, please use omp_set_max_active_levels instead.
[AUTO TUNE]     [010: 7187.39]  time:4.057105e+00  MLUPS:029160  cache block size:2280kiB  reps:4  perf err:  2.2%
OMP: Info #277: omp_set_nested routine deprecated, please use omp_set_max_active_levels instead.
[AUTO TUNE]     [015: 10594.24]  time:5.504879e-01  MLUPS:005832  cache block size:3230kiB  reps:1  perf err: 100.0%
OMP: Info #277: omp_set_nested routine deprecated, please use omp_set_max_active_levels instead.
[AUTO TUNE]     [015: 8111.76]  time:1.677563e+00  MLUPS:013608  cache block size:3230kiB  reps:2  perf err: 30.6%
OMP: Info #277: omp_set_nested routine deprecated, please use omp_set_max_active_levels instead.
[AUTO TUNE]     [015: 7923.23]  time:2.698900e+00  MLUPS:021384  cache block size:3230kiB  reps:3  perf err:  2.4%
OMP: Info #277: omp_set_nested routine deprecated, please use omp_set_max_active_levels instead.
[AUTO TUNE]     [020: 10252.35]  time:5.688453e-01  MLUPS:005832  cache block size:4180kiB  reps:1  perf err: 100.0%
OMP: Info #277: omp_set_nested routine deprecated, please use omp_set_max_active_levels instead.
[AUTO TUNE]     [020: 8465.82]  time:1.607405e+00  MLUPS:013608  cache block size:4180kiB  reps:2  perf err: 21.1%
OMP: Info #277: omp_set_nested routine deprecated, please use omp_set_max_active_levels instead.
[AUTO TUNE]     [020: 7882.58]  time:2.712816e+00  MLUPS:021384  cache block size:4180kiB  reps:3  perf err:  7.4%
OMP: Info #277: omp_set_nested routine deprecated, please use omp_set_max_active_levels instead.
[AUTO TUNE]     [020: 7576.95]  time:3.848515e+00  MLUPS:029160  cache block size:4180kiB  reps:4  perf err:  4.0%
OMP: Info #277: omp_set_nested routine deprecated, please use omp_set_max_active_levels instead.
[AUTO TUNE]     [020: 7441.06]  time:4.963808e+00  MLUPS:036936  cache block size:4180kiB  reps:5  perf err:  1.8%
[AUTO TUNE]   Diamond width:08  [wavefronts #: pefromance (MLUPS/s)]
OMP: Info #277: omp_set_nested routine deprecated, please use omp_set_max_active_levels instead.
[AUTO TUNE]     [005: 12237.36]  time:7.942891e-01  MLUPS:009720  cache block size:3154kiB  reps:1  perf err: 100.0%
OMP: Info #277: omp_set_nested routine deprecated, please use omp_set_max_active_levels instead.
[AUTO TUNE]     [005: 10742.22]  time:2.352587e+00  MLUPS:025272  cache block size:3154kiB  reps:2  perf err: 13.9%
OMP: Info #277: omp_set_nested routine deprecated, please use omp_set_max_active_levels instead.
[AUTO TUNE]     [005: 10421.45]  time:3.917306e+00  MLUPS:040824  cache block size:3154kiB  reps:3  perf err:  3.1%
OMP: Info #277: omp_set_nested routine deprecated, please use omp_set_max_active_levels instead.
[AUTO TUNE]     [005: 10321.13]  time:5.462191e+00  MLUPS:056376  cache block size:3154kiB  reps:4  perf err:  1.0%
OMP: Info #277: omp_set_nested routine deprecated, please use omp_set_max_active_levels instead.
[AUTO TUNE]     [010: 16262.79]  time:5.976834e-01  MLUPS:009720  cache block size:4864kiB  reps:1  perf err: 100.0%
OMP: Info #277: omp_set_nested routine deprecated, please use omp_set_max_active_levels instead.
[AUTO TUNE]     [010: 14430.00]  time:1.751352e+00  MLUPS:025272  cache block size:4864kiB  reps:2  perf err: 12.7%
OMP: Info #277: omp_set_nested routine deprecated, please use omp_set_max_active_levels instead.
[AUTO TUNE]     [010: 14003.59]  time:2.915252e+00  MLUPS:040824  cache block size:4864kiB  reps:3  perf err:  3.0%
OMP: Info #277: omp_set_nested routine deprecated, please use omp_set_max_active_levels instead.
[AUTO TUNE]     [010: 13750.47]  time:4.099931e+00  MLUPS:056376  cache block size:4864kiB  reps:4  perf err:  1.8%
OMP: Info #277: omp_set_nested routine deprecated, please use omp_set_max_active_levels instead.
[AUTO TUNE]     [015: 17830.67]  time:5.451282e-01  MLUPS:009720  cache block size:6574kiB  reps:1  perf err: 100.0%
OMP: Info #277: omp_set_nested routine deprecated, please use omp_set_max_active_levels instead.
[AUTO TUNE]     [015: 15864.30]  time:1.593010e+00  MLUPS:025272  cache block size:6574kiB  reps:2  perf err: 12.4%
OMP: Info #277: omp_set_nested routine deprecated, please use omp_set_max_active_levels instead.
[AUTO TUNE]     [015: 15513.59]  time:2.631500e+00  MLUPS:040824  cache block size:6574kiB  reps:3  perf err:  2.3%
OMP: Info #277: omp_set_nested routine deprecated, please use omp_set_max_active_levels instead.
[AUTO TUNE]     [020: 19317.88]  time:5.031607e-01  MLUPS:009720  cache block size:8284kiB  reps:1  perf err: 100.0%
OMP: Info #277: omp_set_nested routine deprecated, please use omp_set_max_active_levels instead.
[AUTO TUNE]     [020: 16545.64]  time:1.527412e+00  MLUPS:025272  cache block size:8284kiB  reps:2  perf err: 16.8%
OMP: Info #277: omp_set_nested routine deprecated, please use omp_set_max_active_levels instead.
[AUTO TUNE]     [020: 16285.88]  time:2.506711e+00  MLUPS:040824  cache block size:8284kiB  reps:3  perf err:  1.6%
OMP: Info #277: omp_set_nested routine deprecated, please use omp_set_max_active_levels instead.
[AUTO TUNE]     [025: 19882.03]  time:4.888837e-01  MLUPS:009720  cache block size:9994kiB  reps:1  perf err: 100.0%
OMP: Info #277: omp_set_nested routine deprecated, please use omp_set_max_active_levels instead.
[AUTO TUNE]     [025: 16859.13]  time:1.499009e+00  MLUPS:025272  cache block size:9994kiB  reps:2  perf err: 17.9%
OMP: Info #277: omp_set_nested routine deprecated, please use omp_set_max_active_levels instead.
[AUTO TUNE]     [025: 16561.85]  time:2.464943e+00  MLUPS:040824  cache block size:9994kiB  reps:3  perf err:  1.8%
OMP: Info #277: omp_set_nested routine deprecated, please use omp_set_max_active_levels instead.
[AUTO TUNE]     [030: 20084.61]  time:4.839526e-01  MLUPS:009720  cache block size:11704kiB  reps:1  perf err: 100.0%
OMP: Info #277: omp_set_nested routine deprecated, please use omp_set_max_active_levels instead.
[AUTO TUNE]     [030: 17162.63]  time:1.472502e+00  MLUPS:025272  cache block size:11704kiB  reps:2  perf err: 17.0%
OMP: Info #277: omp_set_nested routine deprecated, please use omp_set_max_active_levels instead.
[AUTO TUNE]     [030: 17058.97]  time:2.393110e+00  MLUPS:040824  cache block size:11704kiB  reps:3  perf err:  0.6%
OMP: Info #277: omp_set_nested routine deprecated, please use omp_set_max_active_levels instead.
[AUTO TUNE]     [035: 20436.32]  time:4.756237e-01  MLUPS:009720  cache block size:13414kiB  reps:1  perf err: 100.0%
OMP: Info #277: omp_set_nested routine deprecated, please use omp_set_max_active_levels instead.
[AUTO TUNE]     [035: 17823.47]  time:1.417906e+00  MLUPS:025272  cache block size:13414kiB  reps:2  perf err: 14.7%
OMP: Info #277: omp_set_nested routine deprecated, please use omp_set_max_active_levels instead.
[AUTO TUNE]     [035: 17020.00]  time:2.398590e+00  MLUPS:040824  cache block size:13414kiB  reps:3  perf err:  4.7%
OMP: Info #277: omp_set_nested routine deprecated, please use omp_set_max_active_levels instead.
[AUTO TUNE]     [035: 16832.82]  time:3.349172e+00  MLUPS:056376  cache block size:13414kiB  reps:4  perf err:  1.1%
[AUTO TUNE]   Diamond width:12  [wavefronts #: pefromance (MLUPS/s)]
OMP: Info #277: omp_set_nested routine deprecated, please use omp_set_max_active_levels instead.
[AUTO TUNE]     [005: 12872.87]  time:1.057107e+00  MLUPS:013608  cache block size:5586kiB  reps:1  perf err: 100.0%
OMP: Info #277: omp_set_nested routine deprecated, please use omp_set_max_active_levels instead.
[AUTO TUNE]     [005: 11719.82]  time:3.151583e+00  MLUPS:036936  cache block size:5586kiB  reps:2  perf err:  9.8%
OMP: Info #277: omp_set_nested routine deprecated, please use omp_set_max_active_levels instead.
[AUTO TUNE]     [005: 11475.47]  time:5.251550e+00  MLUPS:060264  cache block size:5586kiB  reps:3  perf err:  2.1%
OMP: Info #277: omp_set_nested routine deprecated, please use omp_set_max_active_levels instead.
[AUTO TUNE]     [010: 17929.35]  time:7.589789e-01  MLUPS:013608  cache block size:8056kiB  reps:1  perf err: 100.0%
OMP: Info #277: omp_set_nested routine deprecated, please use omp_set_max_active_levels instead.
[AUTO TUNE]     [010: 16432.49]  time:2.247742e+00  MLUPS:036936  cache block size:8056kiB  reps:2  perf err:  9.1%
OMP: Info #277: omp_set_nested routine deprecated, please use omp_set_max_active_levels instead.
[AUTO TUNE]     [010: 15999.99]  time:3.766503e+00  MLUPS:060264  cache block size:8056kiB  reps:3  perf err:  2.7%
OMP: Info #277: omp_set_nested routine deprecated, please use omp_set_max_active_levels instead.
[AUTO TUNE]     [010: 15914.02]  time:5.252727e+00  MLUPS:083592  cache block size:8056kiB  reps:4  perf err:  0.5%
OMP: Info #277: omp_set_nested routine deprecated, please use omp_set_max_active_levels instead.
[AUTO TUNE]     [015: 20235.13]  time:6.724937e-01  MLUPS:013608  cache block size:10526kiB  reps:1  perf err: 100.0%
OMP: Info #277: omp_set_nested routine deprecated, please use omp_set_max_active_levels instead.
[AUTO TUNE]     [015: 18433.28]  time:2.003767e+00  MLUPS:036936  cache block size:10526kiB  reps:2  perf err:  9.8%
OMP: Info #277: omp_set_nested routine deprecated, please use omp_set_max_active_levels instead.
[AUTO TUNE]     [015: 18250.03]  time:3.302132e+00  MLUPS:060264  cache block size:10526kiB  reps:3  perf err:  1.0%
OMP: Info #277: omp_set_nested routine deprecated, please use omp_set_max_active_levels instead.
[AUTO TUNE]     [020: 21636.01]  time:6.289514e-01  MLUPS:013608  cache block size:12996kiB  reps:1  perf err: 100.0%
OMP: Info #277: omp_set_nested routine deprecated, please use omp_set_max_active_levels instead.
[AUTO TUNE]     [020: 19882.36]  time:1.857727e+00  MLUPS:036936  cache block size:12996kiB  reps:2  perf err:  8.8%
OMP: Info #277: omp_set_nested routine deprecated, please use omp_set_max_active_levels instead.
[AUTO TUNE]     [020: 19419.08]  time:3.103340e+00  MLUPS:060264  cache block size:12996kiB  reps:3  perf err:  2.4%
OMP: Info #277: omp_set_nested routine deprecated, please use omp_set_max_active_levels instead.
[AUTO TUNE]     [025: 22103.25]  time:6.156561e-01  MLUPS:013608  cache block size:15466kiB  reps:1  perf err: 100.0%
OMP: Info #277: omp_set_nested routine deprecated, please use omp_set_max_active_levels instead.
[AUTO TUNE]     [025: 20867.65]  time:1.770012e+00  MLUPS:036936  cache block size:15466kiB  reps:2  perf err:  5.9%
OMP: Info #277: omp_set_nested routine deprecated, please use omp_set_max_active_levels instead.
[AUTO TUNE]     [025: 20337.77]  time:2.963157e+00  MLUPS:060264  cache block size:15466kiB  reps:3  perf err:  2.6%
OMP: Info #277: omp_set_nested routine deprecated, please use omp_set_max_active_levels instead.
[AUTO TUNE]     [025: 20157.59]  time:4.146925e+00  MLUPS:083592  cache block size:15466kiB  reps:4  perf err:  0.9%
OMP: Info #277: omp_set_nested routine deprecated, please use omp_set_max_active_levels instead.
[AUTO TUNE]     [030: 22633.14]  time:6.012423e-01  MLUPS:013608  cache block size:17936kiB  reps:1  perf err: 100.0%
OMP: Info #277: omp_set_nested routine deprecated, please use omp_set_max_active_levels instead.
[AUTO TUNE]     [030: 21275.56]  time:1.736077e+00  MLUPS:036936  cache block size:17936kiB  reps:2  perf err:  6.4%
OMP: Info #277: omp_set_nested routine deprecated, please use omp_set_max_active_levels instead.
[AUTO TUNE]     [030: 20897.17]  time:2.883836e+00  MLUPS:060264  cache block size:17936kiB  reps:3  perf err:  1.8%
OMP: Info #277: omp_set_nested routine deprecated, please use omp_set_max_active_levels instead.
[AUTO TUNE]     [035: 23681.80]  time:5.746185e-01  MLUPS:013608  cache block size:20406kiB  reps:1  perf err: 100.0%
OMP: Info #277: omp_set_nested routine deprecated, please use omp_set_max_active_levels instead.
[AUTO TUNE]     [035: 21646.69]  time:1.706312e+00  MLUPS:036936  cache block size:20406kiB  reps:2  perf err:  9.4%
OMP: Info #277: omp_set_nested routine deprecated, please use omp_set_max_active_levels instead.
[AUTO TUNE]     [035: 21270.16]  time:2.833264e+00  MLUPS:060264  cache block size:20406kiB  reps:3  perf err:  1.8%
OMP: Info #277: omp_set_nested routine deprecated, please use omp_set_max_active_levels instead.
[AUTO TUNE]     [040: 23057.08]  time:5.901874e-01  MLUPS:013608  cache block size:22876kiB  reps:1  perf err: 100.0%
OMP: Info #277: omp_set_nested routine deprecated, please use omp_set_max_active_levels instead.
[AUTO TUNE]     [040: 21954.12]  time:1.682418e+00  MLUPS:036936  cache block size:22876kiB  reps:2  perf err:  5.0%
OMP: Info #277: omp_set_nested routine deprecated, please use omp_set_max_active_levels instead.
[AUTO TUNE]     [040: 21072.31]  time:2.859867e+00  MLUPS:060264  cache block size:22876kiB  reps:3  perf err:  4.2%
OMP: Info #277: omp_set_nested routine deprecated, please use omp_set_max_active_levels instead.
[AUTO TUNE]     [040: 21339.48]  time:3.917247e+00  MLUPS:083592  cache block size:22876kiB  reps:4  perf err:  1.3%
OMP: Info #277: omp_set_nested routine deprecated, please use omp_set_max_active_levels instead.
[AUTO TUNE]     [045: 24341.77]  time:5.590391e-01  MLUPS:013608  cache block size:25346kiB  reps:1  perf err: 100.0%
OMP: Info #277: omp_set_nested routine deprecated, please use omp_set_max_active_levels instead.
[AUTO TUNE]     [045: 22168.61]  time:1.666140e+00  MLUPS:036936  cache block size:25346kiB  reps:2  perf err:  9.8%
OMP: Info #277: omp_set_nested routine deprecated, please use omp_set_max_active_levels instead.
[AUTO TUNE]     [045: 21644.69]  time:2.784239e+00  MLUPS:060264  cache block size:25346kiB  reps:3  perf err:  2.4%
OMP: Info #277: omp_set_nested routine deprecated, please use omp_set_max_active_levels instead.
[AUTO TUNE]     [050: 24198.12]  time:5.623577e-01  MLUPS:013608  cache block size:27816kiB  reps:1  perf err: 100.0%
OMP: Info #277: omp_set_nested routine deprecated, please use omp_set_max_active_levels instead.
[AUTO TUNE]     [050: 22283.67]  time:1.657536e+00  MLUPS:036936  cache block size:27816kiB  reps:2  perf err:  8.6%
OMP: Info #277: omp_set_nested routine deprecated, please use omp_set_max_active_levels instead.
[AUTO TUNE]     [050: 21846.04]  time:2.758578e+00  MLUPS:060264  cache block size:27816kiB  reps:3  perf err:  2.0%
OMP: Info #277: omp_set_nested routine deprecated, please use omp_set_max_active_levels instead.
[AUTO TUNE]     [055: 25062.01]  time:5.429731e-01  MLUPS:013608  cache block size:30286kiB  reps:1  perf err: 100.0%
OMP: Info #277: omp_set_nested routine deprecated, please use omp_set_max_active_levels instead.
[AUTO TUNE]     [055: 22740.82]  time:1.624215e+00  MLUPS:036936  cache block size:30286kiB  reps:2  perf err: 10.2%
OMP: Info #277: omp_set_nested routine deprecated, please use omp_set_max_active_levels instead.
[AUTO TUNE]     [055: 22183.67]  time:2.716593e+00  MLUPS:060264  cache block size:30286kiB  reps:3  perf err:  2.5%
OMP: Info #277: omp_set_nested routine deprecated, please use omp_set_max_active_levels instead.
[AUTO TUNE]     [055: 22016.35]  time:3.796814e+00  MLUPS:083592  cache block size:30286kiB  reps:4  perf err:  0.8%
OMP: Info #277: omp_set_nested routine deprecated, please use omp_set_max_active_levels instead.
[AUTO TUNE]     [060: 24366.74]  time:5.584662e-01  MLUPS:013608  cache block size:32756kiB  reps:1  perf err: 100.0%
OMP: Info #277: omp_set_nested routine deprecated, please use omp_set_max_active_levels instead.
[AUTO TUNE]     [060: 22577.82]  time:1.635942e+00  MLUPS:036936  cache block size:32756kiB  reps:2  perf err:  7.9%
OMP: Info #277: omp_set_nested routine deprecated, please use omp_set_max_active_levels instead.
[AUTO TUNE]     [060: 22346.32]  time:2.696820e+00  MLUPS:060264  cache block size:32756kiB  reps:3  perf err:  1.0%
OMP: Info #277: omp_set_nested routine deprecated, please use omp_set_max_active_levels instead.
[AUTO TUNE]     [065: 25148.16]  time:5.411132e-01  MLUPS:013608  cache block size:35226kiB  reps:1  perf err: 100.0%
OMP: Info #277: omp_set_nested routine deprecated, please use omp_set_max_active_levels instead.
[AUTO TUNE]     [065: 22982.93]  time:1.607106e+00  MLUPS:036936  cache block size:35226kiB  reps:2  perf err:  9.4%
OMP: Info #277: omp_set_nested routine deprecated, please use omp_set_max_active_levels instead.
[AUTO TUNE]     [065: 22310.50]  time:2.701149e+00  MLUPS:060264  cache block size:35226kiB  reps:3  perf err:  3.0%
OMP: Info #277: omp_set_nested routine deprecated, please use omp_set_max_active_levels instead.
[AUTO TUNE]     [065: 22085.59]  time:3.784912e+00  MLUPS:083592  cache block size:35226kiB  reps:4  perf err:  1.0%
[AUTO TUNE]   Diamond width:20  [wavefronts #: pefromance (MLUPS/s)]
OMP: Info #277: omp_set_nested routine deprecated, please use omp_set_max_active_levels instead.
[AUTO TUNE]     [005: 13168.84]  time:1.623834e+00  MLUPS:021384  cache block size:12274kiB  reps:1  perf err: 100.0%
OMP: Info #277: omp_set_nested routine deprecated, please use omp_set_max_active_levels instead.
[AUTO TUNE]     [005: 12472.79]  time:4.831639e+00  MLUPS:060264  cache block size:12274kiB  reps:2  perf err:  5.6%
OMP: Info #277: omp_set_nested routine deprecated, please use omp_set_max_active_levels instead.
[AUTO TUNE]     [005: 12332.47]  time:8.039266e+00  MLUPS:099144  cache block size:12274kiB  reps:3  perf err:  1.1%
OMP: Info #277: omp_set_nested routine deprecated, please use omp_set_max_active_levels instead.
[AUTO TUNE]     [010: 18600.97]  time:1.149617e+00  MLUPS:021384  cache block size:16264kiB  reps:1  perf err: 100.0%
OMP: Info #277: omp_set_nested routine deprecated, please use omp_set_max_active_levels instead.
[AUTO TUNE]     [010: 17665.16]  time:3.411461e+00  MLUPS:060264  cache block size:16264kiB  reps:2  perf err:  5.3%
OMP: Info #277: omp_set_nested routine deprecated, please use omp_set_max_active_levels instead.
[AUTO TUNE]     [010: 17289.04]  time:5.734499e+00  MLUPS:099144  cache block size:16264kiB  reps:3  perf err:  2.2%
OMP: Info #277: omp_set_nested routine deprecated, please use omp_set_max_active_levels instead.
[AUTO TUNE]     [015: 21281.29]  time:1.004826e+00  MLUPS:021384  cache block size:20254kiB  reps:1  perf err: 100.0%
OMP: Info #277: omp_set_nested routine deprecated, please use omp_set_max_active_levels instead.
[AUTO TUNE]     [015: 20210.89]  time:2.981758e+00  MLUPS:060264  cache block size:20254kiB  reps:2  perf err:  5.3%
OMP: Info #277: omp_set_nested routine deprecated, please use omp_set_max_active_levels instead.
[AUTO TUNE]     [015: 19949.46]  time:4.969758e+00  MLUPS:099144  cache block size:20254kiB  reps:3  perf err:  1.3%
OMP: Info #277: omp_set_nested routine deprecated, please use omp_set_max_active_levels instead.
[AUTO TUNE]     [020: 22702.46]  time:9.419244e-01  MLUPS:021384  cache block size:24244kiB  reps:1  perf err: 100.0%
OMP: Info #277: omp_set_nested routine deprecated, please use omp_set_max_active_levels instead.
[AUTO TUNE]     [020: 21628.49]  time:2.786325e+00  MLUPS:060264  cache block size:24244kiB  reps:2  perf err:  5.0%
OMP: Info #277: omp_set_nested routine deprecated, please use omp_set_max_active_levels instead.
[AUTO TUNE]     [020: 21359.51]  time:4.641679e+00  MLUPS:099144  cache block size:24244kiB  reps:3  perf err:  1.3%
OMP: Info #277: omp_set_nested routine deprecated, please use omp_set_max_active_levels instead.
[AUTO TUNE]     [025: 23561.92]  time:9.075663e-01  MLUPS:021384  cache block size:28234kiB  reps:1  perf err: 100.0%
OMP: Info #277: omp_set_nested routine deprecated, please use omp_set_max_active_levels instead.
[AUTO TUNE]     [025: 22639.22]  time:2.661929e+00  MLUPS:060264  cache block size:28234kiB  reps:2  perf err:  4.1%
OMP: Info #277: omp_set_nested routine deprecated, please use omp_set_max_active_levels instead.
[AUTO TUNE]     [025: 22340.63]  time:4.437834e+00  MLUPS:099144  cache block size:28234kiB  reps:3  perf err:  1.3%
OMP: Info #277: omp_set_nested routine deprecated, please use omp_set_max_active_levels instead.
[AUTO TUNE]     [030: 24395.27]  time:8.765634e-01  MLUPS:021384  cache block size:32224kiB  reps:1  perf err: 100.0%
OMP: Info #277: omp_set_nested routine deprecated, please use omp_set_max_active_levels instead.
[AUTO TUNE]     [030: 23251.46]  time:2.591837e+00  MLUPS:060264  cache block size:32224kiB  reps:2  perf err:  4.9%
OMP: Info #277: omp_set_nested routine deprecated, please use omp_set_max_active_levels instead.
[AUTO TUNE]     [030: 22969.41]  time:4.316349e+00  MLUPS:099144  cache block size:32224kiB  reps:3  perf err:  1.2%
OMP: Info #277: omp_set_nested routine deprecated, please use omp_set_max_active_levels instead.
[AUTO TUNE]     [035: 24566.82]  time:8.704424e-01  MLUPS:021384  cache block size:36214kiB  reps:1  perf err: 100.0%
OMP: Info #277: omp_set_nested routine deprecated, please use omp_set_max_active_levels instead.
[AUTO TUNE]     [035: 23644.88]  time:2.548713e+00  MLUPS:060264  cache block size:36214kiB  reps:2  perf err:  3.9%
OMP: Info #277: omp_set_nested routine deprecated, please use omp_set_max_active_levels instead.
[AUTO TUNE]     [035: 23410.94]  time:4.234943e+00  MLUPS:099144  cache block size:36214kiB  reps:3  perf err:  1.0%
OMP: Info #277: omp_set_nested routine deprecated, please use omp_set_max_active_levels instead.
[AUTO TUNE]     [040: 25003.76]  time:8.552314e-01  MLUPS:021384  cache block size:40204kiB  reps:1  perf err: 100.0%
OMP: Info #277: omp_set_nested routine deprecated, please use omp_set_max_active_levels instead.
[AUTO TUNE]     [040: 24075.83]  time:2.503091e+00  MLUPS:060264  cache block size:40204kiB  reps:2  perf err:  3.9%
OMP: Info #277: omp_set_nested routine deprecated, please use omp_set_max_active_levels instead.
[AUTO TUNE]     [040: 23854.46]  time:4.156204e+00  MLUPS:099144  cache block size:40204kiB  reps:3  perf err:  0.9%
OMP: Info #277: omp_set_nested routine deprecated, please use omp_set_max_active_levels instead.
[AUTO TUNE]     [045: 25302.84]  time:8.451225e-01  MLUPS:021384  cache block size:44194kiB  reps:1  perf err: 100.0%
OMP: Info #277: omp_set_nested routine deprecated, please use omp_set_max_active_levels instead.
[AUTO TUNE]     [045: 24269.22]  time:2.483145e+00  MLUPS:060264  cache block size:44194kiB  reps:2  perf err:  4.3%
OMP: Info #277: omp_set_nested routine deprecated, please use omp_set_max_active_levels instead.
[AUTO TUNE]     [045: 23996.50]  time:4.131603e+00  MLUPS:099144  cache block size:44194kiB  reps:3  perf err:  1.1%
OMP: Info #277: omp_set_nested routine deprecated, please use omp_set_max_active_levels instead.
[AUTO TUNE]     [050: 25555.00]  time:8.367833e-01  MLUPS:021384  cache block size:48184kiB  reps:1  perf err: 100.0%
OMP: Info #277: omp_set_nested routine deprecated, please use omp_set_max_active_levels instead.
[AUTO TUNE]     [050: 24039.31]  time:2.506894e+00  MLUPS:060264  cache block size:48184kiB  reps:2  perf err:  6.3%
OMP: Info #277: omp_set_nested routine deprecated, please use omp_set_max_active_levels instead.
[AUTO TUNE]     [050: 24186.11]  time:4.099211e+00  MLUPS:099144  cache block size:48184kiB  reps:3  perf err:  0.6%
OMP: Info #277: omp_set_nested routine deprecated, please use omp_set_max_active_levels instead.
[AUTO TUNE]     [055: 25629.14]  time:8.343626e-01  MLUPS:021384  cache block size:52174kiB  reps:1  perf err: 100.0%
OMP: Info #277: omp_set_nested routine deprecated, please use omp_set_max_active_levels instead.
[AUTO TUNE]     [055: 24678.64]  time:2.441950e+00  MLUPS:060264  cache block size:52174kiB  reps:2  perf err:  3.9%
OMP: Info #277: omp_set_nested routine deprecated, please use omp_set_max_active_levels instead.
[AUTO TUNE]     [055: 24201.70]  time:4.096571e+00  MLUPS:099144  cache block size:52174kiB  reps:3  perf err:  2.0%
OMP: Info #277: omp_set_nested routine deprecated, please use omp_set_max_active_levels instead.
[AUTO TUNE]     [060: 25546.37]  time:8.370661e-01  MLUPS:021384  cache block size:56164kiB  reps:1  perf err: 100.0%
OMP: Info #277: omp_set_nested routine deprecated, please use omp_set_max_active_levels instead.
[AUTO TUNE]     [060: 24816.27]  time:2.428407e+00  MLUPS:060264  cache block size:56164kiB  reps:2  perf err:  2.9%
OMP: Info #277: omp_set_nested routine deprecated, please use omp_set_max_active_levels instead.
[AUTO TUNE]     [060: 24450.62]  time:4.054866e+00  MLUPS:099144  cache block size:56164kiB  reps:3  perf err:  1.5%
OMP: Info #277: omp_set_nested routine deprecated, please use omp_set_max_active_levels instead.
[AUTO TUNE]     [065: 26033.90]  time:8.213906e-01  MLUPS:021384  cache block size:60154kiB  reps:1  perf err: 100.0%
OMP: Info #277: omp_set_nested routine deprecated, please use omp_set_max_active_levels instead.
[AUTO TUNE]     [065: 24785.65]  time:2.431407e+00  MLUPS:060264  cache block size:60154kiB  reps:2  perf err:  5.0%
OMP: Info #277: omp_set_nested routine deprecated, please use omp_set_max_active_levels instead.
[AUTO TUNE]     [065: 24474.01]  time:4.050992e+00  MLUPS:099144  cache block size:60154kiB  reps:3  perf err:  1.3%
OMP: Info #277: omp_set_nested routine deprecated, please use omp_set_max_active_levels instead.
[AUTO TUNE]     [070: 25901.66]  time:8.255842e-01  MLUPS:021384  cache block size:64144kiB  reps:1  perf err: 100.0%
OMP: Info #277: omp_set_nested routine deprecated, please use omp_set_max_active_levels instead.
[AUTO TUNE]     [070: 24581.70]  time:2.451580e+00  MLUPS:060264  cache block size:64144kiB  reps:2  perf err:  5.4%
OMP: Info #277: omp_set_nested routine deprecated, please use omp_set_max_active_levels instead.
[AUTO TUNE]     [070: 24470.77]  time:4.051527e+00  MLUPS:099144  cache block size:64144kiB  reps:3  perf err:  0.5%
[AUTO TUNE]   Diamond width:24  [wavefronts #: pefromance (MLUPS/s)]
OMP: Info #277: omp_set_nested routine deprecated, please use omp_set_max_active_levels instead.
[AUTO TUNE]     [005: 13289.16]  time:1.901700e+00  MLUPS:025272  cache block size:16530kiB  reps:1  perf err: 100.0%
OMP: Info #277: omp_set_nested routine deprecated, please use omp_set_max_active_levels instead.
[AUTO TUNE]     [005: 12731.34]  time:5.649681e+00  MLUPS:071928  cache block size:16530kiB  reps:2  perf err:  4.4%
OMP: Info #277: omp_set_nested routine deprecated, please use omp_set_max_active_levels instead.
[AUTO TUNE]     [005: 12617.83]  time:9.398133e+00  MLUPS:118584  cache block size:16530kiB  reps:3  perf err:  0.9%
OMP: Info #277: omp_set_nested routine deprecated, please use omp_set_max_active_levels instead.
[AUTO TUNE]     [010: 18757.70]  time:1.347287e+00  MLUPS:025272  cache block size:21280kiB  reps:1  perf err: 100.0%
OMP: Info #277: omp_set_nested routine deprecated, please use omp_set_max_active_levels instead.
[AUTO TUNE]     [010: 18098.40]  time:3.974274e+00  MLUPS:071928  cache block size:21280kiB  reps:2  perf err:  3.6%
OMP: Info #277: omp_set_nested routine deprecated, please use omp_set_max_active_levels instead.
[AUTO TUNE]     [010: 17796.43]  time:6.663358e+00  MLUPS:118584  cache block size:21280kiB  reps:3  perf err:  1.7%
OMP: Info #277: omp_set_nested routine deprecated, please use omp_set_max_active_levels instead.
[AUTO TUNE]     [015: 21386.54]  time:1.181678e+00  MLUPS:025272  cache block size:26030kiB  reps:1  perf err: 100.0%
OMP: Info #277: omp_set_nested routine deprecated, please use omp_set_max_active_levels instead.
[AUTO TUNE]     [015: 20567.67]  time:3.497139e+00  MLUPS:071928  cache block size:26030kiB  reps:2  perf err:  4.0%
OMP: Info #277: omp_set_nested routine deprecated, please use omp_set_max_active_levels instead.
[AUTO TUNE]     [015: 20412.65]  time:5.809339e+00  MLUPS:118584  cache block size:26030kiB  reps:3  perf err:  0.8%
OMP: Info #277: omp_set_nested routine deprecated, please use omp_set_max_active_levels instead.
[AUTO TUNE]     [020: 23050.49]  time:1.096376e+00  MLUPS:025272  cache block size:30780kiB  reps:1  perf err: 100.0%
OMP: Info #277: omp_set_nested routine deprecated, please use omp_set_max_active_levels instead.
[AUTO TUNE]     [020: 22075.64]  time:3.258251e+00  MLUPS:071928  cache block size:30780kiB  reps:2  perf err:  4.4%
OMP: Info #277: omp_set_nested routine deprecated, please use omp_set_max_active_levels instead.
[AUTO TUNE]     [020: 21271.50]  time:5.574784e+00  MLUPS:118584  cache block size:30780kiB  reps:3  perf err:  3.8%
OMP: Info #277: omp_set_nested routine deprecated, please use omp_set_max_active_levels instead.
[AUTO TUNE]     [020: 21829.63]  time:7.569528e+00  MLUPS:165240  cache block size:30780kiB  reps:4  perf err:  2.6%
OMP: Info #277: omp_set_nested routine deprecated, please use omp_set_max_active_levels instead.
[AUTO TUNE]     [020: 21790.53]  time:9.724223e+00  MLUPS:211896  cache block size:30780kiB  reps:5  perf err:  0.2%
OMP: Info #277: omp_set_nested routine deprecated, please use omp_set_max_active_levels instead.
[AUTO TUNE]     [025: 23861.53]  time:1.059110e+00  MLUPS:025272  cache block size:35530kiB  reps:1  perf err: 100.0%
OMP: Info #277: omp_set_nested routine deprecated, please use omp_set_max_active_levels instead.
[AUTO TUNE]     [025: 23075.22]  time:3.117110e+00  MLUPS:071928  cache block size:35530kiB  reps:2  perf err:  3.4%
OMP: Info #277: omp_set_nested routine deprecated, please use omp_set_max_active_levels instead.
[AUTO TUNE]     [025: 22874.84]  time:5.184037e+00  MLUPS:118584  cache block size:35530kiB  reps:3  perf err:  0.9%
OMP: Info #277: omp_set_nested routine deprecated, please use omp_set_max_active_levels instead.
[AUTO TUNE]     [030: 24683.22]  time:1.023854e+00  MLUPS:025272  cache block size:40280kiB  reps:1  perf err: 100.0%
OMP: Info #277: omp_set_nested routine deprecated, please use omp_set_max_active_levels instead.
[AUTO TUNE]     [030: 23796.66]  time:3.022609e+00  MLUPS:071928  cache block size:40280kiB  reps:2  perf err:  3.7%
OMP: Info #277: omp_set_nested routine deprecated, please use omp_set_max_active_levels instead.
[AUTO TUNE]     [030: 23257.53]  time:5.098735e+00  MLUPS:118584  cache block size:40280kiB  reps:3  perf err:  2.3%
OMP: Info #277: omp_set_nested routine deprecated, please use omp_set_max_active_levels instead.
[AUTO TUNE]     [035: 24980.85]  time:1.011655e+00  MLUPS:025272  cache block size:45030kiB  reps:1  perf err: 100.0%
OMP: Info #277: omp_set_nested routine deprecated, please use omp_set_max_active_levels instead.
[AUTO TUNE]     [035: 24211.49]  time:2.970821e+00  MLUPS:071928  cache block size:45030kiB  reps:2  perf err:  3.2%
OMP: Info #277: omp_set_nested routine deprecated, please use omp_set_max_active_levels instead.
[AUTO TUNE]     [035: 24042.00]  time:4.932368e+00  MLUPS:118584  cache block size:45030kiB  reps:3  perf err:  0.7%
OMP: Info #277: omp_set_nested routine deprecated, please use omp_set_max_active_levels instead.
[AUTO TUNE]     [040: 25368.88]  time:9.961810e-01  MLUPS:025272  cache block size:49780kiB  reps:1  perf err: 100.0%
OMP: Info #277: omp_set_nested routine deprecated, please use omp_set_max_active_levels instead.
[AUTO TUNE]     [040: 24637.17]  time:2.919492e+00  MLUPS:071928  cache block size:49780kiB  reps:2  perf err:  3.0%
OMP: Info #277: omp_set_nested routine deprecated, please use omp_set_max_active_levels instead.
[AUTO TUNE]     [040: 24300.19]  time:4.879963e+00  MLUPS:118584  cache block size:49780kiB  reps:3  perf err:  1.4%
OMP: Info #277: omp_set_nested routine deprecated, please use omp_set_max_active_levels instead.
[AUTO TUNE]     [045: 25698.27]  time:9.834126e-01  MLUPS:025272  cache block size:54530kiB  reps:1  perf err: 100.0%
OMP: Info #277: omp_set_nested routine deprecated, please use omp_set_max_active_levels instead.
[AUTO TUNE]     [045: 24789.76]  time:2.901521e+00  MLUPS:071928  cache block size:54530kiB  reps:2  perf err:  3.7%
OMP: Info #277: omp_set_nested routine deprecated, please use omp_set_max_active_levels instead.
[AUTO TUNE]     [045: 24565.65]  time:4.827229e+00  MLUPS:118584  cache block size:54530kiB  reps:3  perf err:  0.9%
OMP: Info #277: omp_set_nested routine deprecated, please use omp_set_max_active_levels instead.
[AUTO TUNE]     [050: 25825.26]  time:9.785769e-01  MLUPS:025272  cache block size:59280kiB  reps:1  perf err: 100.0%
OMP: Info #277: omp_set_nested routine deprecated, please use omp_set_max_active_levels instead.
[AUTO TUNE]     [050: 24904.40]  time:2.888165e+00  MLUPS:071928  cache block size:59280kiB  reps:2  perf err:  3.7%
OMP: Info #277: omp_set_nested routine deprecated, please use omp_set_max_active_levels instead.
[AUTO TUNE]     [050: 24726.00]  time:4.795923e+00  MLUPS:118584  cache block size:59280kiB  reps:3  perf err:  0.7%
OMP: Info #277: omp_set_nested routine deprecated, please use omp_set_max_active_levels instead.
[AUTO TUNE]     [055: 26027.08]  time:9.709885e-01  MLUPS:025272  cache block size:64030kiB  reps:1  perf err: 100.0%
OMP: Info #277: omp_set_nested routine deprecated, please use omp_set_max_active_levels instead.
[AUTO TUNE]     [055: 25022.01]  time:2.874589e+00  MLUPS:071928  cache block size:64030kiB  reps:2  perf err:  4.0%
OMP: Info #277: omp_set_nested routine deprecated, please use omp_set_max_active_levels instead.
[AUTO TUNE]     [055: 24816.91]  time:4.778355e+00  MLUPS:118584  cache block size:64030kiB  reps:3  perf err:  0.8%
OMP: Info #277: omp_set_nested routine deprecated, please use omp_set_max_active_levels instead.
[AUTO TUNE]     [060: 26246.56]  time:9.628692e-01  MLUPS:025272  cache block size:68780kiB  reps:1  perf err: 100.0%
OMP: Info #277: omp_set_nested routine deprecated, please use omp_set_max_active_levels instead.
[AUTO TUNE]     [060: 25181.12]  time:2.856426e+00  MLUPS:071928  cache block size:68780kiB  reps:2  perf err:  4.2%
OMP: Info #277: omp_set_nested routine deprecated, please use omp_set_max_active_levels instead.
[AUTO TUNE]     [060: 24943.18]  time:4.754165e+00  MLUPS:118584  cache block size:68780kiB  reps:3  perf err:  1.0%
OMP: Info #277: omp_set_nested routine deprecated, please use omp_set_max_active_levels instead.
[AUTO TUNE]     [065: 25926.14]  time:9.747691e-01  MLUPS:025272  cache block size:73530kiB  reps:1  perf err: 100.0%
OMP: Info #277: omp_set_nested routine deprecated, please use omp_set_max_active_levels instead.
[AUTO TUNE]     [065: 25140.07]  time:2.861090e+00  MLUPS:071928  cache block size:73530kiB  reps:2  perf err:  3.1%
OMP: Info #277: omp_set_nested routine deprecated, please use omp_set_max_active_levels instead.
[AUTO TUNE]     [065: 23814.96]  time:4.979390e+00  MLUPS:118584  cache block size:73530kiB  reps:3  perf err:  5.6%
OMP: Info #277: omp_set_nested routine deprecated, please use omp_set_max_active_levels instead.
[AUTO TUNE]     [065: 24833.48]  time:6.653920e+00  MLUPS:165240  cache block size:73530kiB  reps:4  perf err:  4.1%
OMP: Info #277: omp_set_nested routine deprecated, please use omp_set_max_active_levels instead.
[AUTO TUNE]     [065: 24845.69]  time:8.528483e+00  MLUPS:211896  cache block size:73530kiB  reps:5  perf err:  0.0%
[AUTO TUNE]   Diamond width:36  [wavefronts #: pefromance (MLUPS/s)]
OMP: Info #277: omp_set_nested routine deprecated, please use omp_set_max_active_levels instead.
[AUTO TUNE]     [005: 13623.59]  time:2.711179e+00  MLUPS:036936  cache block size:32946kiB  reps:1  perf err: 100.0%
OMP: Info #277: omp_set_nested routine deprecated, please use omp_set_max_active_levels instead.
[AUTO TUNE]     [005: 13273.64]  time:8.055063e+00  MLUPS:106920  cache block size:32946kiB  reps:2  perf err:  2.6%
OMP: Info #277: omp_set_nested routine deprecated, please use omp_set_max_active_levels instead.
[AUTO TUNE]     [010: 19238.10]  time:1.919940e+00  MLUPS:036936  cache block size:39976kiB  reps:1  perf err: 100.0%
OMP: Info #277: omp_set_nested routine deprecated, please use omp_set_max_active_levels instead.
[AUTO TUNE]     [010: 18854.08]  time:5.670922e+00  MLUPS:106920  cache block size:39976kiB  reps:2  perf err:  2.0%
OMP: Info #277: omp_set_nested routine deprecated, please use omp_set_max_active_levels instead.
[AUTO TUNE]     [015: 21820.58]  time:1.692714e+00  MLUPS:036936  cache block size:47006kiB  reps:1  perf err: 100.0%
OMP: Info #277: omp_set_nested routine deprecated, please use omp_set_max_active_levels instead.
[AUTO TUNE]     [015: 21605.49]  time:4.948742e+00  MLUPS:106920  cache block size:47006kiB  reps:2  perf err:  1.0%
OMP: Info #277: omp_set_nested routine deprecated, please use omp_set_max_active_levels instead.
[AUTO TUNE]     [020: 23289.81]  time:1.585929e+00  MLUPS:036936  cache block size:54036kiB  reps:1  perf err: 100.0%
OMP: Info #277: omp_set_nested routine deprecated, please use omp_set_max_active_levels instead.
[AUTO TUNE]     [020: 23232.74]  time:4.602127e+00  MLUPS:106920  cache block size:54036kiB  reps:2  perf err:  0.2%
OMP: Info #277: omp_set_nested routine deprecated, please use omp_set_max_active_levels instead.
[AUTO TUNE]     [025: 24267.03]  time:1.522065e+00  MLUPS:036936  cache block size:61066kiB  reps:1  perf err: 100.0%
OMP: Info #277: omp_set_nested routine deprecated, please use omp_set_max_active_levels instead.
[AUTO TUNE]     [025: 24200.08]  time:4.418168e+00  MLUPS:106920  cache block size:61066kiB  reps:2  perf err:  0.3%
OMP: Info #277: omp_set_nested routine deprecated, please use omp_set_max_active_levels instead.
[AUTO TUNE]     [030: 25051.66]  time:1.474393e+00  MLUPS:036936  cache block size:68096kiB  reps:1  perf err: 100.0%
OMP: Info #277: omp_set_nested routine deprecated, please use omp_set_max_active_levels instead.
[AUTO TUNE]     [030: 24585.41]  time:4.348921e+00  MLUPS:106920  cache block size:68096kiB  reps:2  perf err:  1.9%
OMP: Info #277: omp_set_nested routine deprecated, please use omp_set_max_active_levels instead.
[AUTO TUNE]     [035: 25155.24]  time:1.468322e+00  MLUPS:036936  cache block size:75126kiB  reps:1  perf err: 100.0%
OMP: Info #277: omp_set_nested routine deprecated, please use omp_set_max_active_levels instead.
[AUTO TUNE]     [035: 25267.71]  time:4.231487e+00  MLUPS:106920  cache block size:75126kiB  reps:2  perf err:  0.4%
OMP: Info #277: omp_set_nested routine deprecated, please use omp_set_max_active_levels instead.
[AUTO TUNE]     [040: 25515.32]  time:1.447601e+00  MLUPS:036936  cache block size:82156kiB  reps:1  perf err: 100.0%
OMP: Info #277: omp_set_nested routine deprecated, please use omp_set_max_active_levels instead.
[AUTO TUNE]     [040: 25534.20]  time:4.187325e+00  MLUPS:106920  cache block size:82156kiB  reps:2  perf err:  0.1%
OMP: Info #277: omp_set_nested routine deprecated, please use omp_set_max_active_levels instead.
[AUTO TUNE]     [045: 25692.23]  time:1.437633e+00  MLUPS:036936  cache block size:89186kiB  reps:1  perf err: 100.0%
OMP: Info #277: omp_set_nested routine deprecated, please use omp_set_max_active_levels instead.
[AUTO TUNE]     [045: 25682.37]  time:4.163167e+00  MLUPS:106920  cache block size:89186kiB  reps:2  perf err:  0.0%
OMP: Info #277: omp_set_nested routine deprecated, please use omp_set_max_active_levels instead.
[AUTO TUNE]     [050: 25684.72]  time:1.438054e+00  MLUPS:036936  cache block size:96216kiB  reps:1  perf err: 100.0%
OMP: Info #277: omp_set_nested routine deprecated, please use omp_set_max_active_levels instead.
[AUTO TUNE]     [050: 25730.23]  time:4.155423e+00  MLUPS:106920  cache block size:96216kiB  reps:2  perf err:  0.2%
OMP: Info #277: omp_set_nested routine deprecated, please use omp_set_max_active_levels instead.
[AUTO TUNE]     [055: 25837.71]  time:1.429539e+00  MLUPS:036936  cache block size:103246kiB  reps:1  perf err: 100.0%
OMP: Info #277: omp_set_nested routine deprecated, please use omp_set_max_active_levels instead.
[AUTO TUNE]     [055: 25530.11]  time:4.187996e+00  MLUPS:106920  cache block size:103246kiB  reps:2  perf err:  1.2%
[AUTO TUNE]   Diamond width:40  [wavefronts #: pefromance (MLUPS/s)]
OMP: Info #277: omp_set_nested routine deprecated, please use omp_set_max_active_levels instead.
[AUTO TUNE]     [005: 13710.64]  time:2.977541e+00  MLUPS:040824  cache block size:39634kiB  reps:1  perf err: 100.0%
OMP: Info #277: omp_set_nested routine deprecated, please use omp_set_max_active_levels instead.
[AUTO TUNE]     [005: 13355.30]  time:8.879173e+00  MLUPS:118584  cache block size:39634kiB  reps:2  perf err:  2.7%
OMP: Info #277: omp_set_nested routine deprecated, please use omp_set_max_active_levels instead.
[AUTO TUNE]     [010: 19532.22]  time:2.090085e+00  MLUPS:040824  cache block size:47424kiB  reps:1  perf err: 100.0%
OMP: Info #277: omp_set_nested routine deprecated, please use omp_set_max_active_levels instead.
[AUTO TUNE]     [010: 19065.83]  time:6.219714e+00  MLUPS:118584  cache block size:47424kiB  reps:2  perf err:  2.4%
OMP: Info #277: omp_set_nested routine deprecated, please use omp_set_max_active_levels instead.
[AUTO TUNE]     [015: 22115.71]  time:1.845928e+00  MLUPS:040824  cache block size:55214kiB  reps:1  perf err: 100.0%
OMP: Info #277: omp_set_nested routine deprecated, please use omp_set_max_active_levels instead.
[AUTO TUNE]     [015: 21733.83]  time:5.456195e+00  MLUPS:118584  cache block size:55214kiB  reps:2  perf err:  1.8%
OMP: Info #277: omp_set_nested routine deprecated, please use omp_set_max_active_levels instead.
[AUTO TUNE]     [020: 23621.35]  time:1.728267e+00  MLUPS:040824  cache block size:63004kiB  reps:1  perf err: 100.0%
OMP: Info #277: omp_set_nested routine deprecated, please use omp_set_max_active_levels instead.
[AUTO TUNE]     [020: 23189.83]  time:5.113620e+00  MLUPS:118584  cache block size:63004kiB  reps:2  perf err:  1.9%
OMP: Info #277: omp_set_nested routine deprecated, please use omp_set_max_active_levels instead.
[AUTO TUNE]     [025: 24337.16]  time:1.677435e+00  MLUPS:040824  cache block size:70794kiB  reps:1  perf err: 100.0%
OMP: Info #277: omp_set_nested routine deprecated, please use omp_set_max_active_levels instead.
[AUTO TUNE]     [025: 24262.94]  time:4.887454e+00  MLUPS:118584  cache block size:70794kiB  reps:2  perf err:  0.3%
OMP: Info #277: omp_set_nested routine deprecated, please use omp_set_max_active_levels instead.
[AUTO TUNE]     [030: 25076.92]  time:1.627951e+00  MLUPS:040824  cache block size:78584kiB  reps:1  perf err: 100.0%
OMP: Info #277: omp_set_nested routine deprecated, please use omp_set_max_active_levels instead.
[AUTO TUNE]     [030: 24980.83]  time:4.747001e+00  MLUPS:118584  cache block size:78584kiB  reps:2  perf err:  0.4%
OMP: Info #277: omp_set_nested routine deprecated, please use omp_set_max_active_levels instead.
[AUTO TUNE]     [035: 25373.70]  time:1.608910e+00  MLUPS:040824  cache block size:86374kiB  reps:1  perf err: 100.0%
OMP: Info #277: omp_set_nested routine deprecated, please use omp_set_max_active_levels instead.
[AUTO TUNE]     [035: 25388.62]  time:4.670754e+00  MLUPS:118584  cache block size:86374kiB  reps:2  perf err:  0.1%
OMP: Info #277: omp_set_nested routine deprecated, please use omp_set_max_active_levels instead.
[AUTO TUNE]     [040: 25698.21]  time:1.588593e+00  MLUPS:040824  cache block size:94164kiB  reps:1  perf err: 100.0%
OMP: Info #277: omp_set_nested routine deprecated, please use omp_set_max_active_levels instead.
[AUTO TUNE]     [040: 25605.81]  time:4.631136e+00  MLUPS:118584  cache block size:94164kiB  reps:2  perf err:  0.4%
OMP: Info #277: omp_set_nested routine deprecated, please use omp_set_max_active_levels instead.
[AUTO TUNE]     [045: 25735.47]  time:1.586293e+00  MLUPS:040824  cache block size:101954kiB  reps:1  perf err: 100.0%
OMP: Info #277: omp_set_nested routine deprecated, please use omp_set_max_active_levels instead.
[AUTO TUNE]     [045: 25660.69]  time:4.621231e+00  MLUPS:118584  cache block size:101954kiB  reps:2  perf err:  0.3%
OMP: Info #277: omp_set_nested routine deprecated, please use omp_set_max_active_levels instead.
[AUTO TUNE]     [050: 25714.18]  time:1.587607e+00  MLUPS:040824  cache block size:109744kiB  reps:1  perf err: 100.0%
OMP: Info #277: omp_set_nested routine deprecated, please use omp_set_max_active_levels instead.
[AUTO TUNE]     [050: 25742.37]  time:4.606569e+00  MLUPS:118584  cache block size:109744kiB  reps:2  perf err:  0.1%
OMP: Info #277: omp_set_nested routine deprecated, please use omp_set_max_active_levels instead.
[AUTO TUNE]     [055: 25630.71]  time:1.592777e+00  MLUPS:040824  cache block size:117534kiB  reps:1  perf err: 100.0%
OMP: Info #277: omp_set_nested routine deprecated, please use omp_set_max_active_levels instead.
[AUTO TUNE]     [055: 25565.59]  time:4.638422e+00  MLUPS:118584  cache block size:117534kiB  reps:2  perf err:  0.3%
[AUTO TUNE]   Diamond width:60  [wavefronts #: pefromance (MLUPS/s)]
OMP: Info #277: omp_set_nested routine deprecated, please use omp_set_max_active_levels instead.
[AUTO TUNE]     [005: 13655.44]  time:4.413185e+00  MLUPS:060264  cache block size:82194kiB  reps:1  perf err: 100.0%
OMP: Info #277: omp_set_nested routine deprecated, please use omp_set_max_active_levels instead.
[AUTO TUNE]     [005: 13908.14]  time:1.271946e+01  MLUPS:176904  cache block size:82194kiB  reps:2  perf err:  1.8%
OMP: Info #277: omp_set_nested routine deprecated, please use omp_set_max_active_levels instead.
[AUTO TUNE]     [010: 18992.27]  time:3.173081e+00  MLUPS:060264  cache block size:93784kiB  reps:1  perf err: 100.0%
OMP: Info #277: omp_set_nested routine deprecated, please use omp_set_max_active_levels instead.
[AUTO TUNE]     [010: 19562.79]  time:9.042883e+00  MLUPS:176904  cache block size:93784kiB  reps:2  perf err:  2.9%
OMP: Info #277: omp_set_nested routine deprecated, please use omp_set_max_active_levels instead.
[AUTO TUNE]     [015: 22022.56]  time:2.736467e+00  MLUPS:060264  cache block size:105374kiB  reps:1  perf err: 100.0%
OMP: Info #277: omp_set_nested routine deprecated, please use omp_set_max_active_levels instead.
[AUTO TUNE]     [015: 22145.96]  time:7.988094e+00  MLUPS:176904  cache block size:105374kiB  reps:2  perf err:  0.6%
OMP: Info #277: omp_set_nested routine deprecated, please use omp_set_max_active_levels instead.
[AUTO TUNE]     [020: 23030.09]  time:2.616751e+00  MLUPS:060264  cache block size:116964kiB  reps:1  perf err: 100.0%
OMP: Info #277: omp_set_nested routine deprecated, please use omp_set_max_active_levels instead.
[AUTO TUNE]     [020: 23625.24]  time:7.487924e+00  MLUPS:176904  cache block size:116964kiB  reps:2  perf err:  2.5%
OMP: Info #277: omp_set_nested routine deprecated, please use omp_set_max_active_levels instead.
[AUTO TUNE]     [020: 23580.64]  time:1.244852e+01  MLUPS:293544  cache block size:116964kiB  reps:3  perf err:  0.2%
OMP: Info #277: omp_set_nested routine deprecated, please use omp_set_max_active_levels instead.
[AUTO TUNE]     [025: 23950.33]  time:2.516207e+00  MLUPS:060264  cache block size:128554kiB  reps:1  perf err: 100.0%
OMP: Info #277: omp_set_nested routine deprecated, please use omp_set_max_active_levels instead.
[AUTO TUNE]     [025: 24496.02]  time:7.221745e+00  MLUPS:176904  cache block size:128554kiB  reps:2  perf err:  2.2%
OMP: Info #277: omp_set_nested routine deprecated, please use omp_set_max_active_levels instead.
[AUTO TUNE]     [030: 24178.73]  time:2.492438e+00  MLUPS:060264  cache block size:140144kiB  reps:1  perf err: 100.0%
OMP: Info #277: omp_set_nested routine deprecated, please use omp_set_max_active_levels instead.
[AUTO TUNE]     [030: 24949.08]  time:7.090603e+00  MLUPS:176904  cache block size:140144kiB  reps:2  perf err:  3.1%
OMP: Info #277: omp_set_nested routine deprecated, please use omp_set_max_active_levels instead.
[AUTO TUNE]     [030: 24914.37]  time:1.178212e+01  MLUPS:293544  cache block size:140144kiB  reps:3  perf err:  0.1%
OMP: Info #277: omp_set_nested routine deprecated, please use omp_set_max_active_levels instead.
[AUTO TUNE]     [035: 24481.61]  time:2.461603e+00  MLUPS:060264  cache block size:151734kiB  reps:1  perf err: 100.0%
OMP: Info #277: omp_set_nested routine deprecated, please use omp_set_max_active_levels instead.
[AUTO TUNE]     [035: 25172.48]  time:7.027675e+00  MLUPS:176904  cache block size:151734kiB  reps:2  perf err:  2.7%
OMP: Info #277: omp_set_nested routine deprecated, please use omp_set_max_active_levels instead.
[AUTO TUNE]     [035: 25101.74]  time:1.169417e+01  MLUPS:293544  cache block size:151734kiB  reps:3  perf err:  0.3%
OMP: Info #277: omp_set_nested routine deprecated, please use omp_set_max_active_levels instead.
[AUTO TUNE]     [040: 24492.99]  time:2.460459e+00  MLUPS:060264  cache block size:163324kiB  reps:1  perf err: 100.0%
OMP: Info #277: omp_set_nested routine deprecated, please use omp_set_max_active_levels instead.
[AUTO TUNE]     [040: 25180.18]  time:7.025526e+00  MLUPS:176904  cache block size:163324kiB  reps:2  perf err:  2.7%
OMP: Info #277: omp_set_nested routine deprecated, please use omp_set_max_active_levels instead.
[AUTO TUNE]     [040: 25039.70]  time:1.172314e+01  MLUPS:293544  cache block size:163324kiB  reps:3  perf err:  0.6%
[AUTO TUNE] COMPLETE tune case #15: Thread group size:15  thc:01  thx:03  thy:01  thz:05  t_dim:19  bs_z:50  perf:25742.37 MLUP/s

[AUTO TUNE] START tune case #16: Thread group size:15  thc:01  thx:01  thy:01  thz:15  Possilbe diam width: 4 8 12 20 24 36 40 60
[AUTO TUNE]   Diamond width:04  [wavefronts #: pefromance (MLUPS/s)]
OMP: Info #277: omp_set_nested routine deprecated, please use omp_set_max_active_levels instead.
[AUTO TUNE]     [015: 5729.70]  time:1.017855e+00  MLUPS:005832  cache block size:3230kiB  reps:1  perf err: 100.0%
OMP: Info #277: omp_set_nested routine deprecated, please use omp_set_max_active_levels instead.
[AUTO TUNE]     [015: 4444.02]  time:3.062090e+00  MLUPS:013608  cache block size:3230kiB  reps:2  perf err: 28.9%
OMP: Info #277: omp_set_nested routine deprecated, please use omp_set_max_active_levels instead.
[AUTO TUNE]     [015: 4259.59]  time:5.020196e+00  MLUPS:021384  cache block size:3230kiB  reps:3  perf err:  4.3%
OMP: Info #277: omp_set_nested routine deprecated, please use omp_set_max_active_levels instead.
[AUTO TUNE]     [015: 4158.74]  time:7.011743e+00  MLUPS:029160  cache block size:3230kiB  reps:4  perf err:  2.4%
OMP: Info #277: omp_set_nested routine deprecated, please use omp_set_max_active_levels instead.
[AUTO TUNE]     [030: 6260.27]  time:9.315899e-01  MLUPS:005832  cache block size:6080kiB  reps:1  perf err: 100.0%
OMP: Info #277: omp_set_nested routine deprecated, please use omp_set_max_active_levels instead.
[AUTO TUNE]     [030: 4919.51]  time:2.766132e+00  MLUPS:013608  cache block size:6080kiB  reps:2  perf err: 27.3%
OMP: Info #277: omp_set_nested routine deprecated, please use omp_set_max_active_levels instead.
[AUTO TUNE]     [030: 4637.63]  time:4.610977e+00  MLUPS:021384  cache block size:6080kiB  reps:3  perf err:  6.1%
OMP: Info #277: omp_set_nested routine deprecated, please use omp_set_max_active_levels instead.
[AUTO TUNE]     [030: 4529.95]  time:6.437158e+00  MLUPS:029160  cache block size:6080kiB  reps:4  perf err:  2.4%
OMP: Info #277: omp_set_nested routine deprecated, please use omp_set_max_active_levels instead.
[AUTO TUNE]     [045: 6669.08]  time:8.744838e-01  MLUPS:005832  cache block size:8930kiB  reps:1  perf err: 100.0%
OMP: Info #277: omp_set_nested routine deprecated, please use omp_set_max_active_levels instead.
[AUTO TUNE]     [045: 5204.45]  time:2.614685e+00  MLUPS:013608  cache block size:8930kiB  reps:2  perf err: 28.1%
OMP: Info #277: omp_set_nested routine deprecated, please use omp_set_max_active_levels instead.
[AUTO TUNE]     [045: 4857.41]  time:4.402348e+00  MLUPS:021384  cache block size:8930kiB  reps:3  perf err:  7.1%
OMP: Info #277: omp_set_nested routine deprecated, please use omp_set_max_active_levels instead.
[AUTO TUNE]     [045: 4773.68]  time:6.108501e+00  MLUPS:029160  cache block size:8930kiB  reps:4  perf err:  1.8%
OMP: Info #277: omp_set_nested routine deprecated, please use omp_set_max_active_levels instead.
[AUTO TUNE]     [060: 6612.29]  time:8.819943e-01  MLUPS:005832  cache block size:11780kiB  reps:1  perf err: 100.0%
OMP: Info #277: omp_set_nested routine deprecated, please use omp_set_max_active_levels instead.
[AUTO TUNE]     [060: 5150.65]  time:2.641997e+00  MLUPS:013608  cache block size:11780kiB  reps:2  perf err: 28.4%
OMP: Info #277: omp_set_nested routine deprecated, please use omp_set_max_active_levels instead.
[AUTO TUNE]     [060: 4902.21]  time:4.362113e+00  MLUPS:021384  cache block size:11780kiB  reps:3  perf err:  5.1%
OMP: Info #277: omp_set_nested routine deprecated, please use omp_set_max_active_levels instead.
[AUTO TUNE]     [060: 4694.97]  time:6.210908e+00  MLUPS:029160  cache block size:11780kiB  reps:4  perf err:  4.4%
OMP: Info #277: omp_set_nested routine deprecated, please use omp_set_max_active_levels instead.
[AUTO TUNE]     [060: 4633.78]  time:7.971037e+00  MLUPS:036936  cache block size:11780kiB  reps:5  perf err:  1.3%
[AUTO TUNE]   Diamond width:08  [wavefronts #: pefromance (MLUPS/s)]
OMP: Info #277: omp_set_nested routine deprecated, please use omp_set_max_active_levels instead.
[AUTO TUNE]     [015: 10840.51]  time:8.966366e-01  MLUPS:009720  cache block size:6574kiB  reps:1  perf err: 100.0%
OMP: Info #277: omp_set_nested routine deprecated, please use omp_set_max_active_levels instead.
[AUTO TUNE]     [015: 9461.41]  time:2.671061e+00  MLUPS:025272  cache block size:6574kiB  reps:2  perf err: 14.6%
OMP: Info #277: omp_set_nested routine deprecated, please use omp_set_max_active_levels instead.
[AUTO TUNE]     [015: 9253.18]  time:4.411887e+00  MLUPS:040824  cache block size:6574kiB  reps:3  perf err:  2.3%
OMP: Info #277: omp_set_nested routine deprecated, please use omp_set_max_active_levels instead.
[AUTO TUNE]     [030: 11875.74]  time:8.184750e-01  MLUPS:009720  cache block size:11704kiB  reps:1  perf err: 100.0%
OMP: Info #277: omp_set_nested routine deprecated, please use omp_set_max_active_levels instead.
[AUTO TUNE]     [030: 10366.64]  time:2.437821e+00  MLUPS:025272  cache block size:11704kiB  reps:2  perf err: 14.6%
OMP: Info #277: omp_set_nested routine deprecated, please use omp_set_max_active_levels instead.
[AUTO TUNE]     [030: 10155.93]  time:4.019722e+00  MLUPS:040824  cache block size:11704kiB  reps:3  perf err:  2.1%
OMP: Info #277: omp_set_nested routine deprecated, please use omp_set_max_active_levels instead.
[AUTO TUNE]     [045: 11822.15]  time:8.221854e-01  MLUPS:009720  cache block size:16834kiB  reps:1  perf err: 100.0%
OMP: Info #277: omp_set_nested routine deprecated, please use omp_set_max_active_levels instead.
[AUTO TUNE]     [045: 10644.93]  time:2.374089e+00  MLUPS:025272  cache block size:16834kiB  reps:2  perf err: 11.1%
OMP: Info #277: omp_set_nested routine deprecated, please use omp_set_max_active_levels instead.
[AUTO TUNE]     [045: 10131.15]  time:4.029551e+00  MLUPS:040824  cache block size:16834kiB  reps:3  perf err:  5.1%
OMP: Info #277: omp_set_nested routine deprecated, please use omp_set_max_active_levels instead.
[AUTO TUNE]     [045: 10097.58]  time:5.583119e+00  MLUPS:056376  cache block size:16834kiB  reps:4  perf err:  0.3%
[AUTO TUNE]   Diamond width:12  [wavefronts #: pefromance (MLUPS/s)]
OMP: Info #277: omp_set_nested routine deprecated, please use omp_set_max_active_levels instead.
[AUTO TUNE]     [015: 15816.54]  time:8.603654e-01  MLUPS:013608  cache block size:10526kiB  reps:1  perf err: 100.0%
OMP: Info #277: omp_set_nested routine deprecated, please use omp_set_max_active_levels instead.
[AUTO TUNE]     [015: 14538.12]  time:2.540631e+00  MLUPS:036936  cache block size:10526kiB  reps:2  perf err:  8.8%
OMP: Info #277: omp_set_nested routine deprecated, please use omp_set_max_active_levels instead.
[AUTO TUNE]     [015: 14283.63]  time:4.219095e+00  MLUPS:060264  cache block size:10526kiB  reps:3  perf err:  1.8%
OMP: Info #277: omp_set_nested routine deprecated, please use omp_set_max_active_levels instead.
[AUTO TUNE]     [030: 16830.24]  time:8.085448e-01  MLUPS:013608  cache block size:17936kiB  reps:1  perf err: 100.0%
OMP: Info #277: omp_set_nested routine deprecated, please use omp_set_max_active_levels instead.
[AUTO TUNE]     [030: 15914.66]  time:2.320879e+00  MLUPS:036936  cache block size:17936kiB  reps:2  perf err:  5.8%
OMP: Info #277: omp_set_nested routine deprecated, please use omp_set_max_active_levels instead.
[AUTO TUNE]     [030: 15658.62]  time:3.848616e+00  MLUPS:060264  cache block size:17936kiB  reps:3  perf err:  1.6%
OMP: Info #277: omp_set_nested routine deprecated, please use omp_set_max_active_levels instead.
[AUTO TUNE]     [045: 17776.03]  time:7.655251e-01  MLUPS:013608  cache block size:25346kiB  reps:1  perf err: 100.0%
OMP: Info #277: omp_set_nested routine deprecated, please use omp_set_max_active_levels instead.
[AUTO TUNE]     [045: 16107.67]  time:2.293070e+00  MLUPS:036936  cache block size:25346kiB  reps:2  perf err: 10.4%
OMP: Info #277: omp_set_nested routine deprecated, please use omp_set_max_active_levels instead.
[AUTO TUNE]     [045: 16115.34]  time:3.739543e+00  MLUPS:060264  cache block size:25346kiB  reps:3  perf err:  0.0%
OMP: Info #277: omp_set_nested routine deprecated, please use omp_set_max_active_levels instead.
[AUTO TUNE]     [060: 16173.89]  time:8.413559e-01  MLUPS:013608  cache block size:32756kiB  reps:1  perf err: 100.0%
OMP: Info #277: omp_set_nested routine deprecated, please use omp_set_max_active_levels instead.
[AUTO TUNE]     [060: 16439.90]  time:2.246730e+00  MLUPS:036936  cache block size:32756kiB  reps:2  perf err:  1.6%
OMP: Info #277: omp_set_nested routine deprecated, please use omp_set_max_active_levels instead.
[AUTO TUNE]     [075: 17744.38]  time:7.668907e-01  MLUPS:013608  cache block size:40166kiB  reps:1  perf err: 100.0%
OMP: Info #277: omp_set_nested routine deprecated, please use omp_set_max_active_levels instead.
[AUTO TUNE]     [075: 16379.26]  time:2.255048e+00  MLUPS:036936  cache block size:40166kiB  reps:2  perf err:  8.3%
OMP: Info #277: omp_set_nested routine deprecated, please use omp_set_max_active_levels instead.
[AUTO TUNE]     [075: 15985.68]  time:3.769873e+00  MLUPS:060264  cache block size:40166kiB  reps:3  perf err:  2.5%
[AUTO TUNE]   Diamond width:20  [wavefronts #: pefromance (MLUPS/s)]
OMP: Info #277: omp_set_nested routine deprecated, please use omp_set_max_active_levels instead.
[AUTO TUNE]     [015: 24931.87]  time:8.576973e-01  MLUPS:021384  cache block size:20254kiB  reps:1  perf err: 100.0%
OMP: Info #277: omp_set_nested routine deprecated, please use omp_set_max_active_levels instead.
[AUTO TUNE]     [015: 23414.04]  time:2.573841e+00  MLUPS:060264  cache block size:20254kiB  reps:2  perf err:  6.5%
OMP: Info #277: omp_set_nested routine deprecated, please use omp_set_max_active_levels instead.
[AUTO TUNE]     [015: 23156.95]  time:4.281392e+00  MLUPS:099144  cache block size:20254kiB  reps:3  perf err:  1.1%
OMP: Info #277: omp_set_nested routine deprecated, please use omp_set_max_active_levels instead.
[AUTO TUNE]     [030: 27454.16]  time:7.788984e-01  MLUPS:021384  cache block size:32224kiB  reps:1  perf err: 100.0%
OMP: Info #277: omp_set_nested routine deprecated, please use omp_set_max_active_levels instead.
[AUTO TUNE]     [030: 26367.32]  time:2.285557e+00  MLUPS:060264  cache block size:32224kiB  reps:2  perf err:  4.1%
OMP: Info #277: omp_set_nested routine deprecated, please use omp_set_max_active_levels instead.
[AUTO TUNE]     [030: 26388.68]  time:3.757066e+00  MLUPS:099144  cache block size:32224kiB  reps:3  perf err:  0.1%
OMP: Info #277: omp_set_nested routine deprecated, please use omp_set_max_active_levels instead.
[AUTO TUNE]     [045: 26968.41]  time:7.929278e-01  MLUPS:021384  cache block size:44194kiB  reps:1  perf err: 100.0%
OMP: Info #277: omp_set_nested routine deprecated, please use omp_set_max_active_levels instead.
[AUTO TUNE]     [045: 26243.98]  time:2.296298e+00  MLUPS:060264  cache block size:44194kiB  reps:2  perf err:  2.8%
OMP: Info #277: omp_set_nested routine deprecated, please use omp_set_max_active_levels instead.
[AUTO TUNE]     [045: 25964.65]  time:3.818423e+00  MLUPS:099144  cache block size:44194kiB  reps:3  perf err:  1.1%
[AUTO TUNE]   Diamond width:24  [wavefronts #: pefromance (MLUPS/s)]
OMP: Info #277: omp_set_nested routine deprecated, please use omp_set_max_active_levels instead.
[AUTO TUNE]     [015: 27879.81]  time:9.064625e-01  MLUPS:025272  cache block size:26030kiB  reps:1  perf err: 100.0%
OMP: Info #277: omp_set_nested routine deprecated, please use omp_set_max_active_levels instead.
[AUTO TUNE]     [015: 26243.99]  time:2.740742e+00  MLUPS:071928  cache block size:26030kiB  reps:2  perf err:  6.2%
OMP: Info #277: omp_set_nested routine deprecated, please use omp_set_max_active_levels instead.
[AUTO TUNE]     [015: 25948.90]  time:4.569905e+00  MLUPS:118584  cache block size:26030kiB  reps:3  perf err:  1.1%
OMP: Info #277: omp_set_nested routine deprecated, please use omp_set_max_active_levels instead.
[AUTO TUNE]     [030: 32038.77]  time:7.887944e-01  MLUPS:025272  cache block size:40280kiB  reps:1  perf err: 100.0%
OMP: Info #277: omp_set_nested routine deprecated, please use omp_set_max_active_levels instead.
[AUTO TUNE]     [030: 30819.37]  time:2.333857e+00  MLUPS:071928  cache block size:40280kiB  reps:2  perf err:  4.0%
OMP: Info #277: omp_set_nested routine deprecated, please use omp_set_max_active_levels instead.
[AUTO TUNE]     [030: 30874.03]  time:3.840898e+00  MLUPS:118584  cache block size:40280kiB  reps:3  perf err:  0.2%
OMP: Info #277: omp_set_nested routine deprecated, please use omp_set_max_active_levels instead.
[AUTO TUNE]     [045: 31453.30]  time:8.034769e-01  MLUPS:025272  cache block size:54530kiB  reps:1  perf err: 100.0%
OMP: Info #277: omp_set_nested routine deprecated, please use omp_set_max_active_levels instead.
[AUTO TUNE]     [045: 30509.64]  time:2.357550e+00  MLUPS:071928  cache block size:54530kiB  reps:2  perf err:  3.1%
OMP: Info #277: omp_set_nested routine deprecated, please use omp_set_max_active_levels instead.
[AUTO TUNE]     [045: 30252.94]  time:3.919752e+00  MLUPS:118584  cache block size:54530kiB  reps:3  perf err:  0.8%
[AUTO TUNE]   Diamond width:36  [wavefronts #: pefromance (MLUPS/s)]
OMP: Info #277: omp_set_nested routine deprecated, please use omp_set_max_active_levels instead.
[AUTO TUNE]     [015: 30414.30]  time:1.214429e+00  MLUPS:036936  cache block size:47006kiB  reps:1  perf err: 100.0%
OMP: Info #277: omp_set_nested routine deprecated, please use omp_set_max_active_levels instead.
[AUTO TUNE]     [015: 30092.91]  time:3.552997e+00  MLUPS:106920  cache block size:47006kiB  reps:2  perf err:  1.1%
OMP: Info #277: omp_set_nested routine deprecated, please use omp_set_max_active_levels instead.
[AUTO TUNE]     [030: 38275.88]  time:9.649942e-01  MLUPS:036936  cache block size:68096kiB  reps:1  perf err: 100.0%
OMP: Info #277: omp_set_nested routine deprecated, please use omp_set_max_active_levels instead.
[AUTO TUNE]     [030: 37072.61]  time:2.884070e+00  MLUPS:106920  cache block size:68096kiB  reps:2  perf err:  3.2%
OMP: Info #277: omp_set_nested routine deprecated, please use omp_set_max_active_levels instead.
[AUTO TUNE]     [030: 38116.89]  time:4.641092e+00  MLUPS:176904  cache block size:68096kiB  reps:3  perf err:  2.7%
OMP: Info #277: omp_set_nested routine deprecated, please use omp_set_max_active_levels instead.
[AUTO TUNE]     [030: 37941.24]  time:6.507114e+00  MLUPS:246888  cache block size:68096kiB  reps:4  perf err:  0.5%
OMP: Info #277: omp_set_nested routine deprecated, please use omp_set_max_active_levels instead.
[AUTO TUNE]     [045: 38223.41]  time:9.663188e-01  MLUPS:036936  cache block size:89186kiB  reps:1  perf err: 100.0%
OMP: Info #277: omp_set_nested routine deprecated, please use omp_set_max_active_levels instead.
[AUTO TUNE]     [045: 37825.54]  time:2.826661e+00  MLUPS:106920  cache block size:89186kiB  reps:2  perf err:  1.1%
[AUTO TUNE]   Diamond width:40  [wavefronts #: pefromance (MLUPS/s)]
OMP: Info #277: omp_set_nested routine deprecated, please use omp_set_max_active_levels instead.
[AUTO TUNE]     [015: 30730.81]  time:1.328439e+00  MLUPS:040824  cache block size:55214kiB  reps:1  perf err: 100.0%
OMP: Info #277: omp_set_nested routine deprecated, please use omp_set_max_active_levels instead.
[AUTO TUNE]     [015: 30574.22]  time:3.878562e+00  MLUPS:118584  cache block size:55214kiB  reps:2  perf err:  0.5%
OMP: Info #277: omp_set_nested routine deprecated, please use omp_set_max_active_levels instead.
[AUTO TUNE]     [030: 38056.51]  time:1.072721e+00  MLUPS:040824  cache block size:78584kiB  reps:1  perf err: 100.0%
OMP: Info #277: omp_set_nested routine deprecated, please use omp_set_max_active_levels instead.
[AUTO TUNE]     [030: 38085.48]  time:3.113628e+00  MLUPS:118584  cache block size:78584kiB  reps:2  perf err:  0.1%
OMP: Info #277: omp_set_nested routine deprecated, please use omp_set_max_active_levels instead.
[AUTO TUNE]     [045: 37959.11]  time:1.075473e+00  MLUPS:040824  cache block size:101954kiB  reps:1  perf err: 100.0%
OMP: Info #277: omp_set_nested routine deprecated, please use omp_set_max_active_levels instead.
[AUTO TUNE]     [045: 37927.31]  time:3.126613e+00  MLUPS:118584  cache block size:101954kiB  reps:2  perf err:  0.1%
[AUTO TUNE]   Diamond width:60  [wavefronts #: pefromance (MLUPS/s)]
OMP: Info #277: omp_set_nested routine deprecated, please use omp_set_max_active_levels instead.
[AUTO TUNE]     [015: 33114.75]  time:1.819854e+00  MLUPS:060264  cache block size:105374kiB  reps:1  perf err: 100.0%
OMP: Info #277: omp_set_nested routine deprecated, please use omp_set_max_active_levels instead.
[AUTO TUNE]     [015: 33525.74]  time:5.276662e+00  MLUPS:176904  cache block size:105374kiB  reps:2  perf err:  1.2%
OMP: Info #277: omp_set_nested routine deprecated, please use omp_set_max_active_levels instead.
[AUTO TUNE]     [030: 35299.93]  time:1.707199e+00  MLUPS:060264  cache block size:140144kiB  reps:1  perf err: 100.0%
OMP: Info #277: omp_set_nested routine deprecated, please use omp_set_max_active_levels instead.
[AUTO TUNE]     [030: 36042.06]  time:4.908265e+00  MLUPS:176904  cache block size:140144kiB  reps:2  perf err:  2.1%
OMP: Info #277: omp_set_nested routine deprecated, please use omp_set_max_active_levels instead.
[AUTO TUNE]     [045: 36136.25]  time:1.667688e+00  MLUPS:060264  cache block size:174914kiB  reps:1  perf err: 100.0%
OMP: Info #277: omp_set_nested routine deprecated, please use omp_set_max_active_levels instead.
[AUTO TUNE]     [045: 36429.67]  time:4.856042e+00  MLUPS:176904  cache block size:174914kiB  reps:2  perf err:  0.8%
OMP: Info #277: omp_set_nested routine deprecated, please use omp_set_max_active_levels instead.
[AUTO TUNE]     [060: 36521.37]  time:1.650102e+00  MLUPS:060264  cache block size:209684kiB  reps:1  perf err: 100.0%
OMP: Info #277: omp_set_nested routine deprecated, please use omp_set_max_active_levels instead.
[AUTO TUNE]     [060: 36875.52]  time:4.797329e+00  MLUPS:176904  cache block size:209684kiB  reps:2  perf err:  1.0%
OMP: Info #277: omp_set_nested routine deprecated, please use omp_set_max_active_levels instead.
[AUTO TUNE]     [075: 35981.80]  time:1.674847e+00  MLUPS:060264  cache block size:244454kiB  reps:1  perf err: 100.0%
OMP: Info #277: omp_set_nested routine deprecated, please use omp_set_max_active_levels instead.
[AUTO TUNE]     [075: 36140.19]  time:4.894938e+00  MLUPS:176904  cache block size:244454kiB  reps:2  perf err:  0.4%
[AUTO TUNE] COMPLETE tune case #16: Thread group size:15  thc:01  thx:01  thy:01  thz:15  t_dim:19  bs_z:30  perf:38085.48 MLUP/s

[AUTO TUNE] START tune case #17: Thread group size:30  thc:01  thx:03  thy:02  thz:05  Possilbe diam width: 4 8 12 20 24 36 40 60 72
[AUTO TUNE]   Diamond width:04  [wavefronts #: pefromance (MLUPS/s)]
OMP: Info #277: omp_set_nested routine deprecated, please use omp_set_max_active_levels instead.
[AUTO TUNE]     [005: 5423.18]  time:1.075383e+00  MLUPS:005832  cache block size:665kiB  reps:1  perf err: 100.0%
OMP: Info #277: omp_set_nested routine deprecated, please use omp_set_max_active_levels instead.
[AUTO TUNE]     [005: 4205.94]  time:3.235426e+00  MLUPS:013608  cache block size:665kiB  reps:2  perf err: 28.9%
OMP: Info #277: omp_set_nested routine deprecated, please use omp_set_max_active_levels instead.
[AUTO TUNE]     [005: 3961.19]  time:5.398374e+00  MLUPS:021384  cache block size:665kiB  reps:3  perf err:  6.2%
OMP: Info #277: omp_set_nested routine deprecated, please use omp_set_max_active_levels instead.
[AUTO TUNE]     [005: 3874.87]  time:7.525405e+00  MLUPS:029160  cache block size:665kiB  reps:4  perf err:  2.2%
OMP: Info #277: omp_set_nested routine deprecated, please use omp_set_max_active_levels instead.
[AUTO TUNE]     [010: 7472.55]  time:7.804561e-01  MLUPS:005832  cache block size:1140kiB  reps:1  perf err: 100.0%
OMP: Info #277: omp_set_nested routine deprecated, please use omp_set_max_active_levels instead.
[AUTO TUNE]     [010: 5837.69]  time:2.331060e+00  MLUPS:013608  cache block size:1140kiB  reps:2  perf err: 28.0%
OMP: Info #277: omp_set_nested routine deprecated, please use omp_set_max_active_levels instead.
[AUTO TUNE]     [010: 5525.30]  time:3.870195e+00  MLUPS:021384  cache block size:1140kiB  reps:3  perf err:  5.7%
OMP: Info #277: omp_set_nested routine deprecated, please use omp_set_max_active_levels instead.
[AUTO TUNE]     [010: 5356.03]  time:5.444335e+00  MLUPS:029160  cache block size:1140kiB  reps:4  perf err:  3.2%
OMP: Info #277: omp_set_nested routine deprecated, please use omp_set_max_active_levels instead.
[AUTO TUNE]     [010: 5285.92]  time:6.987618e+00  MLUPS:036936  cache block size:1140kiB  reps:5  perf err:  1.3%
OMP: Info #277: omp_set_nested routine deprecated, please use omp_set_max_active_levels instead.
[AUTO TUNE]     [015: 8630.39]  time:6.757518e-01  MLUPS:005832  cache block size:1615kiB  reps:1  perf err: 100.0%
OMP: Info #277: omp_set_nested routine deprecated, please use omp_set_max_active_levels instead.
[AUTO TUNE]     [015: 6680.67]  time:2.036923e+00  MLUPS:013608  cache block size:1615kiB  reps:2  perf err: 29.2%
OMP: Info #277: omp_set_nested routine deprecated, please use omp_set_max_active_levels instead.
[AUTO TUNE]     [015: 6263.32]  time:3.414165e+00  MLUPS:021384  cache block size:1615kiB  reps:3  perf err:  6.7%
OMP: Info #277: omp_set_nested routine deprecated, please use omp_set_max_active_levels instead.
[AUTO TUNE]     [015: 6101.49]  time:4.779162e+00  MLUPS:029160  cache block size:1615kiB  reps:4  perf err:  2.7%
OMP: Info #277: omp_set_nested routine deprecated, please use omp_set_max_active_levels instead.
[AUTO TUNE]     [015: 6004.99]  time:6.150887e+00  MLUPS:036936  cache block size:1615kiB  reps:5  perf err:  1.6%
OMP: Info #277: omp_set_nested routine deprecated, please use omp_set_max_active_levels instead.
[AUTO TUNE]     [020: 9137.56]  time:6.382450e-01  MLUPS:005832  cache block size:2090kiB  reps:1  perf err: 100.0%
OMP: Info #277: omp_set_nested routine deprecated, please use omp_set_max_active_levels instead.
[AUTO TUNE]     [020: 7061.89]  time:1.926962e+00  MLUPS:013608  cache block size:2090kiB  reps:2  perf err: 29.4%
OMP: Info #277: omp_set_nested routine deprecated, please use omp_set_max_active_levels instead.
[AUTO TUNE]     [020: 6374.35]  time:3.354694e+00  MLUPS:021384  cache block size:2090kiB  reps:3  perf err: 10.8%
OMP: Info #277: omp_set_nested routine deprecated, please use omp_set_max_active_levels instead.
[AUTO TUNE]     [020: 6478.43]  time:4.501090e+00  MLUPS:029160  cache block size:2090kiB  reps:4  perf err:  1.6%
OMP: Info #277: omp_set_nested routine deprecated, please use omp_set_max_active_levels instead.
[AUTO TUNE]     [025: 9142.53]  time:6.378977e-01  MLUPS:005832  cache block size:2565kiB  reps:1  perf err: 100.0%
OMP: Info #277: omp_set_nested routine deprecated, please use omp_set_max_active_levels instead.
[AUTO TUNE]     [025: 7356.37]  time:1.849824e+00  MLUPS:013608  cache block size:2565kiB  reps:2  perf err: 24.3%
OMP: Info #277: omp_set_nested routine deprecated, please use omp_set_max_active_levels instead.
[AUTO TUNE]     [025: 6925.94]  time:3.087522e+00  MLUPS:021384  cache block size:2565kiB  reps:3  perf err:  6.2%
OMP: Info #277: omp_set_nested routine deprecated, please use omp_set_max_active_levels instead.
[AUTO TUNE]     [025: 6746.05]  time:4.322529e+00  MLUPS:029160  cache block size:2565kiB  reps:4  perf err:  2.7%
OMP: Info #277: omp_set_nested routine deprecated, please use omp_set_max_active_levels instead.
[AUTO TUNE]     [025: 6680.52]  time:5.528915e+00  MLUPS:036936  cache block size:2565kiB  reps:5  perf err:  1.0%
OMP: Info #277: omp_set_nested routine deprecated, please use omp_set_max_active_levels instead.
[AUTO TUNE]     [030: 9759.38]  time:5.975790e-01  MLUPS:005832  cache block size:3040kiB  reps:1  perf err: 100.0%
OMP: Info #277: omp_set_nested routine deprecated, please use omp_set_max_active_levels instead.
[AUTO TUNE]     [030: 7613.14]  time:1.787437e+00  MLUPS:013608  cache block size:3040kiB  reps:2  perf err: 28.2%
OMP: Info #277: omp_set_nested routine deprecated, please use omp_set_max_active_levels instead.
[AUTO TUNE]     [030: 7179.25]  time:2.978584e+00  MLUPS:021384  cache block size:3040kiB  reps:3  perf err:  6.0%
OMP: Info #277: omp_set_nested routine deprecated, please use omp_set_max_active_levels instead.
[AUTO TUNE]     [030: 6988.80]  time:4.172389e+00  MLUPS:029160  cache block size:3040kiB  reps:4  perf err:  2.7%
OMP: Info #277: omp_set_nested routine deprecated, please use omp_set_max_active_levels instead.
[AUTO TUNE]     [030: 6849.42]  time:5.392572e+00  MLUPS:036936  cache block size:3040kiB  reps:5  perf err:  2.0%
OMP: Info #277: omp_set_nested routine deprecated, please use omp_set_max_active_levels instead.
[AUTO TUNE]     [035: 9894.24]  time:5.894336e-01  MLUPS:005832  cache block size:3515kiB  reps:1  perf err: 100.0%
OMP: Info #277: omp_set_nested routine deprecated, please use omp_set_max_active_levels instead.
[AUTO TUNE]     [035: 7601.78]  time:1.790107e+00  MLUPS:013608  cache block size:3515kiB  reps:2  perf err: 30.2%
OMP: Info #277: omp_set_nested routine deprecated, please use omp_set_max_active_levels instead.
[AUTO TUNE]     [035: 7250.30]  time:2.949395e+00  MLUPS:021384  cache block size:3515kiB  reps:3  perf err:  4.8%
OMP: Info #277: omp_set_nested routine deprecated, please use omp_set_max_active_levels instead.
[AUTO TUNE]     [035: 7060.96]  time:4.129750e+00  MLUPS:029160  cache block size:3515kiB  reps:4  perf err:  2.7%
OMP: Info #277: omp_set_nested routine deprecated, please use omp_set_max_active_levels instead.
[AUTO TUNE]     [035: 6951.37]  time:5.313484e+00  MLUPS:036936  cache block size:3515kiB  reps:5  perf err:  1.6%
OMP: Info #277: omp_set_nested routine deprecated, please use omp_set_max_active_levels instead.
[AUTO TUNE]     [040: 9875.09]  time:5.905768e-01  MLUPS:005832  cache block size:3990kiB  reps:1  perf err: 100.0%
OMP: Info #277: omp_set_nested routine deprecated, please use omp_set_max_active_levels instead.
[AUTO TUNE]     [040: 7704.00]  time:1.766354e+00  MLUPS:013608  cache block size:3990kiB  reps:2  perf err: 28.2%
OMP: Info #277: omp_set_nested routine deprecated, please use omp_set_max_active_levels instead.
[AUTO TUNE]     [040: 7302.90]  time:2.928152e+00  MLUPS:021384  cache block size:3990kiB  reps:3  perf err:  5.5%
OMP: Info #277: omp_set_nested routine deprecated, please use omp_set_max_active_levels instead.
[AUTO TUNE]     [040: 6866.48]  time:4.246717e+00  MLUPS:029160  cache block size:3990kiB  reps:4  perf err:  6.4%
OMP: Info #277: omp_set_nested routine deprecated, please use omp_set_max_active_levels instead.
[AUTO TUNE]     [040: 7086.69]  time:5.212024e+00  MLUPS:036936  cache block size:3990kiB  reps:5  perf err:  3.1%
OMP: Info #277: omp_set_nested routine deprecated, please use omp_set_max_active_levels instead.
[AUTO TUNE]     [040: 6940.13]  time:6.442526e+00  MLUPS:044712  cache block size:3990kiB  reps:6  perf err:  2.1%
[AUTO TUNE]   Diamond width:08  [wavefronts #: pefromance (MLUPS/s)]
OMP: Info #277: omp_set_nested routine deprecated, please use omp_set_max_active_levels instead.
[AUTO TUNE]     [005: 8471.13]  time:1.147426e+00  MLUPS:009720  cache block size:1577kiB  reps:1  perf err: 100.0%
OMP: Info #277: omp_set_nested routine deprecated, please use omp_set_max_active_levels instead.
[AUTO TUNE]     [005: 7353.91]  time:3.436540e+00  MLUPS:025272  cache block size:1577kiB  reps:2  perf err: 15.2%
OMP: Info #277: omp_set_nested routine deprecated, please use omp_set_max_active_levels instead.
[AUTO TUNE]     [005: 7148.84]  time:5.710574e+00  MLUPS:040824  cache block size:1577kiB  reps:3  perf err:  2.9%
OMP: Info #277: omp_set_nested routine deprecated, please use omp_set_max_active_levels instead.
[AUTO TUNE]     [005: 7034.87]  time:8.013797e+00  MLUPS:056376  cache block size:1577kiB  reps:4  perf err:  1.6%
OMP: Info #277: omp_set_nested routine deprecated, please use omp_set_max_active_levels instead.
[AUTO TUNE]     [010: 12175.91]  time:7.982978e-01  MLUPS:009720  cache block size:2432kiB  reps:1  perf err: 100.0%
OMP: Info #277: omp_set_nested routine deprecated, please use omp_set_max_active_levels instead.
[AUTO TUNE]     [010: 10636.60]  time:2.375947e+00  MLUPS:025272  cache block size:2432kiB  reps:2  perf err: 14.5%
OMP: Info #277: omp_set_nested routine deprecated, please use omp_set_max_active_levels instead.
[AUTO TUNE]     [010: 10356.28]  time:3.941956e+00  MLUPS:040824  cache block size:2432kiB  reps:3  perf err:  2.7%
OMP: Info #277: omp_set_nested routine deprecated, please use omp_set_max_active_levels instead.
[AUTO TUNE]     [010: 10168.47]  time:5.544198e+00  MLUPS:056376  cache block size:2432kiB  reps:4  perf err:  1.8%
OMP: Info #277: omp_set_nested routine deprecated, please use omp_set_max_active_levels instead.
[AUTO TUNE]     [015: 13980.17]  time:6.952705e-01  MLUPS:009720  cache block size:3287kiB  reps:1  perf err: 100.0%
OMP: Info #277: omp_set_nested routine deprecated, please use omp_set_max_active_levels instead.
[AUTO TUNE]     [015: 12032.27]  time:2.100352e+00  MLUPS:025272  cache block size:3287kiB  reps:2  perf err: 16.2%
OMP: Info #277: omp_set_nested routine deprecated, please use omp_set_max_active_levels instead.
[AUTO TUNE]     [015: 11717.11]  time:3.484137e+00  MLUPS:040824  cache block size:3287kiB  reps:3  perf err:  2.7%
OMP: Info #277: omp_set_nested routine deprecated, please use omp_set_max_active_levels instead.
[AUTO TUNE]     [015: 11544.29]  time:4.883452e+00  MLUPS:056376  cache block size:3287kiB  reps:4  perf err:  1.5%
OMP: Info #277: omp_set_nested routine deprecated, please use omp_set_max_active_levels instead.
[AUTO TUNE]     [020: 14555.04]  time:6.678101e-01  MLUPS:009720  cache block size:4142kiB  reps:1  perf err: 100.0%
OMP: Info #277: omp_set_nested routine deprecated, please use omp_set_max_active_levels instead.
[AUTO TUNE]     [020: 12775.60]  time:1.978145e+00  MLUPS:025272  cache block size:4142kiB  reps:2  perf err: 13.9%
OMP: Info #277: omp_set_nested routine deprecated, please use omp_set_max_active_levels instead.
[AUTO TUNE]     [020: 11857.71]  time:3.442822e+00  MLUPS:040824  cache block size:4142kiB  reps:3  perf err:  7.7%
OMP: Info #277: omp_set_nested routine deprecated, please use omp_set_max_active_levels instead.
[AUTO TUNE]     [020: 12178.34]  time:4.629202e+00  MLUPS:056376  cache block size:4142kiB  reps:4  perf err:  2.6%
OMP: Info #277: omp_set_nested routine deprecated, please use omp_set_max_active_levels instead.
[AUTO TUNE]     [020: 12087.47]  time:5.950624e+00  MLUPS:071928  cache block size:4142kiB  reps:5  perf err:  0.8%
OMP: Info #277: omp_set_nested routine deprecated, please use omp_set_max_active_levels instead.
[AUTO TUNE]     [025: 15431.01]  time:6.299003e-01  MLUPS:009720  cache block size:4997kiB  reps:1  perf err: 100.0%
OMP: Info #277: omp_set_nested routine deprecated, please use omp_set_max_active_levels instead.
[AUTO TUNE]     [025: 13271.68]  time:1.904205e+00  MLUPS:025272  cache block size:4997kiB  reps:2  perf err: 16.3%
OMP: Info #277: omp_set_nested routine deprecated, please use omp_set_max_active_levels instead.
[AUTO TUNE]     [025: 12975.25]  time:3.146298e+00  MLUPS:040824  cache block size:4997kiB  reps:3  perf err:  2.3%
OMP: Info #277: omp_set_nested routine deprecated, please use omp_set_max_active_levels instead.
[AUTO TUNE]     [030: 16336.89]  time:5.949727e-01  MLUPS:009720  cache block size:5852kiB  reps:1  perf err: 100.0%
OMP: Info #277: omp_set_nested routine deprecated, please use omp_set_max_active_levels instead.
[AUTO TUNE]     [030: 13955.43]  time:1.810909e+00  MLUPS:025272  cache block size:5852kiB  reps:2  perf err: 17.1%
OMP: Info #277: omp_set_nested routine deprecated, please use omp_set_max_active_levels instead.
[AUTO TUNE]     [030: 13631.44]  time:2.994841e+00  MLUPS:040824  cache block size:5852kiB  reps:3  perf err:  2.4%
OMP: Info #277: omp_set_nested routine deprecated, please use omp_set_max_active_levels instead.
[AUTO TUNE]     [035: 16475.53]  time:5.899659e-01  MLUPS:009720  cache block size:6707kiB  reps:1  perf err: 100.0%
OMP: Info #277: omp_set_nested routine deprecated, please use omp_set_max_active_levels instead.
[AUTO TUNE]     [035: 14268.96]  time:1.771118e+00  MLUPS:025272  cache block size:6707kiB  reps:2  perf err: 15.5%
OMP: Info #277: omp_set_nested routine deprecated, please use omp_set_max_active_levels instead.
[AUTO TUNE]     [035: 13846.05]  time:2.948422e+00  MLUPS:040824  cache block size:6707kiB  reps:3  perf err:  3.1%
OMP: Info #277: omp_set_nested routine deprecated, please use omp_set_max_active_levels instead.
[AUTO TUNE]     [035: 13746.56]  time:4.101098e+00  MLUPS:056376  cache block size:6707kiB  reps:4  perf err:  0.7%
OMP: Info #277: omp_set_nested routine deprecated, please use omp_set_max_active_levels instead.
[AUTO TUNE]     [040: 16851.78]  time:5.767936e-01  MLUPS:009720  cache block size:7562kiB  reps:1  perf err: 100.0%
OMP: Info #277: omp_set_nested routine deprecated, please use omp_set_max_active_levels instead.
[AUTO TUNE]     [040: 14575.86]  time:1.733826e+00  MLUPS:025272  cache block size:7562kiB  reps:2  perf err: 15.6%
OMP: Info #277: omp_set_nested routine deprecated, please use omp_set_max_active_levels instead.
[AUTO TUNE]     [040: 14069.47]  time:2.901602e+00  MLUPS:040824  cache block size:7562kiB  reps:3  perf err:  3.6%
OMP: Info #277: omp_set_nested routine deprecated, please use omp_set_max_active_levels instead.
[AUTO TUNE]     [040: 13860.45]  time:4.067401e+00  MLUPS:056376  cache block size:7562kiB  reps:4  perf err:  1.5%
OMP: Info #277: omp_set_nested routine deprecated, please use omp_set_max_active_levels instead.
[AUTO TUNE]     [045: 17046.37]  time:5.702093e-01  MLUPS:009720  cache block size:8417kiB  reps:1  perf err: 100.0%
OMP: Info #277: omp_set_nested routine deprecated, please use omp_set_max_active_levels instead.
[AUTO TUNE]     [045: 14662.99]  time:1.723523e+00  MLUPS:025272  cache block size:8417kiB  reps:2  perf err: 16.3%
OMP: Info #277: omp_set_nested routine deprecated, please use omp_set_max_active_levels instead.
[AUTO TUNE]     [045: 14250.75]  time:2.864692e+00  MLUPS:040824  cache block size:8417kiB  reps:3  perf err:  2.9%
OMP: Info #277: omp_set_nested routine deprecated, please use omp_set_max_active_levels instead.
[AUTO TUNE]     [045: 14098.10]  time:3.998838e+00  MLUPS:056376  cache block size:8417kiB  reps:4  perf err:  1.1%
OMP: Info #277: omp_set_nested routine deprecated, please use omp_set_max_active_levels instead.
[AUTO TUNE]     [050: 17355.97]  time:5.600377e-01  MLUPS:009720  cache block size:9272kiB  reps:1  perf err: 100.0%
OMP: Info #277: omp_set_nested routine deprecated, please use omp_set_max_active_levels instead.
[AUTO TUNE]     [050: 14946.61]  time:1.690818e+00  MLUPS:025272  cache block size:9272kiB  reps:2  perf err: 16.1%
OMP: Info #277: omp_set_nested routine deprecated, please use omp_set_max_active_levels instead.
[AUTO TUNE]     [050: 14573.29]  time:2.801290e+00  MLUPS:040824  cache block size:9272kiB  reps:3  perf err:  2.6%
OMP: Info #277: omp_set_nested routine deprecated, please use omp_set_max_active_levels instead.
[AUTO TUNE]     [050: 13918.65]  time:4.050394e+00  MLUPS:056376  cache block size:9272kiB  reps:4  perf err:  4.7%
OMP: Info #277: omp_set_nested routine deprecated, please use omp_set_max_active_levels instead.
[AUTO TUNE]     [050: 14205.72]  time:5.063313e+00  MLUPS:071928  cache block size:9272kiB  reps:5  perf err:  2.0%
OMP: Info #277: omp_set_nested routine deprecated, please use omp_set_max_active_levels instead.
[AUTO TUNE]     [055: 17482.59]  time:5.559816e-01  MLUPS:009720  cache block size:10127kiB  reps:1  perf err: 100.0%
OMP: Info #277: omp_set_nested routine deprecated, please use omp_set_max_active_levels instead.
[AUTO TUNE]     [055: 15226.28]  time:1.659761e+00  MLUPS:025272  cache block size:10127kiB  reps:2  perf err: 14.8%
OMP: Info #277: omp_set_nested routine deprecated, please use omp_set_max_active_levels instead.
[AUTO TUNE]     [055: 14745.74]  time:2.768528e+00  MLUPS:040824  cache block size:10127kiB  reps:3  perf err:  3.3%
OMP: Info #277: omp_set_nested routine deprecated, please use omp_set_max_active_levels instead.
[AUTO TUNE]     [055: 14463.34]  time:3.897855e+00  MLUPS:056376  cache block size:10127kiB  reps:4  perf err:  2.0%
OMP: Info #277: omp_set_nested routine deprecated, please use omp_set_max_active_levels instead.
[AUTO TUNE]     [060: 17198.92]  time:5.651519e-01  MLUPS:009720  cache block size:10982kiB  reps:1  perf err: 100.0%
OMP: Info #277: omp_set_nested routine deprecated, please use omp_set_max_active_levels instead.
[AUTO TUNE]     [060: 15163.34]  time:1.666651e+00  MLUPS:025272  cache block size:10982kiB  reps:2  perf err: 13.4%
OMP: Info #277: omp_set_nested routine deprecated, please use omp_set_max_active_levels instead.
[AUTO TUNE]     [060: 14843.32]  time:2.750327e+00  MLUPS:040824  cache block size:10982kiB  reps:3  perf err:  2.2%
OMP: Info #277: omp_set_nested routine deprecated, please use omp_set_max_active_levels instead.
[AUTO TUNE]     [065: 17594.05]  time:5.524596e-01  MLUPS:009720  cache block size:11837kiB  reps:1  perf err: 100.0%
OMP: Info #277: omp_set_nested routine deprecated, please use omp_set_max_active_levels instead.
[AUTO TUNE]     [065: 15447.68]  time:1.635974e+00  MLUPS:025272  cache block size:11837kiB  reps:2  perf err: 13.9%
OMP: Info #277: omp_set_nested routine deprecated, please use omp_set_max_active_levels instead.
[AUTO TUNE]     [065: 14759.34]  time:2.765977e+00  MLUPS:040824  cache block size:11837kiB  reps:3  perf err:  4.7%
OMP: Info #277: omp_set_nested routine deprecated, please use omp_set_max_active_levels instead.
[AUTO TUNE]     [065: 14575.67]  time:3.867815e+00  MLUPS:056376  cache block size:11837kiB  reps:4  perf err:  1.3%
[AUTO TUNE]   Diamond width:12  [wavefronts #: pefromance (MLUPS/s)]
OMP: Info #277: omp_set_nested routine deprecated, please use omp_set_max_active_levels instead.
[AUTO TUNE]     [005: 9832.13]  time:1.384034e+00  MLUPS:013608  cache block size:2793kiB  reps:1  perf err: 100.0%
OMP: Info #277: omp_set_nested routine deprecated, please use omp_set_max_active_levels instead.
[AUTO TUNE]     [005: 8860.64]  time:4.168546e+00  MLUPS:036936  cache block size:2793kiB  reps:2  perf err: 11.0%
OMP: Info #277: omp_set_nested routine deprecated, please use omp_set_max_active_levels instead.
[AUTO TUNE]     [005: 8737.44]  time:6.897211e+00  MLUPS:060264  cache block size:2793kiB  reps:3  perf err:  1.4%
OMP: Info #277: omp_set_nested routine deprecated, please use omp_set_max_active_levels instead.
[AUTO TUNE]     [010: 14000.76]  time:9.719470e-01  MLUPS:013608  cache block size:4028kiB  reps:1  perf err: 100.0%
OMP: Info #277: omp_set_nested routine deprecated, please use omp_set_max_active_levels instead.
[AUTO TUNE]     [010: 12785.19]  time:2.888967e+00  MLUPS:036936  cache block size:4028kiB  reps:2  perf err:  9.5%
OMP: Info #277: omp_set_nested routine deprecated, please use omp_set_max_active_levels instead.
[AUTO TUNE]     [010: 12523.56]  time:4.812050e+00  MLUPS:060264  cache block size:4028kiB  reps:3  perf err:  2.1%
OMP: Info #277: omp_set_nested routine deprecated, please use omp_set_max_active_levels instead.
[AUTO TUNE]     [015: 15490.12]  time:8.784953e-01  MLUPS:013608  cache block size:5263kiB  reps:1  perf err: 100.0%
OMP: Info #277: omp_set_nested routine deprecated, please use omp_set_max_active_levels instead.
[AUTO TUNE]     [015: 14159.91]  time:2.608491e+00  MLUPS:036936  cache block size:5263kiB  reps:2  perf err:  9.4%
OMP: Info #277: omp_set_nested routine deprecated, please use omp_set_max_active_levels instead.
[AUTO TUNE]     [015: 13780.17]  time:4.373242e+00  MLUPS:060264  cache block size:5263kiB  reps:3  perf err:  2.8%
OMP: Info #277: omp_set_nested routine deprecated, please use omp_set_max_active_levels instead.
[AUTO TUNE]     [015: 13409.58]  time:6.233752e+00  MLUPS:083592  cache block size:5263kiB  reps:4  perf err:  2.8%
OMP: Info #277: omp_set_nested routine deprecated, please use omp_set_max_active_levels instead.
[AUTO TUNE]     [015: 13600.34]  time:7.861568e+00  MLUPS:106920  cache block size:5263kiB  reps:5  perf err:  1.4%
OMP: Info #277: omp_set_nested routine deprecated, please use omp_set_max_active_levels instead.
[AUTO TUNE]     [020: 16566.56]  time:8.214135e-01  MLUPS:013608  cache block size:6498kiB  reps:1  perf err: 100.0%
OMP: Info #277: omp_set_nested routine deprecated, please use omp_set_max_active_levels instead.
[AUTO TUNE]     [020: 15119.02]  time:2.443015e+00  MLUPS:036936  cache block size:6498kiB  reps:2  perf err:  9.6%
OMP: Info #277: omp_set_nested routine deprecated, please use omp_set_max_active_levels instead.
[AUTO TUNE]     [020: 14831.37]  time:4.063280e+00  MLUPS:060264  cache block size:6498kiB  reps:3  perf err:  1.9%
OMP: Info #277: omp_set_nested routine deprecated, please use omp_set_max_active_levels instead.
[AUTO TUNE]     [025: 17552.23]  time:7.752859e-01  MLUPS:013608  cache block size:7733kiB  reps:1  perf err: 100.0%
OMP: Info #277: omp_set_nested routine deprecated, please use omp_set_max_active_levels instead.
[AUTO TUNE]     [025: 15993.61]  time:2.309422e+00  MLUPS:036936  cache block size:7733kiB  reps:2  perf err:  9.7%
OMP: Info #277: omp_set_nested routine deprecated, please use omp_set_max_active_levels instead.
[AUTO TUNE]     [025: 15589.10]  time:3.865779e+00  MLUPS:060264  cache block size:7733kiB  reps:3  perf err:  2.6%
OMP: Info #277: omp_set_nested routine deprecated, please use omp_set_max_active_levels instead.
[AUTO TUNE]     [025: 15463.33]  time:5.405823e+00  MLUPS:083592  cache block size:7733kiB  reps:4  perf err:  0.8%
OMP: Info #277: omp_set_nested routine deprecated, please use omp_set_max_active_levels instead.
[AUTO TUNE]     [030: 18204.68]  time:7.475000e-01  MLUPS:013608  cache block size:8968kiB  reps:1  perf err: 100.0%
OMP: Info #277: omp_set_nested routine deprecated, please use omp_set_max_active_levels instead.
[AUTO TUNE]     [030: 16585.56]  time:2.226998e+00  MLUPS:036936  cache block size:8968kiB  reps:2  perf err:  9.8%
OMP: Info #277: omp_set_nested routine deprecated, please use omp_set_max_active_levels instead.
[AUTO TUNE]     [030: 16169.03]  time:3.727126e+00  MLUPS:060264  cache block size:8968kiB  reps:3  perf err:  2.6%
OMP: Info #277: omp_set_nested routine deprecated, please use omp_set_max_active_levels instead.
[AUTO TUNE]     [030: 16117.09]  time:5.186544e+00  MLUPS:083592  cache block size:8968kiB  reps:4  perf err:  0.3%
OMP: Info #277: omp_set_nested routine deprecated, please use omp_set_max_active_levels instead.
[AUTO TUNE]     [035: 18701.51]  time:7.276417e-01  MLUPS:013608  cache block size:10203kiB  reps:1  perf err: 100.0%
OMP: Info #277: omp_set_nested routine deprecated, please use omp_set_max_active_levels instead.
[AUTO TUNE]     [035: 16976.49]  time:2.175715e+00  MLUPS:036936  cache block size:10203kiB  reps:2  perf err: 10.2%
OMP: Info #277: omp_set_nested routine deprecated, please use omp_set_max_active_levels instead.
[AUTO TUNE]     [035: 16654.28]  time:3.618530e+00  MLUPS:060264  cache block size:10203kiB  reps:3  perf err:  1.9%
OMP: Info #277: omp_set_nested routine deprecated, please use omp_set_max_active_levels instead.
[AUTO TUNE]     [040: 19260.68]  time:7.065169e-01  MLUPS:013608  cache block size:11438kiB  reps:1  perf err: 100.0%
OMP: Info #277: omp_set_nested routine deprecated, please use omp_set_max_active_levels instead.
[AUTO TUNE]     [040: 17542.46]  time:2.105520e+00  MLUPS:036936  cache block size:11438kiB  reps:2  perf err:  9.8%
OMP: Info #277: omp_set_nested routine deprecated, please use omp_set_max_active_levels instead.
[AUTO TUNE]     [040: 16938.51]  time:3.557811e+00  MLUPS:060264  cache block size:11438kiB  reps:3  perf err:  3.6%
OMP: Info #277: omp_set_nested routine deprecated, please use omp_set_max_active_levels instead.
[AUTO TUNE]     [040: 16434.67]  time:5.086322e+00  MLUPS:083592  cache block size:11438kiB  reps:4  perf err:  3.1%
OMP: Info #277: omp_set_nested routine deprecated, please use omp_set_max_active_levels instead.
[AUTO TUNE]     [040: 16665.99]  time:6.415460e+00  MLUPS:106920  cache block size:11438kiB  reps:5  perf err:  1.4%
OMP: Info #277: omp_set_nested routine deprecated, please use omp_set_max_active_levels instead.
[AUTO TUNE]     [045: 19355.06]  time:7.030718e-01  MLUPS:013608  cache block size:12673kiB  reps:1  perf err: 100.0%
OMP: Info #277: omp_set_nested routine deprecated, please use omp_set_max_active_levels instead.
[AUTO TUNE]     [045: 17706.67]  time:2.085994e+00  MLUPS:036936  cache block size:12673kiB  reps:2  perf err:  9.3%
OMP: Info #277: omp_set_nested routine deprecated, please use omp_set_max_active_levels instead.
[AUTO TUNE]     [045: 17355.55]  time:3.472319e+00  MLUPS:060264  cache block size:12673kiB  reps:3  perf err:  2.0%
OMP: Info #277: omp_set_nested routine deprecated, please use omp_set_max_active_levels instead.
[AUTO TUNE]     [050: 19666.55]  time:6.919363e-01  MLUPS:013608  cache block size:13908kiB  reps:1  perf err: 100.0%
OMP: Info #277: omp_set_nested routine deprecated, please use omp_set_max_active_levels instead.
[AUTO TUNE]     [050: 18037.83]  time:2.047696e+00  MLUPS:036936  cache block size:13908kiB  reps:2  perf err:  9.0%
OMP: Info #277: omp_set_nested routine deprecated, please use omp_set_max_active_levels instead.
[AUTO TUNE]     [050: 17557.24]  time:3.432430e+00  MLUPS:060264  cache block size:13908kiB  reps:3  perf err:  2.7%
OMP: Info #277: omp_set_nested routine deprecated, please use omp_set_max_active_levels instead.
[AUTO TUNE]     [050: 17329.13]  time:4.823786e+00  MLUPS:083592  cache block size:13908kiB  reps:4  perf err:  1.3%
[AUTO TUNE]   Diamond width:20  [wavefronts #: pefromance (MLUPS/s)]
OMP: Info #277: omp_set_nested routine deprecated, please use omp_set_max_active_levels instead.
[AUTO TUNE]     [005: 10733.98]  time:1.992178e+00  MLUPS:021384  cache block size:6137kiB  reps:1  perf err: 100.0%
OMP: Info #277: omp_set_nested routine deprecated, please use omp_set_max_active_levels instead.
[AUTO TUNE]     [005: 10137.19]  time:5.944845e+00  MLUPS:060264  cache block size:6137kiB  reps:2  perf err:  5.9%
OMP: Info #277: omp_set_nested routine deprecated, please use omp_set_max_active_levels instead.
[AUTO TUNE]     [005: 10027.55]  time:9.887165e+00  MLUPS:099144  cache block size:6137kiB  reps:3  perf err:  1.1%
OMP: Info #277: omp_set_nested routine deprecated, please use omp_set_max_active_levels instead.
[AUTO TUNE]     [010: 14604.22]  time:1.464234e+00  MLUPS:021384  cache block size:8132kiB  reps:1  perf err: 100.0%
OMP: Info #277: omp_set_nested routine deprecated, please use omp_set_max_active_levels instead.
[AUTO TUNE]     [010: 13809.01]  time:4.364109e+00  MLUPS:060264  cache block size:8132kiB  reps:2  perf err:  5.8%
OMP: Info #277: omp_set_nested routine deprecated, please use omp_set_max_active_levels instead.
[AUTO TUNE]     [010: 13688.97]  time:7.242620e+00  MLUPS:099144  cache block size:8132kiB  reps:3  perf err:  0.9%
OMP: Info #277: omp_set_nested routine deprecated, please use omp_set_max_active_levels instead.
[AUTO TUNE]     [015: 16759.77]  time:1.275912e+00  MLUPS:021384  cache block size:10127kiB  reps:1  perf err: 100.0%
OMP: Info #277: omp_set_nested routine deprecated, please use omp_set_max_active_levels instead.
[AUTO TUNE]     [015: 15462.59]  time:3.897407e+00  MLUPS:060264  cache block size:10127kiB  reps:2  perf err:  8.4%
OMP: Info #277: omp_set_nested routine deprecated, please use omp_set_max_active_levels instead.
[AUTO TUNE]     [015: 15210.68]  time:6.518050e+00  MLUPS:099144  cache block size:10127kiB  reps:3  perf err:  1.7%
OMP: Info #277: omp_set_nested routine deprecated, please use omp_set_max_active_levels instead.
[AUTO TUNE]     [020: 18340.88]  time:1.165920e+00  MLUPS:021384  cache block size:12122kiB  reps:1  perf err: 100.0%
OMP: Info #277: omp_set_nested routine deprecated, please use omp_set_max_active_levels instead.
[AUTO TUNE]     [020: 17203.73]  time:3.502962e+00  MLUPS:060264  cache block size:12122kiB  reps:2  perf err:  6.6%
OMP: Info #277: omp_set_nested routine deprecated, please use omp_set_max_active_levels instead.
[AUTO TUNE]     [020: 17003.38]  time:5.830840e+00  MLUPS:099144  cache block size:12122kiB  reps:3  perf err:  1.2%
OMP: Info #277: omp_set_nested routine deprecated, please use omp_set_max_active_levels instead.
[AUTO TUNE]     [025: 19254.43]  time:1.110601e+00  MLUPS:021384  cache block size:14117kiB  reps:1  perf err: 100.0%
OMP: Info #277: omp_set_nested routine deprecated, please use omp_set_max_active_levels instead.
[AUTO TUNE]     [025: 18114.30]  time:3.326875e+00  MLUPS:060264  cache block size:14117kiB  reps:2  perf err:  6.3%
OMP: Info #277: omp_set_nested routine deprecated, please use omp_set_max_active_levels instead.
[AUTO TUNE]     [025: 17954.10]  time:5.522082e+00  MLUPS:099144  cache block size:14117kiB  reps:3  perf err:  0.9%
OMP: Info #277: omp_set_nested routine deprecated, please use omp_set_max_active_levels instead.
[AUTO TUNE]     [030: 19858.89]  time:1.076797e+00  MLUPS:021384  cache block size:16112kiB  reps:1  perf err: 100.0%
OMP: Info #277: omp_set_nested routine deprecated, please use omp_set_max_active_levels instead.
[AUTO TUNE]     [030: 18847.83]  time:3.197397e+00  MLUPS:060264  cache block size:16112kiB  reps:2  perf err:  5.4%
OMP: Info #277: omp_set_nested routine deprecated, please use omp_set_max_active_levels instead.
[AUTO TUNE]     [030: 18655.70]  time:5.314408e+00  MLUPS:099144  cache block size:16112kiB  reps:3  perf err:  1.0%
OMP: Info #277: omp_set_nested routine deprecated, please use omp_set_max_active_levels instead.
[AUTO TUNE]     [035: 20261.33]  time:1.055410e+00  MLUPS:021384  cache block size:18107kiB  reps:1  perf err: 100.0%
OMP: Info #277: omp_set_nested routine deprecated, please use omp_set_max_active_levels instead.
[AUTO TUNE]     [035: 19397.68]  time:3.106763e+00  MLUPS:060264  cache block size:18107kiB  reps:2  perf err:  4.5%
OMP: Info #277: omp_set_nested routine deprecated, please use omp_set_max_active_levels instead.
[AUTO TUNE]     [035: 19193.17]  time:5.165589e+00  MLUPS:099144  cache block size:18107kiB  reps:3  perf err:  1.1%
OMP: Info #277: omp_set_nested routine deprecated, please use omp_set_max_active_levels instead.
[AUTO TUNE]     [040: 20970.18]  time:1.019734e+00  MLUPS:021384  cache block size:20102kiB  reps:1  perf err: 100.0%
OMP: Info #277: omp_set_nested routine deprecated, please use omp_set_max_active_levels instead.
[AUTO TUNE]     [040: 19711.53]  time:3.057297e+00  MLUPS:060264  cache block size:20102kiB  reps:2  perf err:  6.4%
OMP: Info #277: omp_set_nested routine deprecated, please use omp_set_max_active_levels instead.
[AUTO TUNE]     [040: 19399.03]  time:5.110771e+00  MLUPS:099144  cache block size:20102kiB  reps:3  perf err:  1.6%
OMP: Info #277: omp_set_nested routine deprecated, please use omp_set_max_active_levels instead.
[AUTO TUNE]     [045: 21327.06]  time:1.002670e+00  MLUPS:021384  cache block size:22097kiB  reps:1  perf err: 100.0%
OMP: Info #277: omp_set_nested routine deprecated, please use omp_set_max_active_levels instead.
[AUTO TUNE]     [045: 20193.85]  time:2.984274e+00  MLUPS:060264  cache block size:22097kiB  reps:2  perf err:  5.6%
OMP: Info #277: omp_set_nested routine deprecated, please use omp_set_max_active_levels instead.
[AUTO TUNE]     [045: 19409.11]  time:5.108117e+00  MLUPS:099144  cache block size:22097kiB  reps:3  perf err:  4.0%
OMP: Info #277: omp_set_nested routine deprecated, please use omp_set_max_active_levels instead.
[AUTO TUNE]     [045: 19842.71]  time:6.955906e+00  MLUPS:138024  cache block size:22097kiB  reps:4  perf err:  2.2%
OMP: Info #277: omp_set_nested routine deprecated, please use omp_set_max_active_levels instead.
[AUTO TUNE]     [050: 21671.22]  time:9.867464e-01  MLUPS:021384  cache block size:24092kiB  reps:1  perf err: 100.0%
OMP: Info #277: omp_set_nested routine deprecated, please use omp_set_max_active_levels instead.
[AUTO TUNE]     [050: 20454.90]  time:2.946189e+00  MLUPS:060264  cache block size:24092kiB  reps:2  perf err:  5.9%
OMP: Info #277: omp_set_nested routine deprecated, please use omp_set_max_active_levels instead.
[AUTO TUNE]     [050: 20166.15]  time:4.916357e+00  MLUPS:099144  cache block size:24092kiB  reps:3  perf err:  1.4%
OMP: Info #277: omp_set_nested routine deprecated, please use omp_set_max_active_levels instead.
[AUTO TUNE]     [055: 21883.93]  time:9.771556e-01  MLUPS:021384  cache block size:26087kiB  reps:1  perf err: 100.0%
OMP: Info #277: omp_set_nested routine deprecated, please use omp_set_max_active_levels instead.
[AUTO TUNE]     [055: 20758.04]  time:2.903164e+00  MLUPS:060264  cache block size:26087kiB  reps:2  perf err:  5.4%
OMP: Info #277: omp_set_nested routine deprecated, please use omp_set_max_active_levels instead.
[AUTO TUNE]     [055: 20411.56]  time:4.857247e+00  MLUPS:099144  cache block size:26087kiB  reps:3  perf err:  1.7%
OMP: Info #277: omp_set_nested routine deprecated, please use omp_set_max_active_levels instead.
[AUTO TUNE]     [060: 22194.86]  time:9.634663e-01  MLUPS:021384  cache block size:28082kiB  reps:1  perf err: 100.0%
OMP: Info #277: omp_set_nested routine deprecated, please use omp_set_max_active_levels instead.
[AUTO TUNE]     [060: 20878.86]  time:2.886364e+00  MLUPS:060264  cache block size:28082kiB  reps:2  perf err:  6.3%
OMP: Info #277: omp_set_nested routine deprecated, please use omp_set_max_active_levels instead.
[AUTO TUNE]     [060: 20635.51]  time:4.804533e+00  MLUPS:099144  cache block size:28082kiB  reps:3  perf err:  1.2%
OMP: Info #277: omp_set_nested routine deprecated, please use omp_set_max_active_levels instead.
[AUTO TUNE]     [065: 21919.02]  time:9.755911e-01  MLUPS:021384  cache block size:30077kiB  reps:1  perf err: 100.0%
OMP: Info #277: omp_set_nested routine deprecated, please use omp_set_max_active_levels instead.
[AUTO TUNE]     [065: 21062.67]  time:2.861176e+00  MLUPS:060264  cache block size:30077kiB  reps:2  perf err:  4.1%
OMP: Info #277: omp_set_nested routine deprecated, please use omp_set_max_active_levels instead.
[AUTO TUNE]     [065: 20758.35]  time:4.776101e+00  MLUPS:099144  cache block size:30077kiB  reps:3  perf err:  1.5%
OMP: Info #277: omp_set_nested routine deprecated, please use omp_set_max_active_levels instead.
[AUTO TUNE]     [070: 22056.39]  time:9.695149e-01  MLUPS:021384  cache block size:32072kiB  reps:1  perf err: 100.0%
OMP: Info #277: omp_set_nested routine deprecated, please use omp_set_max_active_levels instead.
[AUTO TUNE]     [070: 21038.04]  time:2.864525e+00  MLUPS:060264  cache block size:32072kiB  reps:2  perf err:  4.8%
OMP: Info #277: omp_set_nested routine deprecated, please use omp_set_max_active_levels instead.
[AUTO TUNE]     [070: 20715.27]  time:4.786034e+00  MLUPS:099144  cache block size:32072kiB  reps:3  perf err:  1.6%
[AUTO TUNE]   Diamond width:24  [wavefronts #: pefromance (MLUPS/s)]
OMP: Info #277: omp_set_nested routine deprecated, please use omp_set_max_active_levels instead.
[AUTO TUNE]     [005: 11008.58]  time:2.295664e+00  MLUPS:025272  cache block size:8265kiB  reps:1  perf err: 100.0%
OMP: Info #277: omp_set_nested routine deprecated, please use omp_set_max_active_levels instead.
[AUTO TUNE]     [005: 10274.21]  time:7.000827e+00  MLUPS:071928  cache block size:8265kiB  reps:2  perf err:  7.1%
OMP: Info #277: omp_set_nested routine deprecated, please use omp_set_max_active_levels instead.
[AUTO TUNE]     [005: 10351.59]  time:1.145563e+01  MLUPS:118584  cache block size:8265kiB  reps:3  perf err:  0.7%
OMP: Info #277: omp_set_nested routine deprecated, please use omp_set_max_active_levels instead.
[AUTO TUNE]     [010: 14995.06]  time:1.685355e+00  MLUPS:025272  cache block size:10640kiB  reps:1  perf err: 100.0%
OMP: Info #277: omp_set_nested routine deprecated, please use omp_set_max_active_levels instead.
[AUTO TUNE]     [010: 14268.84]  time:5.040915e+00  MLUPS:071928  cache block size:10640kiB  reps:2  perf err:  5.1%
OMP: Info #277: omp_set_nested routine deprecated, please use omp_set_max_active_levels instead.
[AUTO TUNE]     [010: 14146.41]  time:8.382624e+00  MLUPS:118584  cache block size:10640kiB  reps:3  perf err:  0.9%
OMP: Info #277: omp_set_nested routine deprecated, please use omp_set_max_active_levels instead.
[AUTO TUNE]     [015: 17361.60]  time:1.455626e+00  MLUPS:025272  cache block size:13015kiB  reps:1  perf err: 100.0%
OMP: Info #277: omp_set_nested routine deprecated, please use omp_set_max_active_levels instead.
[AUTO TUNE]     [015: 16472.62]  time:4.366518e+00  MLUPS:071928  cache block size:13015kiB  reps:2  perf err:  5.4%
OMP: Info #277: omp_set_nested routine deprecated, please use omp_set_max_active_levels instead.
[AUTO TUNE]     [015: 16315.55]  time:7.268159e+00  MLUPS:118584  cache block size:13015kiB  reps:3  perf err:  1.0%
OMP: Info #277: omp_set_nested routine deprecated, please use omp_set_max_active_levels instead.
[AUTO TUNE]     [020: 18788.06]  time:1.345109e+00  MLUPS:025272  cache block size:15390kiB  reps:1  perf err: 100.0%
OMP: Info #277: omp_set_nested routine deprecated, please use omp_set_max_active_levels instead.
[AUTO TUNE]     [020: 17890.60]  time:4.020435e+00  MLUPS:071928  cache block size:15390kiB  reps:2  perf err:  5.0%
OMP: Info #277: omp_set_nested routine deprecated, please use omp_set_max_active_levels instead.
[AUTO TUNE]     [020: 17704.88]  time:6.697815e+00  MLUPS:118584  cache block size:15390kiB  reps:3  perf err:  1.0%
OMP: Info #277: omp_set_nested routine deprecated, please use omp_set_max_active_levels instead.
[AUTO TUNE]     [025: 19775.99]  time:1.277913e+00  MLUPS:025272  cache block size:17765kiB  reps:1  perf err: 100.0%
OMP: Info #277: omp_set_nested routine deprecated, please use omp_set_max_active_levels instead.
[AUTO TUNE]     [025: 18438.49]  time:3.900971e+00  MLUPS:071928  cache block size:17765kiB  reps:2  perf err:  7.3%
OMP: Info #277: omp_set_nested routine deprecated, please use omp_set_max_active_levels instead.
[AUTO TUNE]     [025: 18712.39]  time:6.337190e+00  MLUPS:118584  cache block size:17765kiB  reps:3  perf err:  1.5%
OMP: Info #277: omp_set_nested routine deprecated, please use omp_set_max_active_levels instead.
[AUTO TUNE]     [030: 20263.68]  time:1.247157e+00  MLUPS:025272  cache block size:20140kiB  reps:1  perf err: 100.0%
OMP: Info #277: omp_set_nested routine deprecated, please use omp_set_max_active_levels instead.
[AUTO TUNE]     [030: 19602.13]  time:3.669397e+00  MLUPS:071928  cache block size:20140kiB  reps:2  perf err:  3.4%
OMP: Info #277: omp_set_nested routine deprecated, please use omp_set_max_active_levels instead.
[AUTO TUNE]     [030: 19454.50]  time:6.095453e+00  MLUPS:118584  cache block size:20140kiB  reps:3  perf err:  0.8%
OMP: Info #277: omp_set_nested routine deprecated, please use omp_set_max_active_levels instead.
[AUTO TUNE]     [035: 21333.07]  time:1.184640e+00  MLUPS:025272  cache block size:22515kiB  reps:1  perf err: 100.0%
OMP: Info #277: omp_set_nested routine deprecated, please use omp_set_max_active_levels instead.
[AUTO TUNE]     [035: 20099.23]  time:3.578644e+00  MLUPS:071928  cache block size:22515kiB  reps:2  perf err:  6.1%
OMP: Info #277: omp_set_nested routine deprecated, please use omp_set_max_active_levels instead.
[AUTO TUNE]     [035: 19934.12]  time:5.948795e+00  MLUPS:118584  cache block size:22515kiB  reps:3  perf err:  0.8%
OMP: Info #277: omp_set_nested routine deprecated, please use omp_set_max_active_levels instead.
[AUTO TUNE]     [040: 21831.49]  time:1.157594e+00  MLUPS:025272  cache block size:24890kiB  reps:1  perf err: 100.0%
OMP: Info #277: omp_set_nested routine deprecated, please use omp_set_max_active_levels instead.
[AUTO TUNE]     [040: 20488.25]  time:3.510695e+00  MLUPS:071928  cache block size:24890kiB  reps:2  perf err:  6.6%
OMP: Info #277: omp_set_nested routine deprecated, please use omp_set_max_active_levels instead.
[AUTO TUNE]     [040: 20443.18]  time:5.800662e+00  MLUPS:118584  cache block size:24890kiB  reps:3  perf err:  0.2%
OMP: Info #277: omp_set_nested routine deprecated, please use omp_set_max_active_levels instead.
[AUTO TUNE]     [045: 21975.50]  time:1.150008e+00  MLUPS:025272  cache block size:27265kiB  reps:1  perf err: 100.0%
OMP: Info #277: omp_set_nested routine deprecated, please use omp_set_max_active_levels instead.
[AUTO TUNE]     [045: 20941.22]  time:3.434757e+00  MLUPS:071928  cache block size:27265kiB  reps:2  perf err:  4.9%
OMP: Info #277: omp_set_nested routine deprecated, please use omp_set_max_active_levels instead.
[AUTO TUNE]     [045: 20607.14]  time:5.754511e+00  MLUPS:118584  cache block size:27265kiB  reps:3  perf err:  1.6%
OMP: Info #277: omp_set_nested routine deprecated, please use omp_set_max_active_levels instead.
[AUTO TUNE]     [050: 22164.82]  time:1.140185e+00  MLUPS:025272  cache block size:29640kiB  reps:1  perf err: 100.0%
OMP: Info #277: omp_set_nested routine deprecated, please use omp_set_max_active_levels instead.
[AUTO TUNE]     [050: 21236.48]  time:3.387001e+00  MLUPS:071928  cache block size:29640kiB  reps:2  perf err:  4.4%
OMP: Info #277: omp_set_nested routine deprecated, please use omp_set_max_active_levels instead.
[AUTO TUNE]     [050: 20609.10]  time:5.753963e+00  MLUPS:118584  cache block size:29640kiB  reps:3  perf err:  3.0%
OMP: Info #277: omp_set_nested routine deprecated, please use omp_set_max_active_levels instead.
[AUTO TUNE]     [050: 20879.66]  time:7.913923e+00  MLUPS:165240  cache block size:29640kiB  reps:4  perf err:  1.3%
OMP: Info #277: omp_set_nested routine deprecated, please use omp_set_max_active_levels instead.
[AUTO TUNE]     [055: 22161.43]  time:1.140360e+00  MLUPS:025272  cache block size:32015kiB  reps:1  perf err: 100.0%
OMP: Info #277: omp_set_nested routine deprecated, please use omp_set_max_active_levels instead.
[AUTO TUNE]     [055: 21317.41]  time:3.374143e+00  MLUPS:071928  cache block size:32015kiB  reps:2  perf err:  4.0%
OMP: Info #277: omp_set_nested routine deprecated, please use omp_set_max_active_levels instead.
[AUTO TUNE]     [055: 21152.08]  time:5.606256e+00  MLUPS:118584  cache block size:32015kiB  reps:3  perf err:  0.8%
OMP: Info #277: omp_set_nested routine deprecated, please use omp_set_max_active_levels instead.
[AUTO TUNE]     [060: 22818.67]  time:1.107514e+00  MLUPS:025272  cache block size:34390kiB  reps:1  perf err: 100.0%
OMP: Info #277: omp_set_nested routine deprecated, please use omp_set_max_active_levels instead.
[AUTO TUNE]     [060: 21580.44]  time:3.333019e+00  MLUPS:071928  cache block size:34390kiB  reps:2  perf err:  5.7%
OMP: Info #277: omp_set_nested routine deprecated, please use omp_set_max_active_levels instead.
[AUTO TUNE]     [060: 21433.70]  time:5.532595e+00  MLUPS:118584  cache block size:34390kiB  reps:3  perf err:  0.7%
OMP: Info #277: omp_set_nested routine deprecated, please use omp_set_max_active_levels instead.
[AUTO TUNE]     [065: 22660.91]  time:1.115224e+00  MLUPS:025272  cache block size:36765kiB  reps:1  perf err: 100.0%
OMP: Info #277: omp_set_nested routine deprecated, please use omp_set_max_active_levels instead.
[AUTO TUNE]     [065: 21866.97]  time:3.289345e+00  MLUPS:071928  cache block size:36765kiB  reps:2  perf err:  3.6%
OMP: Info #277: omp_set_nested routine deprecated, please use omp_set_max_active_levels instead.
[AUTO TUNE]     [065: 21593.08]  time:5.491760e+00  MLUPS:118584  cache block size:36765kiB  reps:3  perf err:  1.3%
OMP: Info #277: omp_set_nested routine deprecated, please use omp_set_max_active_levels instead.
[AUTO TUNE]     [070: 23016.47]  time:1.097996e+00  MLUPS:025272  cache block size:39140kiB  reps:1  perf err: 100.0%
OMP: Info #277: omp_set_nested routine deprecated, please use omp_set_max_active_levels instead.
[AUTO TUNE]     [070: 21922.81]  time:3.280967e+00  MLUPS:071928  cache block size:39140kiB  reps:2  perf err:  5.0%
OMP: Info #277: omp_set_nested routine deprecated, please use omp_set_max_active_levels instead.
[AUTO TUNE]     [070: 21598.75]  time:5.490318e+00  MLUPS:118584  cache block size:39140kiB  reps:3  perf err:  1.5%
OMP: Info #277: omp_set_nested routine deprecated, please use omp_set_max_active_levels instead.
[AUTO TUNE]     [075: 23121.00]  time:1.093032e+00  MLUPS:025272  cache block size:41515kiB  reps:1  perf err: 100.0%
OMP: Info #277: omp_set_nested routine deprecated, please use omp_set_max_active_levels instead.
[AUTO TUNE]     [075: 22211.03]  time:3.238391e+00  MLUPS:071928  cache block size:41515kiB  reps:2  perf err:  4.1%
OMP: Info #277: omp_set_nested routine deprecated, please use omp_set_max_active_levels instead.
[AUTO TUNE]     [075: 21824.05]  time:5.433638e+00  MLUPS:118584  cache block size:41515kiB  reps:3  perf err:  1.8%
OMP: Info #277: omp_set_nested routine deprecated, please use omp_set_max_active_levels instead.
[AUTO TUNE]     [080: 23395.22]  time:1.080221e+00  MLUPS:025272  cache block size:43890kiB  reps:1  perf err: 100.0%
OMP: Info #277: omp_set_nested routine deprecated, please use omp_set_max_active_levels instead.
[AUTO TUNE]     [080: 21319.98]  time:3.373737e+00  MLUPS:071928  cache block size:43890kiB  reps:2  perf err:  9.7%
OMP: Info #277: omp_set_nested routine deprecated, please use omp_set_max_active_levels instead.
[AUTO TUNE]     [080: 21888.35]  time:5.417678e+00  MLUPS:118584  cache block size:43890kiB  reps:3  perf err:  2.6%
OMP: Info #277: omp_set_nested routine deprecated, please use omp_set_max_active_levels instead.
[AUTO TUNE]     [080: 21756.98]  time:7.594803e+00  MLUPS:165240  cache block size:43890kiB  reps:4  perf err:  0.6%
[AUTO TUNE]   Diamond width:36  [wavefronts #: pefromance (MLUPS/s)]
OMP: Info #277: omp_set_nested routine deprecated, please use omp_set_max_active_levels instead.
[AUTO TUNE]     [005: 11404.91]  time:3.238604e+00  MLUPS:036936  cache block size:16473kiB  reps:1  perf err: 100.0%
OMP: Info #277: omp_set_nested routine deprecated, please use omp_set_max_active_levels instead.
[AUTO TUNE]     [005: 11062.77]  time:9.664850e+00  MLUPS:106920  cache block size:16473kiB  reps:2  perf err:  3.1%
OMP: Info #277: omp_set_nested routine deprecated, please use omp_set_max_active_levels instead.
[AUTO TUNE]     [010: 15733.35]  time:2.347625e+00  MLUPS:036936  cache block size:19988kiB  reps:1  perf err: 100.0%
OMP: Info #277: omp_set_nested routine deprecated, please use omp_set_max_active_levels instead.
[AUTO TUNE]     [010: 15335.71]  time:6.971961e+00  MLUPS:106920  cache block size:19988kiB  reps:2  perf err:  2.6%
OMP: Info #277: omp_set_nested routine deprecated, please use omp_set_max_active_levels instead.
[AUTO TUNE]     [010: 15273.92]  time:1.158210e+01  MLUPS:176904  cache block size:19988kiB  reps:3  perf err:  0.4%
OMP: Info #277: omp_set_nested routine deprecated, please use omp_set_max_active_levels instead.
[AUTO TUNE]     [015: 18095.63]  time:2.041156e+00  MLUPS:036936  cache block size:23503kiB  reps:1  perf err: 100.0%
OMP: Info #277: omp_set_nested routine deprecated, please use omp_set_max_active_levels instead.
[AUTO TUNE]     [015: 17738.63]  time:6.027522e+00  MLUPS:106920  cache block size:23503kiB  reps:2  perf err:  2.0%
OMP: Info #277: omp_set_nested routine deprecated, please use omp_set_max_active_levels instead.
[AUTO TUNE]     [020: 19708.69]  time:1.874097e+00  MLUPS:036936  cache block size:27018kiB  reps:1  perf err: 100.0%
OMP: Info #277: omp_set_nested routine deprecated, please use omp_set_max_active_levels instead.
[AUTO TUNE]     [020: 19007.37]  time:5.625185e+00  MLUPS:106920  cache block size:27018kiB  reps:2  perf err:  3.7%
OMP: Info #277: omp_set_nested routine deprecated, please use omp_set_max_active_levels instead.
[AUTO TUNE]     [020: 19202.91]  time:9.212354e+00  MLUPS:176904  cache block size:27018kiB  reps:3  perf err:  1.0%
OMP: Info #277: omp_set_nested routine deprecated, please use omp_set_max_active_levels instead.
[AUTO TUNE]     [025: 20704.19]  time:1.783987e+00  MLUPS:036936  cache block size:30533kiB  reps:1  perf err: 100.0%
OMP: Info #277: omp_set_nested routine deprecated, please use omp_set_max_active_levels instead.
[AUTO TUNE]     [025: 20403.39]  time:5.240305e+00  MLUPS:106920  cache block size:30533kiB  reps:2  perf err:  1.5%
OMP: Info #277: omp_set_nested routine deprecated, please use omp_set_max_active_levels instead.
[AUTO TUNE]     [030: 21673.27]  time:1.704219e+00  MLUPS:036936  cache block size:34048kiB  reps:1  perf err: 100.0%
OMP: Info #277: omp_set_nested routine deprecated, please use omp_set_max_active_levels instead.
[AUTO TUNE]     [030: 21158.77]  time:5.053224e+00  MLUPS:106920  cache block size:34048kiB  reps:2  perf err:  2.4%
OMP: Info #277: omp_set_nested routine deprecated, please use omp_set_max_active_levels instead.
[AUTO TUNE]     [035: 22292.73]  time:1.656863e+00  MLUPS:036936  cache block size:37563kiB  reps:1  perf err: 100.0%
OMP: Info #277: omp_set_nested routine deprecated, please use omp_set_max_active_levels instead.
[AUTO TUNE]     [035: 21653.57]  time:4.937753e+00  MLUPS:106920  cache block size:37563kiB  reps:2  perf err:  3.0%
OMP: Info #277: omp_set_nested routine deprecated, please use omp_set_max_active_levels instead.
[AUTO TUNE]     [035: 21637.55]  time:8.175786e+00  MLUPS:176904  cache block size:37563kiB  reps:3  perf err:  0.1%
OMP: Info #277: omp_set_nested routine deprecated, please use omp_set_max_active_levels instead.
[AUTO TUNE]     [040: 22626.66]  time:1.632411e+00  MLUPS:036936  cache block size:41078kiB  reps:1  perf err: 100.0%
OMP: Info #277: omp_set_nested routine deprecated, please use omp_set_max_active_levels instead.
[AUTO TUNE]     [040: 22194.25]  time:4.817464e+00  MLUPS:106920  cache block size:41078kiB  reps:2  perf err:  1.9%
OMP: Info #277: omp_set_nested routine deprecated, please use omp_set_max_active_levels instead.
[AUTO TUNE]     [045: 22976.81]  time:1.607534e+00  MLUPS:036936  cache block size:44593kiB  reps:1  perf err: 100.0%
OMP: Info #277: omp_set_nested routine deprecated, please use omp_set_max_active_levels instead.
[AUTO TUNE]     [045: 22519.59]  time:4.747867e+00  MLUPS:106920  cache block size:44593kiB  reps:2  perf err:  2.0%
OMP: Info #277: omp_set_nested routine deprecated, please use omp_set_max_active_levels instead.
[AUTO TUNE]     [050: 23229.58]  time:1.590042e+00  MLUPS:036936  cache block size:48108kiB  reps:1  perf err: 100.0%
OMP: Info #277: omp_set_nested routine deprecated, please use omp_set_max_active_levels instead.
[AUTO TUNE]     [050: 22185.02]  time:4.819468e+00  MLUPS:106920  cache block size:48108kiB  reps:2  perf err:  4.7%
OMP: Info #277: omp_set_nested routine deprecated, please use omp_set_max_active_levels instead.
[AUTO TUNE]     [050: 22664.92]  time:7.805191e+00  MLUPS:176904  cache block size:48108kiB  reps:3  perf err:  2.1%
OMP: Info #277: omp_set_nested routine deprecated, please use omp_set_max_active_levels instead.
[AUTO TUNE]     [055: 23471.91]  time:1.573626e+00  MLUPS:036936  cache block size:51623kiB  reps:1  perf err: 100.0%
OMP: Info #277: omp_set_nested routine deprecated, please use omp_set_max_active_levels instead.
[AUTO TUNE]     [055: 22949.59]  time:4.658907e+00  MLUPS:106920  cache block size:51623kiB  reps:2  perf err:  2.3%
OMP: Info #277: omp_set_nested routine deprecated, please use omp_set_max_active_levels instead.
[AUTO TUNE]     [060: 23467.16]  time:1.573944e+00  MLUPS:036936  cache block size:55138kiB  reps:1  perf err: 100.0%
OMP: Info #277: omp_set_nested routine deprecated, please use omp_set_max_active_levels instead.
[AUTO TUNE]     [060: 23198.29]  time:4.608961e+00  MLUPS:106920  cache block size:55138kiB  reps:2  perf err:  1.2%
OMP: Info #277: omp_set_nested routine deprecated, please use omp_set_max_active_levels instead.
[AUTO TUNE]     [065: 23636.27]  time:1.562683e+00  MLUPS:036936  cache block size:58653kiB  reps:1  perf err: 100.0%
OMP: Info #277: omp_set_nested routine deprecated, please use omp_set_max_active_levels instead.
[AUTO TUNE]     [065: 23083.36]  time:4.631909e+00  MLUPS:106920  cache block size:58653kiB  reps:2  perf err:  2.4%
[AUTO TUNE]   Diamond width:40  [wavefronts #: pefromance (MLUPS/s)]
OMP: Info #277: omp_set_nested routine deprecated, please use omp_set_max_active_levels instead.
[AUTO TUNE]     [005: 11490.78]  time:3.552760e+00  MLUPS:040824  cache block size:19817kiB  reps:1  perf err: 100.0%
OMP: Info #277: omp_set_nested routine deprecated, please use omp_set_max_active_levels instead.
[AUTO TUNE]     [005: 11147.48]  time:1.063775e+01  MLUPS:118584  cache block size:19817kiB  reps:2  perf err:  3.1%
OMP: Info #277: omp_set_nested routine deprecated, please use omp_set_max_active_levels instead.
[AUTO TUNE]     [010: 16055.69]  time:2.542650e+00  MLUPS:040824  cache block size:23712kiB  reps:1  perf err: 100.0%
OMP: Info #277: omp_set_nested routine deprecated, please use omp_set_max_active_levels instead.
[AUTO TUNE]     [010: 15503.85]  time:7.648680e+00  MLUPS:118584  cache block size:23712kiB  reps:2  perf err:  3.6%
OMP: Info #277: omp_set_nested routine deprecated, please use omp_set_max_active_levels instead.
[AUTO TUNE]     [010: 15357.89]  time:1.278457e+01  MLUPS:196344  cache block size:23712kiB  reps:3  perf err:  1.0%
OMP: Info #277: omp_set_nested routine deprecated, please use omp_set_max_active_levels instead.
[AUTO TUNE]     [015: 18579.05]  time:2.197314e+00  MLUPS:040824  cache block size:27607kiB  reps:1  perf err: 100.0%
OMP: Info #277: omp_set_nested routine deprecated, please use omp_set_max_active_levels instead.
[AUTO TUNE]     [015: 18147.10]  time:6.534598e+00  MLUPS:118584  cache block size:27607kiB  reps:2  perf err:  2.4%
OMP: Info #277: omp_set_nested routine deprecated, please use omp_set_max_active_levels instead.
[AUTO TUNE]     [020: 20296.69]  time:2.011362e+00  MLUPS:040824  cache block size:31502kiB  reps:1  perf err: 100.0%
OMP: Info #277: omp_set_nested routine deprecated, please use omp_set_max_active_levels instead.
[AUTO TUNE]     [020: 19814.84]  time:5.984606e+00  MLUPS:118584  cache block size:31502kiB  reps:2  perf err:  2.4%
OMP: Info #277: omp_set_nested routine deprecated, please use omp_set_max_active_levels instead.
[AUTO TUNE]     [025: 21538.38]  time:1.895407e+00  MLUPS:040824  cache block size:35397kiB  reps:1  perf err: 100.0%
OMP: Info #277: omp_set_nested routine deprecated, please use omp_set_max_active_levels instead.
[AUTO TUNE]     [025: 20829.68]  time:5.693029e+00  MLUPS:118584  cache block size:35397kiB  reps:2  perf err:  3.4%
OMP: Info #277: omp_set_nested routine deprecated, please use omp_set_max_active_levels instead.
[AUTO TUNE]     [025: 20762.25]  time:9.456780e+00  MLUPS:196344  cache block size:35397kiB  reps:3  perf err:  0.3%
OMP: Info #277: omp_set_nested routine deprecated, please use omp_set_max_active_levels instead.
[AUTO TUNE]     [030: 22348.33]  time:1.826714e+00  MLUPS:040824  cache block size:39292kiB  reps:1  perf err: 100.0%
OMP: Info #277: omp_set_nested routine deprecated, please use omp_set_max_active_levels instead.
[AUTO TUNE]     [030: 21705.02]  time:5.463437e+00  MLUPS:118584  cache block size:39292kiB  reps:2  perf err:  3.0%
OMP: Info #277: omp_set_nested routine deprecated, please use omp_set_max_active_levels instead.
[AUTO TUNE]     [030: 21473.70]  time:9.143463e+00  MLUPS:196344  cache block size:39292kiB  reps:3  perf err:  1.1%
OMP: Info #277: omp_set_nested routine deprecated, please use omp_set_max_active_levels instead.
[AUTO TUNE]     [035: 22763.38]  time:1.793407e+00  MLUPS:040824  cache block size:43187kiB  reps:1  perf err: 100.0%
OMP: Info #277: omp_set_nested routine deprecated, please use omp_set_max_active_levels instead.
[AUTO TUNE]     [035: 21732.26]  time:5.456589e+00  MLUPS:118584  cache block size:43187kiB  reps:2  perf err:  4.7%
OMP: Info #277: omp_set_nested routine deprecated, please use omp_set_max_active_levels instead.
[AUTO TUNE]     [035: 21644.71]  time:9.071223e+00  MLUPS:196344  cache block size:43187kiB  reps:3  perf err:  0.4%
OMP: Info #277: omp_set_nested routine deprecated, please use omp_set_max_active_levels instead.
[AUTO TUNE]     [040: 22971.06]  time:1.777193e+00  MLUPS:040824  cache block size:47082kiB  reps:1  perf err: 100.0%
OMP: Info #277: omp_set_nested routine deprecated, please use omp_set_max_active_levels instead.
[AUTO TUNE]     [040: 22418.83]  time:5.289482e+00  MLUPS:118584  cache block size:47082kiB  reps:2  perf err:  2.5%
OMP: Info #277: omp_set_nested routine deprecated, please use omp_set_max_active_levels instead.
[AUTO TUNE]     [045: 23672.28]  time:1.724549e+00  MLUPS:040824  cache block size:50977kiB  reps:1  perf err: 100.0%
OMP: Info #277: omp_set_nested routine deprecated, please use omp_set_max_active_levels instead.
[AUTO TUNE]     [045: 22948.95]  time:5.167295e+00  MLUPS:118584  cache block size:50977kiB  reps:2  perf err:  3.2%
OMP: Info #277: omp_set_nested routine deprecated, please use omp_set_max_active_levels instead.
[AUTO TUNE]     [045: 22788.45]  time:8.615942e+00  MLUPS:196344  cache block size:50977kiB  reps:3  perf err:  0.7%
OMP: Info #277: omp_set_nested routine deprecated, please use omp_set_max_active_levels instead.
[AUTO TUNE]     [050: 23829.66]  time:1.713159e+00  MLUPS:040824  cache block size:54872kiB  reps:1  perf err: 100.0%
OMP: Info #277: omp_set_nested routine deprecated, please use omp_set_max_active_levels instead.
[AUTO TUNE]     [050: 23074.52]  time:5.139176e+00  MLUPS:118584  cache block size:54872kiB  reps:2  perf err:  3.3%
OMP: Info #277: omp_set_nested routine deprecated, please use omp_set_max_active_levels instead.
[AUTO TUNE]     [050: 23102.73]  time:8.498736e+00  MLUPS:196344  cache block size:54872kiB  reps:3  perf err:  0.1%
OMP: Info #277: omp_set_nested routine deprecated, please use omp_set_max_active_levels instead.
[AUTO TUNE]     [055: 24065.85]  time:1.696346e+00  MLUPS:040824  cache block size:58767kiB  reps:1  perf err: 100.0%
OMP: Info #277: omp_set_nested routine deprecated, please use omp_set_max_active_levels instead.
[AUTO TUNE]     [055: 23444.38]  time:5.058100e+00  MLUPS:118584  cache block size:58767kiB  reps:2  perf err:  2.7%
OMP: Info #277: omp_set_nested routine deprecated, please use omp_set_max_active_levels instead.
[AUTO TUNE]     [055: 23029.48]  time:8.525766e+00  MLUPS:196344  cache block size:58767kiB  reps:3  perf err:  1.8%
[AUTO TUNE] COMPLETE tune case #17: Thread group size:30  thc:01  thx:03  thy:02  thz:05  t_dim:17  bs_z:60  perf:23198.29 MLUP/s

[AUTO TUNE] START tune case #18: Thread group size:30  thc:01  thx:03  thy:01  thz:10  Possilbe diam width: 4 8 12 20 24 36 40 60 72
[AUTO TUNE]   Diamond width:04  [wavefronts #: pefromance (MLUPS/s)]
OMP: Info #277: omp_set_nested routine deprecated, please use omp_set_max_active_levels instead.
[AUTO TUNE]     [010: 4581.96]  time:1.272817e+00  MLUPS:005832  cache block size:1140kiB  reps:1  perf err: 100.0%
OMP: Info #277: omp_set_nested routine deprecated, please use omp_set_max_active_levels instead.
[AUTO TUNE]     [010: 3560.95]  time:3.821449e+00  MLUPS:013608  cache block size:1140kiB  reps:2  perf err: 28.7%
OMP: Info #277: omp_set_nested routine deprecated, please use omp_set_max_active_levels instead.
[AUTO TUNE]     [010: 3395.15]  time:6.298395e+00  MLUPS:021384  cache block size:1140kiB  reps:3  perf err:  4.9%
OMP: Info #277: omp_set_nested routine deprecated, please use omp_set_max_active_levels instead.
[AUTO TUNE]     [010: 3292.29]  time:8.857046e+00  MLUPS:029160  cache block size:1140kiB  reps:4  perf err:  3.1%
OMP: Info #277: omp_set_nested routine deprecated, please use omp_set_max_active_levels instead.
[AUTO TUNE]     [020: 5522.28]  time:1.056086e+00  MLUPS:005832  cache block size:2090kiB  reps:1  perf err: 100.0%
OMP: Info #277: omp_set_nested routine deprecated, please use omp_set_max_active_levels instead.
[AUTO TUNE]     [020: 4334.39]  time:3.139540e+00  MLUPS:013608  cache block size:2090kiB  reps:2  perf err: 27.4%
OMP: Info #277: omp_set_nested routine deprecated, please use omp_set_max_active_levels instead.
[AUTO TUNE]     [020: 4104.39]  time:5.210029e+00  MLUPS:021384  cache block size:2090kiB  reps:3  perf err:  5.6%
OMP: Info #277: omp_set_nested routine deprecated, please use omp_set_max_active_levels instead.
[AUTO TUNE]     [020: 4001.96]  time:7.286438e+00  MLUPS:029160  cache block size:2090kiB  reps:4  perf err:  2.6%
OMP: Info #277: omp_set_nested routine deprecated, please use omp_set_max_active_levels instead.
[AUTO TUNE]     [020: 3937.21]  time:9.381257e+00  MLUPS:036936  cache block size:2090kiB  reps:5  perf err:  1.6%
OMP: Info #277: omp_set_nested routine deprecated, please use omp_set_max_active_levels instead.
[AUTO TUNE]     [030: 5957.66]  time:9.789076e-01  MLUPS:005832  cache block size:3040kiB  reps:1  perf err: 100.0%
OMP: Info #277: omp_set_nested routine deprecated, please use omp_set_max_active_levels instead.
[AUTO TUNE]     [030: 4685.06]  time:2.904554e+00  MLUPS:013608  cache block size:3040kiB  reps:2  perf err: 27.2%
OMP: Info #277: omp_set_nested routine deprecated, please use omp_set_max_active_levels instead.
[AUTO TUNE]     [030: 4281.80]  time:4.994166e+00  MLUPS:021384  cache block size:3040kiB  reps:3  perf err:  9.4%
OMP: Info #277: omp_set_nested routine deprecated, please use omp_set_max_active_levels instead.
[AUTO TUNE]     [030: 4268.20]  time:6.831924e+00  MLUPS:029160  cache block size:3040kiB  reps:4  perf err:  0.3%
OMP: Info #277: omp_set_nested routine deprecated, please use omp_set_max_active_levels instead.
[AUTO TUNE]     [040: 6226.49]  time:9.366430e-01  MLUPS:005832  cache block size:3990kiB  reps:1  perf err: 100.0%
OMP: Info #277: omp_set_nested routine deprecated, please use omp_set_max_active_levels instead.
[AUTO TUNE]     [040: 4821.86]  time:2.822146e+00  MLUPS:013608  cache block size:3990kiB  reps:2  perf err: 29.1%
OMP: Info #277: omp_set_nested routine deprecated, please use omp_set_max_active_levels instead.
[AUTO TUNE]     [040: 4524.16]  time:4.726624e+00  MLUPS:021384  cache block size:3990kiB  reps:3  perf err:  6.6%
OMP: Info #277: omp_set_nested routine deprecated, please use omp_set_max_active_levels instead.
[AUTO TUNE]     [040: 4382.65]  time:6.653512e+00  MLUPS:029160  cache block size:3990kiB  reps:4  perf err:  3.2%
OMP: Info #277: omp_set_nested routine deprecated, please use omp_set_max_active_levels instead.
[AUTO TUNE]     [040: 4305.32]  time:8.579148e+00  MLUPS:036936  cache block size:3990kiB  reps:5  perf err:  1.8%
OMP: Info #277: omp_set_nested routine deprecated, please use omp_set_max_active_levels instead.
[AUTO TUNE]     [050: 6392.62]  time:9.123019e-01  MLUPS:005832  cache block size:4940kiB  reps:1  perf err: 100.0%
OMP: Info #277: omp_set_nested routine deprecated, please use omp_set_max_active_levels instead.
[AUTO TUNE]     [050: 4900.69]  time:2.776753e+00  MLUPS:013608  cache block size:4940kiB  reps:2  perf err: 30.4%
OMP: Info #277: omp_set_nested routine deprecated, please use omp_set_max_active_levels instead.
[AUTO TUNE]     [050: 4602.95]  time:4.645715e+00  MLUPS:021384  cache block size:4940kiB  reps:3  perf err:  6.5%
OMP: Info #277: omp_set_nested routine deprecated, please use omp_set_max_active_levels instead.
[AUTO TUNE]     [050: 4571.05]  time:6.379277e+00  MLUPS:029160  cache block size:4940kiB  reps:4  perf err:  0.7%
OMP: Info #277: omp_set_nested routine deprecated, please use omp_set_max_active_levels instead.
[AUTO TUNE]     [060: 6355.90]  time:9.175722e-01  MLUPS:005832  cache block size:5890kiB  reps:1  perf err: 100.0%
OMP: Info #277: omp_set_nested routine deprecated, please use omp_set_max_active_levels instead.
[AUTO TUNE]     [060: 5035.62]  time:2.702347e+00  MLUPS:013608  cache block size:5890kiB  reps:2  perf err: 26.2%
OMP: Info #277: omp_set_nested routine deprecated, please use omp_set_max_active_levels instead.
[AUTO TUNE]     [060: 4840.53]  time:4.417694e+00  MLUPS:021384  cache block size:5890kiB  reps:3  perf err:  4.0%
OMP: Info #277: omp_set_nested routine deprecated, please use omp_set_max_active_levels instead.
[AUTO TUNE]     [060: 4458.49]  time:6.540325e+00  MLUPS:029160  cache block size:5890kiB  reps:4  perf err:  8.6%
OMP: Info #277: omp_set_nested routine deprecated, please use omp_set_max_active_levels instead.
[AUTO TUNE]     [060: 4569.91]  time:8.082430e+00  MLUPS:036936  cache block size:5890kiB  reps:5  perf err:  2.4%
[AUTO TUNE]   Diamond width:08  [wavefronts #: pefromance (MLUPS/s)]
OMP: Info #277: omp_set_nested routine deprecated, please use omp_set_max_active_levels instead.
[AUTO TUNE]     [010: 9099.18]  time:1.068228e+00  MLUPS:009720  cache block size:2432kiB  reps:1  perf err: 100.0%
OMP: Info #277: omp_set_nested routine deprecated, please use omp_set_max_active_levels instead.
[AUTO TUNE]     [010: 7864.79]  time:3.213310e+00  MLUPS:025272  cache block size:2432kiB  reps:2  perf err: 15.7%
OMP: Info #277: omp_set_nested routine deprecated, please use omp_set_max_active_levels instead.
[AUTO TUNE]     [010: 7602.72]  time:5.369658e+00  MLUPS:040824  cache block size:2432kiB  reps:3  perf err:  3.4%
OMP: Info #277: omp_set_nested routine deprecated, please use omp_set_max_active_levels instead.
[AUTO TUNE]     [010: 7536.31]  time:7.480582e+00  MLUPS:056376  cache block size:2432kiB  reps:4  perf err:  0.9%
OMP: Info #277: omp_set_nested routine deprecated, please use omp_set_max_active_levels instead.
[AUTO TUNE]     [020: 10619.12]  time:9.153297e-01  MLUPS:009720  cache block size:4142kiB  reps:1  perf err: 100.0%
OMP: Info #277: omp_set_nested routine deprecated, please use omp_set_max_active_levels instead.
[AUTO TUNE]     [020: 9052.12]  time:2.791831e+00  MLUPS:025272  cache block size:4142kiB  reps:2  perf err: 17.3%
OMP: Info #277: omp_set_nested routine deprecated, please use omp_set_max_active_levels instead.
[AUTO TUNE]     [020: 8796.04]  time:4.641177e+00  MLUPS:040824  cache block size:4142kiB  reps:3  perf err:  2.9%
OMP: Info #277: omp_set_nested routine deprecated, please use omp_set_max_active_levels instead.
[AUTO TUNE]     [020: 8776.91]  time:6.423217e+00  MLUPS:056376  cache block size:4142kiB  reps:4  perf err:  0.2%
OMP: Info #277: omp_set_nested routine deprecated, please use omp_set_max_active_levels instead.
[AUTO TUNE]     [030: 10356.43]  time:9.385472e-01  MLUPS:009720  cache block size:5852kiB  reps:1  perf err: 100.0%
OMP: Info #277: omp_set_nested routine deprecated, please use omp_set_max_active_levels instead.
[AUTO TUNE]     [030: 9529.06]  time:2.652097e+00  MLUPS:025272  cache block size:5852kiB  reps:2  perf err:  8.7%
OMP: Info #277: omp_set_nested routine deprecated, please use omp_set_max_active_levels instead.
[AUTO TUNE]     [030: 9397.47]  time:4.344149e+00  MLUPS:040824  cache block size:5852kiB  reps:3  perf err:  1.4%
OMP: Info #277: omp_set_nested routine deprecated, please use omp_set_max_active_levels instead.
[AUTO TUNE]     [040: 11555.25]  time:8.411761e-01  MLUPS:009720  cache block size:7562kiB  reps:1  perf err: 100.0%
OMP: Info #277: omp_set_nested routine deprecated, please use omp_set_max_active_levels instead.
[AUTO TUNE]     [040: 9937.83]  time:2.543010e+00  MLUPS:025272  cache block size:7562kiB  reps:2  perf err: 16.3%
OMP: Info #277: omp_set_nested routine deprecated, please use omp_set_max_active_levels instead.
[AUTO TUNE]     [040: 9517.51]  time:4.289359e+00  MLUPS:040824  cache block size:7562kiB  reps:3  perf err:  4.4%
OMP: Info #277: omp_set_nested routine deprecated, please use omp_set_max_active_levels instead.
[AUTO TUNE]     [040: 9259.70]  time:6.088320e+00  MLUPS:056376  cache block size:7562kiB  reps:4  perf err:  2.8%
OMP: Info #277: omp_set_nested routine deprecated, please use omp_set_max_active_levels instead.
[AUTO TUNE]     [040: 9492.50]  time:7.577354e+00  MLUPS:071928  cache block size:7562kiB  reps:5  perf err:  2.5%
OMP: Info #277: omp_set_nested routine deprecated, please use omp_set_max_active_levels instead.
[AUTO TUNE]     [050: 11171.40]  time:8.700791e-01  MLUPS:009720  cache block size:9272kiB  reps:1  perf err: 100.0%
OMP: Info #277: omp_set_nested routine deprecated, please use omp_set_max_active_levels instead.
[AUTO TUNE]     [050: 10082.12]  time:2.506615e+00  MLUPS:025272  cache block size:9272kiB  reps:2  perf err: 10.8%
OMP: Info #277: omp_set_nested routine deprecated, please use omp_set_max_active_levels instead.
[AUTO TUNE]     [050: 9761.38]  time:4.182194e+00  MLUPS:040824  cache block size:9272kiB  reps:3  perf err:  3.3%
OMP: Info #277: omp_set_nested routine deprecated, please use omp_set_max_active_levels instead.
[AUTO TUNE]     [050: 9819.73]  time:5.741097e+00  MLUPS:056376  cache block size:9272kiB  reps:4  perf err:  0.6%
OMP: Info #277: omp_set_nested routine deprecated, please use omp_set_max_active_levels instead.
[AUTO TUNE]     [060: 11479.83]  time:8.467026e-01  MLUPS:009720  cache block size:10982kiB  reps:1  perf err: 100.0%
OMP: Info #277: omp_set_nested routine deprecated, please use omp_set_max_active_levels instead.
[AUTO TUNE]     [060: 10150.00]  time:2.489853e+00  MLUPS:025272  cache block size:10982kiB  reps:2  perf err: 13.1%
OMP: Info #277: omp_set_nested routine deprecated, please use omp_set_max_active_levels instead.
[AUTO TUNE]     [060: 10049.21]  time:4.062409e+00  MLUPS:040824  cache block size:10982kiB  reps:3  perf err:  1.0%
OMP: Info #277: omp_set_nested routine deprecated, please use omp_set_max_active_levels instead.
[AUTO TUNE]     [070: 12076.52]  time:8.048675e-01  MLUPS:009720  cache block size:12692kiB  reps:1  perf err: 100.0%
OMP: Info #277: omp_set_nested routine deprecated, please use omp_set_max_active_levels instead.
[AUTO TUNE]     [070: 10408.68]  time:2.427974e+00  MLUPS:025272  cache block size:12692kiB  reps:2  perf err: 16.0%
OMP: Info #277: omp_set_nested routine deprecated, please use omp_set_max_active_levels instead.
[AUTO TUNE]     [070: 10097.63]  time:4.042929e+00  MLUPS:040824  cache block size:12692kiB  reps:3  perf err:  3.1%
OMP: Info #277: omp_set_nested routine deprecated, please use omp_set_max_active_levels instead.
[AUTO TUNE]     [070: 9853.30]  time:5.721538e+00  MLUPS:056376  cache block size:12692kiB  reps:4  perf err:  2.5%
[AUTO TUNE]   Diamond width:12  [wavefronts #: pefromance (MLUPS/s)]
OMP: Info #277: omp_set_nested routine deprecated, please use omp_set_max_active_levels instead.
[AUTO TUNE]     [010: 10939.00]  time:1.243989e+00  MLUPS:013608  cache block size:4028kiB  reps:1  perf err: 100.0%
OMP: Info #277: omp_set_nested routine deprecated, please use omp_set_max_active_levels instead.
[AUTO TUNE]     [010: 10025.13]  time:3.684341e+00  MLUPS:036936  cache block size:4028kiB  reps:2  perf err:  9.1%
OMP: Info #277: omp_set_nested routine deprecated, please use omp_set_max_active_levels instead.
[AUTO TUNE]     [010: 9785.37]  time:6.158582e+00  MLUPS:060264  cache block size:4028kiB  reps:3  perf err:  2.5%
OMP: Info #277: omp_set_nested routine deprecated, please use omp_set_max_active_levels instead.
[AUTO TUNE]     [020: 14169.21]  time:9.603923e-01  MLUPS:013608  cache block size:6498kiB  reps:1  perf err: 100.0%
OMP: Info #277: omp_set_nested routine deprecated, please use omp_set_max_active_levels instead.
[AUTO TUNE]     [020: 12984.60]  time:2.844602e+00  MLUPS:036936  cache block size:6498kiB  reps:2  perf err:  9.1%
OMP: Info #277: omp_set_nested routine deprecated, please use omp_set_max_active_levels instead.
[AUTO TUNE]     [020: 12446.40]  time:4.841880e+00  MLUPS:060264  cache block size:6498kiB  reps:3  perf err:  4.3%
OMP: Info #277: omp_set_nested routine deprecated, please use omp_set_max_active_levels instead.
[AUTO TUNE]     [020: 12620.79]  time:6.623358e+00  MLUPS:083592  cache block size:6498kiB  reps:4  perf err:  1.4%
OMP: Info #277: omp_set_nested routine deprecated, please use omp_set_max_active_levels instead.
[AUTO TUNE]     [030: 15324.27]  time:8.880030e-01  MLUPS:013608  cache block size:8968kiB  reps:1  perf err: 100.0%
OMP: Info #277: omp_set_nested routine deprecated, please use omp_set_max_active_levels instead.
[AUTO TUNE]     [030: 13974.03]  time:2.643190e+00  MLUPS:036936  cache block size:8968kiB  reps:2  perf err:  9.7%
OMP: Info #277: omp_set_nested routine deprecated, please use omp_set_max_active_levels instead.
[AUTO TUNE]     [030: 13752.30]  time:4.382102e+00  MLUPS:060264  cache block size:8968kiB  reps:3  perf err:  1.6%
OMP: Info #277: omp_set_nested routine deprecated, please use omp_set_max_active_levels instead.
[AUTO TUNE]     [040: 15776.91]  time:8.625261e-01  MLUPS:013608  cache block size:11438kiB  reps:1  perf err: 100.0%
OMP: Info #277: omp_set_nested routine deprecated, please use omp_set_max_active_levels instead.
[AUTO TUNE]     [040: 14565.68]  time:2.535824e+00  MLUPS:036936  cache block size:11438kiB  reps:2  perf err:  8.3%
OMP: Info #277: omp_set_nested routine deprecated, please use omp_set_max_active_levels instead.
[AUTO TUNE]     [040: 14161.63]  time:4.255442e+00  MLUPS:060264  cache block size:11438kiB  reps:3  perf err:  2.9%
OMP: Info #277: omp_set_nested routine deprecated, please use omp_set_max_active_levels instead.
[AUTO TUNE]     [040: 14098.79]  time:5.929018e+00  MLUPS:083592  cache block size:11438kiB  reps:4  perf err:  0.4%
OMP: Info #277: omp_set_nested routine deprecated, please use omp_set_max_active_levels instead.
[AUTO TUNE]     [050: 16196.41]  time:8.401861e-01  MLUPS:013608  cache block size:13908kiB  reps:1  perf err: 100.0%
OMP: Info #277: omp_set_nested routine deprecated, please use omp_set_max_active_levels instead.
[AUTO TUNE]     [050: 14566.71]  time:2.535644e+00  MLUPS:036936  cache block size:13908kiB  reps:2  perf err: 11.2%
OMP: Info #277: omp_set_nested routine deprecated, please use omp_set_max_active_levels instead.
[AUTO TUNE]     [050: 14199.40]  time:4.244123e+00  MLUPS:060264  cache block size:13908kiB  reps:3  perf err:  2.6%
OMP: Info #277: omp_set_nested routine deprecated, please use omp_set_max_active_levels instead.
[AUTO TUNE]     [050: 14246.49]  time:5.867552e+00  MLUPS:083592  cache block size:13908kiB  reps:4  perf err:  0.3%
OMP: Info #277: omp_set_nested routine deprecated, please use omp_set_max_active_levels instead.
[AUTO TUNE]     [060: 16251.57]  time:8.373347e-01  MLUPS:013608  cache block size:16378kiB  reps:1  perf err: 100.0%
OMP: Info #277: omp_set_nested routine deprecated, please use omp_set_max_active_levels instead.
[AUTO TUNE]     [060: 14822.74]  time:2.491847e+00  MLUPS:036936  cache block size:16378kiB  reps:2  perf err:  9.6%
OMP: Info #277: omp_set_nested routine deprecated, please use omp_set_max_active_levels instead.
[AUTO TUNE]     [060: 14072.57]  time:4.282374e+00  MLUPS:060264  cache block size:16378kiB  reps:3  perf err:  5.3%
OMP: Info #277: omp_set_nested routine deprecated, please use omp_set_max_active_levels instead.
[AUTO TUNE]     [060: 14154.32]  time:5.905760e+00  MLUPS:083592  cache block size:16378kiB  reps:4  perf err:  0.6%
[AUTO TUNE]   Diamond width:20  [wavefronts #: pefromance (MLUPS/s)]
OMP: Info #277: omp_set_nested routine deprecated, please use omp_set_max_active_levels instead.
[AUTO TUNE]     [010: 12565.34]  time:1.701824e+00  MLUPS:021384  cache block size:8132kiB  reps:1  perf err: 100.0%
OMP: Info #277: omp_set_nested routine deprecated, please use omp_set_max_active_levels instead.
[AUTO TUNE]     [010: 11697.02]  time:5.152082e+00  MLUPS:060264  cache block size:8132kiB  reps:2  perf err:  7.4%
OMP: Info #277: omp_set_nested routine deprecated, please use omp_set_max_active_levels instead.
[AUTO TUNE]     [010: 11854.53]  time:8.363384e+00  MLUPS:099144  cache block size:8132kiB  reps:3  perf err:  1.3%
OMP: Info #277: omp_set_nested routine deprecated, please use omp_set_max_active_levels instead.
[AUTO TUNE]     [020: 17769.61]  time:1.203403e+00  MLUPS:021384  cache block size:12122kiB  reps:1  perf err: 100.0%
OMP: Info #277: omp_set_nested routine deprecated, please use omp_set_max_active_levels instead.
[AUTO TUNE]     [020: 16911.94]  time:3.563400e+00  MLUPS:060264  cache block size:12122kiB  reps:2  perf err:  5.1%
OMP: Info #277: omp_set_nested routine deprecated, please use omp_set_max_active_levels instead.
[AUTO TUNE]     [020: 16632.35]  time:5.960915e+00  MLUPS:099144  cache block size:12122kiB  reps:3  perf err:  1.7%
OMP: Info #277: omp_set_nested routine deprecated, please use omp_set_max_active_levels instead.
[AUTO TUNE]     [030: 20145.49]  time:1.061478e+00  MLUPS:021384  cache block size:16112kiB  reps:1  perf err: 100.0%
OMP: Info #277: omp_set_nested routine deprecated, please use omp_set_max_active_levels instead.
[AUTO TUNE]     [030: 19037.37]  time:3.165564e+00  MLUPS:060264  cache block size:16112kiB  reps:2  perf err:  5.8%
OMP: Info #277: omp_set_nested routine deprecated, please use omp_set_max_active_levels instead.
[AUTO TUNE]     [030: 18811.41]  time:5.270419e+00  MLUPS:099144  cache block size:16112kiB  reps:3  perf err:  1.2%
OMP: Info #277: omp_set_nested routine deprecated, please use omp_set_max_active_levels instead.
[AUTO TUNE]     [040: 21601.51]  time:9.899309e-01  MLUPS:021384  cache block size:20102kiB  reps:1  perf err: 100.0%
OMP: Info #277: omp_set_nested routine deprecated, please use omp_set_max_active_levels instead.
[AUTO TUNE]     [040: 20386.49]  time:2.956075e+00  MLUPS:060264  cache block size:20102kiB  reps:2  perf err:  6.0%
OMP: Info #277: omp_set_nested routine deprecated, please use omp_set_max_active_levels instead.
[AUTO TUNE]     [040: 20076.47]  time:4.938317e+00  MLUPS:099144  cache block size:20102kiB  reps:3  perf err:  1.5%
OMP: Info #277: omp_set_nested routine deprecated, please use omp_set_max_active_levels instead.
[AUTO TUNE]     [050: 21821.49]  time:9.799515e-01  MLUPS:021384  cache block size:24092kiB  reps:1  perf err: 100.0%
OMP: Info #277: omp_set_nested routine deprecated, please use omp_set_max_active_levels instead.
[AUTO TUNE]     [050: 21139.42]  time:2.850788e+00  MLUPS:060264  cache block size:24092kiB  reps:2  perf err:  3.2%
OMP: Info #277: omp_set_nested routine deprecated, please use omp_set_max_active_levels instead.
[AUTO TUNE]     [050: 20768.52]  time:4.773764e+00  MLUPS:099144  cache block size:24092kiB  reps:3  perf err:  1.8%
OMP: Info #277: omp_set_nested routine deprecated, please use omp_set_max_active_levels instead.
[AUTO TUNE]     [060: 22490.43]  time:9.508043e-01  MLUPS:021384  cache block size:28082kiB  reps:1  perf err: 100.0%
OMP: Info #277: omp_set_nested routine deprecated, please use omp_set_max_active_levels instead.
[AUTO TUNE]     [060: 21683.17]  time:2.779298e+00  MLUPS:060264  cache block size:28082kiB  reps:2  perf err:  3.7%
OMP: Info #277: omp_set_nested routine deprecated, please use omp_set_max_active_levels instead.
[AUTO TUNE]     [060: 21349.44]  time:4.643868e+00  MLUPS:099144  cache block size:28082kiB  reps:3  perf err:  1.6%
OMP: Info #277: omp_set_nested routine deprecated, please use omp_set_max_active_levels instead.
[AUTO TUNE]     [070: 20771.20]  time:1.029502e+00  MLUPS:021384  cache block size:32072kiB  reps:1  perf err: 100.0%
OMP: Info #277: omp_set_nested routine deprecated, please use omp_set_max_active_levels instead.
[AUTO TUNE]     [070: 21992.53]  time:2.740203e+00  MLUPS:060264  cache block size:32072kiB  reps:2  perf err:  5.6%
OMP: Info #277: omp_set_nested routine deprecated, please use omp_set_max_active_levels instead.
[AUTO TUNE]     [070: 21600.94]  time:4.589800e+00  MLUPS:099144  cache block size:32072kiB  reps:3  perf err:  1.8%
OMP: Info #277: omp_set_nested routine deprecated, please use omp_set_max_active_levels instead.
[AUTO TUNE]     [080: 23124.46]  time:9.247349e-01  MLUPS:021384  cache block size:36062kiB  reps:1  perf err: 100.0%
OMP: Info #277: omp_set_nested routine deprecated, please use omp_set_max_active_levels instead.
[AUTO TUNE]     [080: 22020.88]  time:2.736675e+00  MLUPS:060264  cache block size:36062kiB  reps:2  perf err:  5.0%
OMP: Info #277: omp_set_nested routine deprecated, please use omp_set_max_active_levels instead.
[AUTO TUNE]     [080: 21794.40]  time:4.549058e+00  MLUPS:099144  cache block size:36062kiB  reps:3  perf err:  1.0%
OMP: Info #277: omp_set_nested routine deprecated, please use omp_set_max_active_levels instead.
[AUTO TUNE]     [090: 23323.92]  time:9.168271e-01  MLUPS:021384  cache block size:40052kiB  reps:1  perf err: 100.0%
OMP: Info #277: omp_set_nested routine deprecated, please use omp_set_max_active_levels instead.
[AUTO TUNE]     [090: 21839.29]  time:2.759430e+00  MLUPS:060264  cache block size:40052kiB  reps:2  perf err:  6.8%
OMP: Info #277: omp_set_nested routine deprecated, please use omp_set_max_active_levels instead.
[AUTO TUNE]     [090: 22149.98]  time:4.476030e+00  MLUPS:099144  cache block size:40052kiB  reps:3  perf err:  1.4%
OMP: Info #277: omp_set_nested routine deprecated, please use omp_set_max_active_levels instead.
[AUTO TUNE]     [100: 21798.60]  time:9.809804e-01  MLUPS:021384  cache block size:44042kiB  reps:1  perf err: 100.0%
OMP: Info #277: omp_set_nested routine deprecated, please use omp_set_max_active_levels instead.
[AUTO TUNE]     [100: 22527.60]  time:2.675119e+00  MLUPS:060264  cache block size:44042kiB  reps:2  perf err:  3.2%
OMP: Info #277: omp_set_nested routine deprecated, please use omp_set_max_active_levels instead.
[AUTO TUNE]     [100: 21457.26]  time:4.620534e+00  MLUPS:099144  cache block size:44042kiB  reps:3  perf err:  5.0%
OMP: Info #277: omp_set_nested routine deprecated, please use omp_set_max_active_levels instead.
[AUTO TUNE]     [100: 21812.46]  time:6.327761e+00  MLUPS:138024  cache block size:44042kiB  reps:4  perf err:  1.6%
[AUTO TUNE]   Diamond width:24  [wavefronts #: pefromance (MLUPS/s)]
OMP: Info #277: omp_set_nested routine deprecated, please use omp_set_max_active_levels instead.
[AUTO TUNE]     [010: 12867.45]  time:1.964026e+00  MLUPS:025272  cache block size:10640kiB  reps:1  perf err: 100.0%
OMP: Info #277: omp_set_nested routine deprecated, please use omp_set_max_active_levels instead.
[AUTO TUNE]     [010: 12237.13]  time:5.877847e+00  MLUPS:071928  cache block size:10640kiB  reps:2  perf err:  5.2%
OMP: Info #277: omp_set_nested routine deprecated, please use omp_set_max_active_levels instead.
[AUTO TUNE]     [010: 12146.22]  time:9.763038e+00  MLUPS:118584  cache block size:10640kiB  reps:3  perf err:  0.7%
OMP: Info #277: omp_set_nested routine deprecated, please use omp_set_max_active_levels instead.
[AUTO TUNE]     [020: 18277.81]  time:1.382661e+00  MLUPS:025272  cache block size:15390kiB  reps:1  perf err: 100.0%
OMP: Info #277: omp_set_nested routine deprecated, please use omp_set_max_active_levels instead.
[AUTO TUNE]     [020: 16863.36]  time:4.265342e+00  MLUPS:071928  cache block size:15390kiB  reps:2  perf err:  8.4%
OMP: Info #277: omp_set_nested routine deprecated, please use omp_set_max_active_levels instead.
[AUTO TUNE]     [020: 17192.25]  time:6.897527e+00  MLUPS:118584  cache block size:15390kiB  reps:3  perf err:  1.9%
OMP: Info #277: omp_set_nested routine deprecated, please use omp_set_max_active_levels instead.
[AUTO TUNE]     [030: 20657.66]  time:1.223372e+00  MLUPS:025272  cache block size:20140kiB  reps:1  perf err: 100.0%
OMP: Info #277: omp_set_nested routine deprecated, please use omp_set_max_active_levels instead.
[AUTO TUNE]     [030: 19623.21]  time:3.665456e+00  MLUPS:071928  cache block size:20140kiB  reps:2  perf err:  5.3%
OMP: Info #277: omp_set_nested routine deprecated, please use omp_set_max_active_levels instead.
[AUTO TUNE]     [030: 19401.56]  time:6.112086e+00  MLUPS:118584  cache block size:20140kiB  reps:3  perf err:  1.1%
OMP: Info #277: omp_set_nested routine deprecated, please use omp_set_max_active_levels instead.
[AUTO TUNE]     [040: 22013.61]  time:1.148017e+00  MLUPS:025272  cache block size:24890kiB  reps:1  perf err: 100.0%
OMP: Info #277: omp_set_nested routine deprecated, please use omp_set_max_active_levels instead.
[AUTO TUNE]     [040: 20999.78]  time:3.425179e+00  MLUPS:071928  cache block size:24890kiB  reps:2  perf err:  4.8%
OMP: Info #277: omp_set_nested routine deprecated, please use omp_set_max_active_levels instead.
[AUTO TUNE]     [040: 20735.60]  time:5.718860e+00  MLUPS:118584  cache block size:24890kiB  reps:3  perf err:  1.3%
OMP: Info #277: omp_set_nested routine deprecated, please use omp_set_max_active_levels instead.
[AUTO TUNE]     [050: 22754.97]  time:1.110614e+00  MLUPS:025272  cache block size:29640kiB  reps:1  perf err: 100.0%
OMP: Info #277: omp_set_nested routine deprecated, please use omp_set_max_active_levels instead.
[AUTO TUNE]     [050: 21852.61]  time:3.291507e+00  MLUPS:071928  cache block size:29640kiB  reps:2  perf err:  4.1%
OMP: Info #277: omp_set_nested routine deprecated, please use omp_set_max_active_levels instead.
[AUTO TUNE]     [050: 21554.51]  time:5.501588e+00  MLUPS:118584  cache block size:29640kiB  reps:3  perf err:  1.4%
OMP: Info #277: omp_set_nested routine deprecated, please use omp_set_max_active_levels instead.
[AUTO TUNE]     [060: 23499.63]  time:1.075421e+00  MLUPS:025272  cache block size:34390kiB  reps:1  perf err: 100.0%
OMP: Info #277: omp_set_nested routine deprecated, please use omp_set_max_active_levels instead.
[AUTO TUNE]     [060: 22324.85]  time:3.221880e+00  MLUPS:071928  cache block size:34390kiB  reps:2  perf err:  5.3%
OMP: Info #277: omp_set_nested routine deprecated, please use omp_set_max_active_levels instead.
[AUTO TUNE]     [060: 22093.23]  time:5.367435e+00  MLUPS:118584  cache block size:34390kiB  reps:3  perf err:  1.0%
OMP: Info #277: omp_set_nested routine deprecated, please use omp_set_max_active_levels instead.
[AUTO TUNE]     [070: 23415.09]  time:1.079304e+00  MLUPS:025272  cache block size:39140kiB  reps:1  perf err: 100.0%
OMP: Info #277: omp_set_nested routine deprecated, please use omp_set_max_active_levels instead.
[AUTO TUNE]     [070: 22562.96]  time:3.187879e+00  MLUPS:071928  cache block size:39140kiB  reps:2  perf err:  3.8%
OMP: Info #277: omp_set_nested routine deprecated, please use omp_set_max_active_levels instead.
[AUTO TUNE]     [070: 22706.90]  time:5.222377e+00  MLUPS:118584  cache block size:39140kiB  reps:3  perf err:  0.6%
OMP: Info #277: omp_set_nested routine deprecated, please use omp_set_max_active_levels instead.
[AUTO TUNE]     [080: 21860.31]  time:1.156068e+00  MLUPS:025272  cache block size:43890kiB  reps:1  perf err: 100.0%
OMP: Info #277: omp_set_nested routine deprecated, please use omp_set_max_active_levels instead.
[AUTO TUNE]     [080: 22917.79]  time:3.138523e+00  MLUPS:071928  cache block size:43890kiB  reps:2  perf err:  4.6%
OMP: Info #277: omp_set_nested routine deprecated, please use omp_set_max_active_levels instead.
[AUTO TUNE]     [080: 22716.99]  time:5.220058e+00  MLUPS:118584  cache block size:43890kiB  reps:3  perf err:  0.9%
OMP: Info #277: omp_set_nested routine deprecated, please use omp_set_max_active_levels instead.
[AUTO TUNE]     [090: 24542.83]  time:1.029710e+00  MLUPS:025272  cache block size:48640kiB  reps:1  perf err: 100.0%
OMP: Info #277: omp_set_nested routine deprecated, please use omp_set_max_active_levels instead.
[AUTO TUNE]     [090: 22908.98]  time:3.139729e+00  MLUPS:071928  cache block size:48640kiB  reps:2  perf err:  7.1%
OMP: Info #277: omp_set_nested routine deprecated, please use omp_set_max_active_levels instead.
[AUTO TUNE]     [090: 22878.00]  time:5.183320e+00  MLUPS:118584  cache block size:48640kiB  reps:3  perf err:  0.1%
OMP: Info #277: omp_set_nested routine deprecated, please use omp_set_max_active_levels instead.
[AUTO TUNE]     [100: 24144.75]  time:1.046687e+00  MLUPS:025272  cache block size:53390kiB  reps:1  perf err: 100.0%
OMP: Info #277: omp_set_nested routine deprecated, please use omp_set_max_active_levels instead.
[AUTO TUNE]     [100: 23342.90]  time:3.081365e+00  MLUPS:071928  cache block size:53390kiB  reps:2  perf err:  3.4%
OMP: Info #277: omp_set_nested routine deprecated, please use omp_set_max_active_levels instead.
[AUTO TUNE]     [100: 22756.70]  time:5.210949e+00  MLUPS:118584  cache block size:53390kiB  reps:3  perf err:  2.6%
OMP: Info #277: omp_set_nested routine deprecated, please use omp_set_max_active_levels instead.
[AUTO TUNE]     [100: 22610.91]  time:7.307976e+00  MLUPS:165240  cache block size:53390kiB  reps:4  perf err:  0.6%
[AUTO TUNE]   Diamond width:36  [wavefronts #: pefromance (MLUPS/s)]
OMP: Info #277: omp_set_nested routine deprecated, please use omp_set_max_active_levels instead.
[AUTO TUNE]     [010: 13100.23]  time:2.819492e+00  MLUPS:036936  cache block size:19988kiB  reps:1  perf err: 100.0%
OMP: Info #277: omp_set_nested routine deprecated, please use omp_set_max_active_levels instead.
[AUTO TUNE]     [010: 12793.10]  time:8.357632e+00  MLUPS:106920  cache block size:19988kiB  reps:2  perf err:  2.4%
OMP: Info #277: omp_set_nested routine deprecated, please use omp_set_max_active_levels instead.
[AUTO TUNE]     [020: 18645.95]  time:1.980912e+00  MLUPS:036936  cache block size:27018kiB  reps:1  perf err: 100.0%
OMP: Info #277: omp_set_nested routine deprecated, please use omp_set_max_active_levels instead.
[AUTO TUNE]     [020: 18229.80]  time:5.865123e+00  MLUPS:106920  cache block size:27018kiB  reps:2  perf err:  2.3%
OMP: Info #277: omp_set_nested routine deprecated, please use omp_set_max_active_levels instead.
[AUTO TUNE]     [030: 21431.32]  time:1.723459e+00  MLUPS:036936  cache block size:34048kiB  reps:1  perf err: 100.0%
OMP: Info #277: omp_set_nested routine deprecated, please use omp_set_max_active_levels instead.
[AUTO TUNE]     [030: 20558.99]  time:5.200645e+00  MLUPS:106920  cache block size:34048kiB  reps:2  perf err:  4.2%
OMP: Info #277: omp_set_nested routine deprecated, please use omp_set_max_active_levels instead.
[AUTO TUNE]     [030: 20762.81]  time:8.520234e+00  MLUPS:176904  cache block size:34048kiB  reps:3  perf err:  1.0%
OMP: Info #277: omp_set_nested routine deprecated, please use omp_set_max_active_levels instead.
[AUTO TUNE]     [040: 22988.60]  time:1.606709e+00  MLUPS:036936  cache block size:41078kiB  reps:1  perf err: 100.0%
OMP: Info #277: omp_set_nested routine deprecated, please use omp_set_max_active_levels instead.
[AUTO TUNE]     [040: 22360.86]  time:4.781570e+00  MLUPS:106920  cache block size:41078kiB  reps:2  perf err:  2.8%
OMP: Info #277: omp_set_nested routine deprecated, please use omp_set_max_active_levels instead.
[AUTO TUNE]     [040: 22172.78]  time:7.978431e+00  MLUPS:176904  cache block size:41078kiB  reps:3  perf err:  0.8%
OMP: Info #277: omp_set_nested routine deprecated, please use omp_set_max_active_levels instead.
[AUTO TUNE]     [050: 23623.10]  time:1.563554e+00  MLUPS:036936  cache block size:48108kiB  reps:1  perf err: 100.0%
OMP: Info #277: omp_set_nested routine deprecated, please use omp_set_max_active_levels instead.
[AUTO TUNE]     [050: 23342.60]  time:4.580467e+00  MLUPS:106920  cache block size:48108kiB  reps:2  perf err:  1.2%
OMP: Info #277: omp_set_nested routine deprecated, please use omp_set_max_active_levels instead.
[AUTO TUNE]     [060: 24653.41]  time:1.498211e+00  MLUPS:036936  cache block size:55138kiB  reps:1  perf err: 100.0%
OMP: Info #277: omp_set_nested routine deprecated, please use omp_set_max_active_levels instead.
[AUTO TUNE]     [060: 23967.11]  time:4.461114e+00  MLUPS:106920  cache block size:55138kiB  reps:2  perf err:  2.9%
OMP: Info #277: omp_set_nested routine deprecated, please use omp_set_max_active_levels instead.
[AUTO TUNE]     [060: 23654.95]  time:7.478520e+00  MLUPS:176904  cache block size:55138kiB  reps:3  perf err:  1.3%
OMP: Info #277: omp_set_nested routine deprecated, please use omp_set_max_active_levels instead.
[AUTO TUNE]     [070: 25031.39]  time:1.475587e+00  MLUPS:036936  cache block size:62168kiB  reps:1  perf err: 100.0%
OMP: Info #277: omp_set_nested routine deprecated, please use omp_set_max_active_levels instead.
[AUTO TUNE]     [070: 24319.35]  time:4.396499e+00  MLUPS:106920  cache block size:62168kiB  reps:2  perf err:  2.9%
OMP: Info #277: omp_set_nested routine deprecated, please use omp_set_max_active_levels instead.
[AUTO TUNE]     [070: 24119.10]  time:7.334603e+00  MLUPS:176904  cache block size:62168kiB  reps:3  perf err:  0.8%
OMP: Info #277: omp_set_nested routine deprecated, please use omp_set_max_active_levels instead.
[AUTO TUNE]     [080: 24898.25]  time:1.483478e+00  MLUPS:036936  cache block size:69198kiB  reps:1  perf err: 100.0%
OMP: Info #277: omp_set_nested routine deprecated, please use omp_set_max_active_levels instead.
[AUTO TUNE]     [080: 23480.91]  time:4.553486e+00  MLUPS:106920  cache block size:69198kiB  reps:2  perf err:  6.0%
OMP: Info #277: omp_set_nested routine deprecated, please use omp_set_max_active_levels instead.
[AUTO TUNE]     [080: 24553.76]  time:7.204763e+00  MLUPS:176904  cache block size:69198kiB  reps:3  perf err:  4.4%
OMP: Info #277: omp_set_nested routine deprecated, please use omp_set_max_active_levels instead.
[AUTO TUNE]     [080: 24360.44]  time:1.013479e+01  MLUPS:246888  cache block size:69198kiB  reps:4  perf err:  0.8%
OMP: Info #277: omp_set_nested routine deprecated, please use omp_set_max_active_levels instead.
[AUTO TUNE]     [090: 25054.33]  time:1.474236e+00  MLUPS:036936  cache block size:76228kiB  reps:1  perf err: 100.0%
OMP: Info #277: omp_set_nested routine deprecated, please use omp_set_max_active_levels instead.
[AUTO TUNE]     [090: 24749.66]  time:4.320059e+00  MLUPS:106920  cache block size:76228kiB  reps:2  perf err:  1.2%
OMP: Info #277: omp_set_nested routine deprecated, please use omp_set_max_active_levels instead.
[AUTO TUNE]     [100: 25314.13]  time:1.459106e+00  MLUPS:036936  cache block size:83258kiB  reps:1  perf err: 100.0%
OMP: Info #277: omp_set_nested routine deprecated, please use omp_set_max_active_levels instead.
[AUTO TUNE]     [100: 24914.58]  time:4.291462e+00  MLUPS:106920  cache block size:83258kiB  reps:2  perf err:  1.6%
OMP: Info #277: omp_set_nested routine deprecated, please use omp_set_max_active_levels instead.
[AUTO TUNE]     [110: 24968.99]  time:1.479275e+00  MLUPS:036936  cache block size:90288kiB  reps:1  perf err: 100.0%
OMP: Info #277: omp_set_nested routine deprecated, please use omp_set_max_active_levels instead.
[AUTO TUNE]     [110: 24759.49]  time:4.318345e+00  MLUPS:106920  cache block size:90288kiB  reps:2  perf err:  0.8%
[AUTO TUNE]   Diamond width:40  [wavefronts #: pefromance (MLUPS/s)]
OMP: Info #277: omp_set_nested routine deprecated, please use omp_set_max_active_levels instead.
[AUTO TUNE]     [010: 13300.40]  time:3.069381e+00  MLUPS:040824  cache block size:23712kiB  reps:1  perf err: 100.0%
OMP: Info #277: omp_set_nested routine deprecated, please use omp_set_max_active_levels instead.
[AUTO TUNE]     [010: 12900.84]  time:9.191959e+00  MLUPS:118584  cache block size:23712kiB  reps:2  perf err:  3.1%
OMP: Info #277: omp_set_nested routine deprecated, please use omp_set_max_active_levels instead.
[AUTO TUNE]     [020: 19058.49]  time:2.142038e+00  MLUPS:040824  cache block size:31502kiB  reps:1  perf err: 100.0%
OMP: Info #277: omp_set_nested routine deprecated, please use omp_set_max_active_levels instead.
[AUTO TUNE]     [020: 18370.95]  time:6.454974e+00  MLUPS:118584  cache block size:31502kiB  reps:2  perf err:  3.7%
OMP: Info #277: omp_set_nested routine deprecated, please use omp_set_max_active_levels instead.
[AUTO TUNE]     [020: 18275.68]  time:1.074346e+01  MLUPS:196344  cache block size:31502kiB  reps:3  perf err:  0.5%
OMP: Info #277: omp_set_nested routine deprecated, please use omp_set_max_active_levels instead.
[AUTO TUNE]     [030: 21621.02]  time:1.888162e+00  MLUPS:040824  cache block size:39292kiB  reps:1  perf err: 100.0%
OMP: Info #277: omp_set_nested routine deprecated, please use omp_set_max_active_levels instead.
[AUTO TUNE]     [030: 21085.91]  time:5.623852e+00  MLUPS:118584  cache block size:39292kiB  reps:2  perf err:  2.5%
OMP: Info #277: omp_set_nested routine deprecated, please use omp_set_max_active_levels instead.
[AUTO TUNE]     [030: 20981.93]  time:9.357765e+00  MLUPS:196344  cache block size:39292kiB  reps:3  perf err:  0.5%
OMP: Info #277: omp_set_nested routine deprecated, please use omp_set_max_active_levels instead.
[AUTO TUNE]     [040: 23312.34]  time:1.751176e+00  MLUPS:040824  cache block size:47082kiB  reps:1  perf err: 100.0%
OMP: Info #277: omp_set_nested routine deprecated, please use omp_set_max_active_levels instead.
[AUTO TUNE]     [040: 22627.40]  time:5.240725e+00  MLUPS:118584  cache block size:47082kiB  reps:2  perf err:  3.0%
OMP: Info #277: omp_set_nested routine deprecated, please use omp_set_max_active_levels instead.
[AUTO TUNE]     [040: 22421.85]  time:8.756815e+00  MLUPS:196344  cache block size:47082kiB  reps:3  perf err:  0.9%
OMP: Info #277: omp_set_nested routine deprecated, please use omp_set_max_active_levels instead.
[AUTO TUNE]     [050: 24339.53]  time:1.677271e+00  MLUPS:040824  cache block size:54872kiB  reps:1  perf err: 100.0%
OMP: Info #277: omp_set_nested routine deprecated, please use omp_set_max_active_levels instead.
[AUTO TUNE]     [050: 23566.61]  time:5.031865e+00  MLUPS:118584  cache block size:54872kiB  reps:2  perf err:  3.3%
OMP: Info #277: omp_set_nested routine deprecated, please use omp_set_max_active_levels instead.
[AUTO TUNE]     [050: 23381.44]  time:8.397429e+00  MLUPS:196344  cache block size:54872kiB  reps:3  perf err:  0.8%
OMP: Info #277: omp_set_nested routine deprecated, please use omp_set_max_active_levels instead.
[AUTO TUNE]     [060: 24823.78]  time:1.644552e+00  MLUPS:040824  cache block size:62662kiB  reps:1  perf err: 100.0%
OMP: Info #277: omp_set_nested routine deprecated, please use omp_set_max_active_levels instead.
[AUTO TUNE]     [060: 23640.63]  time:5.016109e+00  MLUPS:118584  cache block size:62662kiB  reps:2  perf err:  5.0%
OMP: Info #277: omp_set_nested routine deprecated, please use omp_set_max_active_levels instead.
[AUTO TUNE]     [060: 23978.48]  time:8.188343e+00  MLUPS:196344  cache block size:62662kiB  reps:3  perf err:  1.4%
OMP: Info #277: omp_set_nested routine deprecated, please use omp_set_max_active_levels instead.
[AUTO TUNE]     [070: 25190.36]  time:1.620620e+00  MLUPS:040824  cache block size:70452kiB  reps:1  perf err: 100.0%
OMP: Info #277: omp_set_nested routine deprecated, please use omp_set_max_active_levels instead.
[AUTO TUNE]     [070: 24498.20]  time:4.840520e+00  MLUPS:118584  cache block size:70452kiB  reps:2  perf err:  2.8%
OMP: Info #277: omp_set_nested routine deprecated, please use omp_set_max_active_levels instead.
[AUTO TUNE]     [070: 24117.88]  time:8.141013e+00  MLUPS:196344  cache block size:70452kiB  reps:3  perf err:  1.6%
OMP: Info #277: omp_set_nested routine deprecated, please use omp_set_max_active_levels instead.
[AUTO TUNE]     [080: 25475.75]  time:1.602465e+00  MLUPS:040824  cache block size:78242kiB  reps:1  perf err: 100.0%
OMP: Info #277: omp_set_nested routine deprecated, please use omp_set_max_active_levels instead.
[AUTO TUNE]     [080: 24567.55]  time:4.826855e+00  MLUPS:118584  cache block size:78242kiB  reps:2  perf err:  3.7%
OMP: Info #277: omp_set_nested routine deprecated, please use omp_set_max_active_levels instead.
[AUTO TUNE]     [080: 24534.76]  time:8.002686e+00  MLUPS:196344  cache block size:78242kiB  reps:3  perf err:  0.1%
OMP: Info #277: omp_set_nested routine deprecated, please use omp_set_max_active_levels instead.
[AUTO TUNE]     [090: 25338.24]  time:1.611162e+00  MLUPS:040824  cache block size:86032kiB  reps:1  perf err: 100.0%
OMP: Info #277: omp_set_nested routine deprecated, please use omp_set_max_active_levels instead.
[AUTO TUNE]     [090: 24657.12]  time:4.809320e+00  MLUPS:118584  cache block size:86032kiB  reps:2  perf err:  2.8%
OMP: Info #277: omp_set_nested routine deprecated, please use omp_set_max_active_levels instead.
[AUTO TUNE]     [090: 24562.03]  time:7.993801e+00  MLUPS:196344  cache block size:86032kiB  reps:3  perf err:  0.4%
OMP: Info #277: omp_set_nested routine deprecated, please use omp_set_max_active_levels instead.
[AUTO TUNE]     [100: 25453.54]  time:1.603863e+00  MLUPS:040824  cache block size:93822kiB  reps:1  perf err: 100.0%
OMP: Info #277: omp_set_nested routine deprecated, please use omp_set_max_active_levels instead.
[AUTO TUNE]     [100: 24116.80]  time:4.917071e+00  MLUPS:118584  cache block size:93822kiB  reps:2  perf err:  5.5%
OMP: Info #277: omp_set_nested routine deprecated, please use omp_set_max_active_levels instead.
[AUTO TUNE]     [100: 24587.16]  time:7.985633e+00  MLUPS:196344  cache block size:93822kiB  reps:3  perf err:  1.9%
OMP: Info #277: omp_set_nested routine deprecated, please use omp_set_max_active_levels instead.
[AUTO TUNE]     [110: 25227.68]  time:1.618223e+00  MLUPS:040824  cache block size:101612kiB  reps:1  perf err: 100.0%
OMP: Info #277: omp_set_nested routine deprecated, please use omp_set_max_active_levels instead.
[AUTO TUNE]     [110: 24505.28]  time:4.839121e+00  MLUPS:118584  cache block size:101612kiB  reps:2  perf err:  2.9%
OMP: Info #277: omp_set_nested routine deprecated, please use omp_set_max_active_levels instead.
[AUTO TUNE]     [110: 24587.39]  time:7.985558e+00  MLUPS:196344  cache block size:101612kiB  reps:3  perf err:  0.3%
OMP: Info #277: omp_set_nested routine deprecated, please use omp_set_max_active_levels instead.
[AUTO TUNE]     [120: 25326.02]  time:1.611939e+00  MLUPS:040824  cache block size:109402kiB  reps:1  perf err: 100.0%
OMP: Info #277: omp_set_nested routine deprecated, please use omp_set_max_active_levels instead.
[AUTO TUNE]     [120: 24357.60]  time:4.868461e+00  MLUPS:118584  cache block size:109402kiB  reps:2  perf err:  4.0%
OMP: Info #277: omp_set_nested routine deprecated, please use omp_set_max_active_levels instead.
[AUTO TUNE]     [120: 24340.88]  time:8.066430e+00  MLUPS:196344  cache block size:109402kiB  reps:3  perf err:  0.1%
[AUTO TUNE] COMPLETE tune case #18: Thread group size:30  thc:01  thx:03  thy:01  thz:10  t_dim:17  bs_z:100  perf:24914.58 MLUP/s

[AUTO TUNE] START tune case #19: Thread group size:30  thc:01  thx:02  thy:01  thz:15  Possilbe diam width: 4 8 12 20 24 36 40 60 72
[AUTO TUNE]   Diamond width:04  [wavefronts #: pefromance (MLUPS/s)]
OMP: Info #277: omp_set_nested routine deprecated, please use omp_set_max_active_levels instead.
[AUTO TUNE]     [015: 3938.86]  time:1.480630e+00  MLUPS:005832  cache block size:1615kiB  reps:1  perf err: 100.0%
OMP: Info #277: omp_set_nested routine deprecated, please use omp_set_max_active_levels instead.
[AUTO TUNE]     [015: 3063.72]  time:4.441662e+00  MLUPS:013608  cache block size:1615kiB  reps:2  perf err: 28.6%
OMP: Info #277: omp_set_nested routine deprecated, please use omp_set_max_active_levels instead.
[AUTO TUNE]     [015: 2906.45]  time:7.357438e+00  MLUPS:021384  cache block size:1615kiB  reps:3  perf err:  5.4%
OMP: Info #277: omp_set_nested routine deprecated, please use omp_set_max_active_levels instead.
[AUTO TUNE]     [015: 2795.86]  time:1.042970e+01  MLUPS:029160  cache block size:1615kiB  reps:4  perf err:  4.0%
OMP: Info #277: omp_set_nested routine deprecated, please use omp_set_max_active_levels instead.
[AUTO TUNE]     [030: 4651.51]  time:1.253787e+00  MLUPS:005832  cache block size:3040kiB  reps:1  perf err: 100.0%
OMP: Info #277: omp_set_nested routine deprecated, please use omp_set_max_active_levels instead.
[AUTO TUNE]     [030: 3614.24]  time:3.765105e+00  MLUPS:013608  cache block size:3040kiB  reps:2  perf err: 28.7%
OMP: Info #277: omp_set_nested routine deprecated, please use omp_set_max_active_levels instead.
[AUTO TUNE]     [030: 3401.17]  time:6.287242e+00  MLUPS:021384  cache block size:3040kiB  reps:3  perf err:  6.3%
OMP: Info #277: omp_set_nested routine deprecated, please use omp_set_max_active_levels instead.
[AUTO TUNE]     [030: 3308.54]  time:8.813556e+00  MLUPS:029160  cache block size:3040kiB  reps:4  perf err:  2.8%
OMP: Info #277: omp_set_nested routine deprecated, please use omp_set_max_active_levels instead.
[AUTO TUNE]     [045: 4838.32]  time:1.205378e+00  MLUPS:005832  cache block size:4465kiB  reps:1  perf err: 100.0%
OMP: Info #277: omp_set_nested routine deprecated, please use omp_set_max_active_levels instead.
[AUTO TUNE]     [045: 3823.65]  time:3.558902e+00  MLUPS:013608  cache block size:4465kiB  reps:2  perf err: 26.5%
OMP: Info #277: omp_set_nested routine deprecated, please use omp_set_max_active_levels instead.
[AUTO TUNE]     [045: 3608.13]  time:5.926623e+00  MLUPS:021384  cache block size:4465kiB  reps:3  perf err:  6.0%
OMP: Info #277: omp_set_nested routine deprecated, please use omp_set_max_active_levels instead.
[AUTO TUNE]     [045: 3542.38]  time:8.231753e+00  MLUPS:029160  cache block size:4465kiB  reps:4  perf err:  1.9%
OMP: Info #277: omp_set_nested routine deprecated, please use omp_set_max_active_levels instead.
[AUTO TUNE]     [060: 4917.29]  time:1.186018e+00  MLUPS:005832  cache block size:5890kiB  reps:1  perf err: 100.0%
OMP: Info #277: omp_set_nested routine deprecated, please use omp_set_max_active_levels instead.
[AUTO TUNE]     [060: 3917.03]  time:3.474059e+00  MLUPS:013608  cache block size:5890kiB  reps:2  perf err: 25.5%
OMP: Info #277: omp_set_nested routine deprecated, please use omp_set_max_active_levels instead.
[AUTO TUNE]     [060: 3667.49]  time:5.830683e+00  MLUPS:021384  cache block size:5890kiB  reps:3  perf err:  6.8%
OMP: Info #277: omp_set_nested routine deprecated, please use omp_set_max_active_levels instead.
[AUTO TUNE]     [060: 3578.80]  time:8.147977e+00  MLUPS:029160  cache block size:5890kiB  reps:4  perf err:  2.5%
OMP: Info #277: omp_set_nested routine deprecated, please use omp_set_max_active_levels instead.
[AUTO TUNE]     [075: 4605.72]  time:1.266252e+00  MLUPS:005832  cache block size:7315kiB  reps:1  perf err: 100.0%
OMP: Info #277: omp_set_nested routine deprecated, please use omp_set_max_active_levels instead.
[AUTO TUNE]     [075: 3858.06]  time:3.527163e+00  MLUPS:013608  cache block size:7315kiB  reps:2  perf err: 19.4%
OMP: Info #277: omp_set_nested routine deprecated, please use omp_set_max_active_levels instead.
[AUTO TUNE]     [075: 3720.61]  time:5.747446e+00  MLUPS:021384  cache block size:7315kiB  reps:3  perf err:  3.7%
OMP: Info #277: omp_set_nested routine deprecated, please use omp_set_max_active_levels instead.
[AUTO TUNE]     [075: 3635.35]  time:8.021237e+00  MLUPS:029160  cache block size:7315kiB  reps:4  perf err:  2.3%
OMP: Info #277: omp_set_nested routine deprecated, please use omp_set_max_active_levels instead.
[AUTO TUNE]     [090: 5228.00]  time:1.115531e+00  MLUPS:005832  cache block size:8740kiB  reps:1  perf err: 100.0%
OMP: Info #277: omp_set_nested routine deprecated, please use omp_set_max_active_levels instead.
[AUTO TUNE]     [090: 4076.19]  time:3.338413e+00  MLUPS:013608  cache block size:8740kiB  reps:2  perf err: 28.3%
OMP: Info #277: omp_set_nested routine deprecated, please use omp_set_max_active_levels instead.
[AUTO TUNE]     [090: 3853.26]  time:5.549591e+00  MLUPS:021384  cache block size:8740kiB  reps:3  perf err:  5.8%
OMP: Info #277: omp_set_nested routine deprecated, please use omp_set_max_active_levels instead.
[AUTO TUNE]     [090: 3771.89]  time:7.730868e+00  MLUPS:029160  cache block size:8740kiB  reps:4  perf err:  2.2%
OMP: Info #277: omp_set_nested routine deprecated, please use omp_set_max_active_levels instead.
[AUTO TUNE]     [105: 5282.47]  time:1.104030e+00  MLUPS:005832  cache block size:10165kiB  reps:1  perf err: 100.0%
OMP: Info #277: omp_set_nested routine deprecated, please use omp_set_max_active_levels instead.
[AUTO TUNE]     [105: 4069.80]  time:3.343650e+00  MLUPS:013608  cache block size:10165kiB  reps:2  perf err: 29.8%
OMP: Info #277: omp_set_nested routine deprecated, please use omp_set_max_active_levels instead.
[AUTO TUNE]     [105: 3875.78]  time:5.517336e+00  MLUPS:021384  cache block size:10165kiB  reps:3  perf err:  5.0%
OMP: Info #277: omp_set_nested routine deprecated, please use omp_set_max_active_levels instead.
[AUTO TUNE]     [105: 3809.70]  time:7.654147e+00  MLUPS:029160  cache block size:10165kiB  reps:4  perf err:  1.7%
OMP: Info #277: omp_set_nested routine deprecated, please use omp_set_max_active_levels instead.
[AUTO TUNE]     [120: 5128.90]  time:1.137086e+00  MLUPS:005832  cache block size:11590kiB  reps:1  perf err: 100.0%
OMP: Info #277: omp_set_nested routine deprecated, please use omp_set_max_active_levels instead.
[AUTO TUNE]     [120: 4001.39]  time:3.400818e+00  MLUPS:013608  cache block size:11590kiB  reps:2  perf err: 28.2%
OMP: Info #277: omp_set_nested routine deprecated, please use omp_set_max_active_levels instead.
[AUTO TUNE]     [120: 3667.49]  time:5.830694e+00  MLUPS:021384  cache block size:11590kiB  reps:3  perf err:  9.1%
OMP: Info #277: omp_set_nested routine deprecated, please use omp_set_max_active_levels instead.
[AUTO TUNE]     [120: 3689.42]  time:7.903678e+00  MLUPS:029160  cache block size:11590kiB  reps:4  perf err:  0.6%
[AUTO TUNE]   Diamond width:08  [wavefronts #: pefromance (MLUPS/s)]
OMP: Info #277: omp_set_nested routine deprecated, please use omp_set_max_active_levels instead.
[AUTO TUNE]     [015: 7976.97]  time:1.218508e+00  MLUPS:009720  cache block size:3287kiB  reps:1  perf err: 100.0%
OMP: Info #277: omp_set_nested routine deprecated, please use omp_set_max_active_levels instead.
[AUTO TUNE]     [015: 6948.01]  time:3.637299e+00  MLUPS:025272  cache block size:3287kiB  reps:2  perf err: 14.8%
OMP: Info #277: omp_set_nested routine deprecated, please use omp_set_max_active_levels instead.
[AUTO TUNE]     [015: 6712.67]  time:6.081636e+00  MLUPS:040824  cache block size:3287kiB  reps:3  perf err:  3.5%
OMP: Info #277: omp_set_nested routine deprecated, please use omp_set_max_active_levels instead.
[AUTO TUNE]     [015: 6607.14]  time:8.532586e+00  MLUPS:056376  cache block size:3287kiB  reps:4  perf err:  1.6%
OMP: Info #277: omp_set_nested routine deprecated, please use omp_set_max_active_levels instead.
[AUTO TUNE]     [030: 8735.25]  time:1.112733e+00  MLUPS:009720  cache block size:5852kiB  reps:1  perf err: 100.0%
OMP: Info #277: omp_set_nested routine deprecated, please use omp_set_max_active_levels instead.
[AUTO TUNE]     [030: 7398.19]  time:3.415972e+00  MLUPS:025272  cache block size:5852kiB  reps:2  perf err: 18.1%
OMP: Info #277: omp_set_nested routine deprecated, please use omp_set_max_active_levels instead.
[AUTO TUNE]     [030: 7275.06]  time:5.611499e+00  MLUPS:040824  cache block size:5852kiB  reps:3  perf err:  1.7%
OMP: Info #277: omp_set_nested routine deprecated, please use omp_set_max_active_levels instead.
[AUTO TUNE]     [045: 9211.33]  time:1.055223e+00  MLUPS:009720  cache block size:8417kiB  reps:1  perf err: 100.0%
OMP: Info #277: omp_set_nested routine deprecated, please use omp_set_max_active_levels instead.
[AUTO TUNE]     [045: 7969.19]  time:3.171213e+00  MLUPS:025272  cache block size:8417kiB  reps:2  perf err: 15.6%
OMP: Info #277: omp_set_nested routine deprecated, please use omp_set_max_active_levels instead.
[AUTO TUNE]     [045: 7728.08]  time:5.282555e+00  MLUPS:040824  cache block size:8417kiB  reps:3  perf err:  3.1%
OMP: Info #277: omp_set_nested routine deprecated, please use omp_set_max_active_levels instead.
[AUTO TUNE]     [045: 7486.48]  time:7.530377e+00  MLUPS:056376  cache block size:8417kiB  reps:4  perf err:  3.2%
OMP: Info #277: omp_set_nested routine deprecated, please use omp_set_max_active_levels instead.
[AUTO TUNE]     [045: 7332.35]  time:9.809684e+00  MLUPS:071928  cache block size:8417kiB  reps:5  perf err:  2.1%
OMP: Info #277: omp_set_nested routine deprecated, please use omp_set_max_active_levels instead.
[AUTO TUNE]     [060: 9076.49]  time:1.070899e+00  MLUPS:009720  cache block size:10982kiB  reps:1  perf err: 100.0%
OMP: Info #277: omp_set_nested routine deprecated, please use omp_set_max_active_levels instead.
[AUTO TUNE]     [060: 7914.76]  time:3.193022e+00  MLUPS:025272  cache block size:10982kiB  reps:2  perf err: 14.7%
OMP: Info #277: omp_set_nested routine deprecated, please use omp_set_max_active_levels instead.
[AUTO TUNE]     [060: 7881.72]  time:5.179577e+00  MLUPS:040824  cache block size:10982kiB  reps:3  perf err:  0.4%
OMP: Info #277: omp_set_nested routine deprecated, please use omp_set_max_active_levels instead.
[AUTO TUNE]     [075: 9557.68]  time:1.016984e+00  MLUPS:009720  cache block size:13547kiB  reps:1  perf err: 100.0%
OMP: Info #277: omp_set_nested routine deprecated, please use omp_set_max_active_levels instead.
[AUTO TUNE]     [075: 8037.40]  time:3.144300e+00  MLUPS:025272  cache block size:13547kiB  reps:2  perf err: 18.9%
OMP: Info #277: omp_set_nested routine deprecated, please use omp_set_max_active_levels instead.
[AUTO TUNE]     [075: 7884.81]  time:5.177553e+00  MLUPS:040824  cache block size:13547kiB  reps:3  perf err:  1.9%
OMP: Info #277: omp_set_nested routine deprecated, please use omp_set_max_active_levels instead.
[AUTO TUNE]     [090: 9025.00]  time:1.077009e+00  MLUPS:009720  cache block size:16112kiB  reps:1  perf err: 100.0%
OMP: Info #277: omp_set_nested routine deprecated, please use omp_set_max_active_levels instead.
[AUTO TUNE]     [090: 8125.25]  time:3.110305e+00  MLUPS:025272  cache block size:16112kiB  reps:2  perf err: 11.1%
OMP: Info #277: omp_set_nested routine deprecated, please use omp_set_max_active_levels instead.
[AUTO TUNE]     [090: 7950.07]  time:5.135047e+00  MLUPS:040824  cache block size:16112kiB  reps:3  perf err:  2.2%
OMP: Info #277: omp_set_nested routine deprecated, please use omp_set_max_active_levels instead.
[AUTO TUNE]     [105: 8942.59]  time:1.086933e+00  MLUPS:009720  cache block size:18677kiB  reps:1  perf err: 100.0%
OMP: Info #277: omp_set_nested routine deprecated, please use omp_set_max_active_levels instead.
[AUTO TUNE]     [105: 8510.45]  time:2.969527e+00  MLUPS:025272  cache block size:18677kiB  reps:2  perf err:  5.1%
OMP: Info #277: omp_set_nested routine deprecated, please use omp_set_max_active_levels instead.
[AUTO TUNE]     [105: 8011.61]  time:5.095605e+00  MLUPS:040824  cache block size:18677kiB  reps:3  perf err:  6.2%
OMP: Info #277: omp_set_nested routine deprecated, please use omp_set_max_active_levels instead.
[AUTO TUNE]     [105: 8044.31]  time:7.008183e+00  MLUPS:056376  cache block size:18677kiB  reps:4  perf err:  0.4%
OMP: Info #277: omp_set_nested routine deprecated, please use omp_set_max_active_levels instead.
[AUTO TUNE]     [120: 9625.97]  time:1.009768e+00  MLUPS:009720  cache block size:21242kiB  reps:1  perf err: 100.0%
OMP: Info #277: omp_set_nested routine deprecated, please use omp_set_max_active_levels instead.
[AUTO TUNE]     [120: 8180.47]  time:3.089310e+00  MLUPS:025272  cache block size:21242kiB  reps:2  perf err: 17.7%
OMP: Info #277: omp_set_nested routine deprecated, please use omp_set_max_active_levels instead.
[AUTO TUNE]     [120: 7968.66]  time:5.123067e+00  MLUPS:040824  cache block size:21242kiB  reps:3  perf err:  2.7%
OMP: Info #277: omp_set_nested routine deprecated, please use omp_set_max_active_levels instead.
[AUTO TUNE]     [120: 8071.75]  time:6.984355e+00  MLUPS:056376  cache block size:21242kiB  reps:4  perf err:  1.3%
OMP: Info #277: omp_set_nested routine deprecated, please use omp_set_max_active_levels instead.
[AUTO TUNE]     [135: 9594.04]  time:1.013129e+00  MLUPS:009720  cache block size:23807kiB  reps:1  perf err: 100.0%
OMP: Info #277: omp_set_nested routine deprecated, please use omp_set_max_active_levels instead.
[AUTO TUNE]     [135: 8169.61]  time:3.093417e+00  MLUPS:025272  cache block size:23807kiB  reps:2  perf err: 17.4%
OMP: Info #277: omp_set_nested routine deprecated, please use omp_set_max_active_levels instead.
[AUTO TUNE]     [135: 8147.24]  time:5.010777e+00  MLUPS:040824  cache block size:23807kiB  reps:3  perf err:  0.3%
OMP: Info #277: omp_set_nested routine deprecated, please use omp_set_max_active_levels instead.
[AUTO TUNE]     [150: 9213.59]  time:1.054963e+00  MLUPS:009720  cache block size:26372kiB  reps:1  perf err: 100.0%
OMP: Info #277: omp_set_nested routine deprecated, please use omp_set_max_active_levels instead.
[AUTO TUNE]     [150: 8272.62]  time:3.054895e+00  MLUPS:025272  cache block size:26372kiB  reps:2  perf err: 11.4%
OMP: Info #277: omp_set_nested routine deprecated, please use omp_set_max_active_levels instead.
[AUTO TUNE]     [150: 8008.68]  time:5.097469e+00  MLUPS:040824  cache block size:26372kiB  reps:3  perf err:  3.3%
OMP: Info #277: omp_set_nested routine deprecated, please use omp_set_max_active_levels instead.
[AUTO TUNE]     [150: 7934.63]  time:7.105054e+00  MLUPS:056376  cache block size:26372kiB  reps:4  perf err:  0.9%
[AUTO TUNE]   Diamond width:12  [wavefronts #: pefromance (MLUPS/s)]
OMP: Info #277: omp_set_nested routine deprecated, please use omp_set_max_active_levels instead.
[AUTO TUNE]     [015: 10928.25]  time:1.245213e+00  MLUPS:013608  cache block size:5263kiB  reps:1  perf err: 100.0%
OMP: Info #277: omp_set_nested routine deprecated, please use omp_set_max_active_levels instead.
[AUTO TUNE]     [015: 10188.91]  time:3.625119e+00  MLUPS:036936  cache block size:5263kiB  reps:2  perf err:  7.3%
OMP: Info #277: omp_set_nested routine deprecated, please use omp_set_max_active_levels instead.
[AUTO TUNE]     [015: 9939.48]  time:6.063094e+00  MLUPS:060264  cache block size:5263kiB  reps:3  perf err:  2.5%
OMP: Info #277: omp_set_nested routine deprecated, please use omp_set_max_active_levels instead.
[AUTO TUNE]     [015: 9881.56]  time:8.459393e+00  MLUPS:083592  cache block size:5263kiB  reps:4  perf err:  0.6%
OMP: Info #277: omp_set_nested routine deprecated, please use omp_set_max_active_levels instead.
[AUTO TUNE]     [030: 12320.39]  time:1.104511e+00  MLUPS:013608  cache block size:8968kiB  reps:1  perf err: 100.0%
OMP: Info #277: omp_set_nested routine deprecated, please use omp_set_max_active_levels instead.
[AUTO TUNE]     [030: 11341.46]  time:3.256724e+00  MLUPS:036936  cache block size:8968kiB  reps:2  perf err:  8.6%
OMP: Info #277: omp_set_nested routine deprecated, please use omp_set_max_active_levels instead.
[AUTO TUNE]     [030: 11061.53]  time:5.448072e+00  MLUPS:060264  cache block size:8968kiB  reps:3  perf err:  2.5%
OMP: Info #277: omp_set_nested routine deprecated, please use omp_set_max_active_levels instead.
[AUTO TUNE]     [030: 11209.98]  time:7.456930e+00  MLUPS:083592  cache block size:8968kiB  reps:4  perf err:  1.3%
OMP: Info #277: omp_set_nested routine deprecated, please use omp_set_max_active_levels instead.
[AUTO TUNE]     [045: 13101.45]  time:1.038664e+00  MLUPS:013608  cache block size:12673kiB  reps:1  perf err: 100.0%
OMP: Info #277: omp_set_nested routine deprecated, please use omp_set_max_active_levels instead.
[AUTO TUNE]     [045: 11259.12]  time:3.280542e+00  MLUPS:036936  cache block size:12673kiB  reps:2  perf err: 16.4%
OMP: Info #277: omp_set_nested routine deprecated, please use omp_set_max_active_levels instead.
[AUTO TUNE]     [045: 11513.43]  time:5.234236e+00  MLUPS:060264  cache block size:12673kiB  reps:3  perf err:  2.2%
OMP: Info #277: omp_set_nested routine deprecated, please use omp_set_max_active_levels instead.
[AUTO TUNE]     [060: 12879.88]  time:1.056532e+00  MLUPS:013608  cache block size:16378kiB  reps:1  perf err: 100.0%
OMP: Info #277: omp_set_nested routine deprecated, please use omp_set_max_active_levels instead.
[AUTO TUNE]     [060: 11481.24]  time:3.217074e+00  MLUPS:036936  cache block size:16378kiB  reps:2  perf err: 12.2%
OMP: Info #277: omp_set_nested routine deprecated, please use omp_set_max_active_levels instead.
[AUTO TUNE]     [060: 12027.13]  time:5.010671e+00  MLUPS:060264  cache block size:16378kiB  reps:3  perf err:  4.5%
OMP: Info #277: omp_set_nested routine deprecated, please use omp_set_max_active_levels instead.
[AUTO TUNE]     [060: 11906.24]  time:7.020859e+00  MLUPS:083592  cache block size:16378kiB  reps:4  perf err:  1.0%
OMP: Info #277: omp_set_nested routine deprecated, please use omp_set_max_active_levels instead.
[AUTO TUNE]     [075: 12499.98]  time:1.088642e+00  MLUPS:013608  cache block size:20083kiB  reps:1  perf err: 100.0%
OMP: Info #277: omp_set_nested routine deprecated, please use omp_set_max_active_levels instead.
[AUTO TUNE]     [075: 11930.56]  time:3.095915e+00  MLUPS:036936  cache block size:20083kiB  reps:2  perf err:  4.8%
OMP: Info #277: omp_set_nested routine deprecated, please use omp_set_max_active_levels instead.
[AUTO TUNE]     [075: 11625.25]  time:5.183889e+00  MLUPS:060264  cache block size:20083kiB  reps:3  perf err:  2.6%
OMP: Info #277: omp_set_nested routine deprecated, please use omp_set_max_active_levels instead.
[AUTO TUNE]     [075: 11702.55]  time:7.143057e+00  MLUPS:083592  cache block size:20083kiB  reps:4  perf err:  0.7%
[AUTO TUNE]   Diamond width:20  [wavefronts #: pefromance (MLUPS/s)]
OMP: Info #277: omp_set_nested routine deprecated, please use omp_set_max_active_levels instead.
[AUTO TUNE]     [015: 15660.70]  time:1.365456e+00  MLUPS:021384  cache block size:10127kiB  reps:1  perf err: 100.0%
OMP: Info #277: omp_set_nested routine deprecated, please use omp_set_max_active_levels instead.
[AUTO TUNE]     [015: 14907.24]  time:4.042600e+00  MLUPS:060264  cache block size:10127kiB  reps:2  perf err:  5.1%
OMP: Info #277: omp_set_nested routine deprecated, please use omp_set_max_active_levels instead.
[AUTO TUNE]     [015: 14493.67]  time:6.840503e+00  MLUPS:099144  cache block size:10127kiB  reps:3  perf err:  2.9%
OMP: Info #277: omp_set_nested routine deprecated, please use omp_set_max_active_levels instead.
[AUTO TUNE]     [015: 14680.05]  time:9.402145e+00  MLUPS:138024  cache block size:10127kiB  reps:4  perf err:  1.3%
OMP: Info #277: omp_set_nested routine deprecated, please use omp_set_max_active_levels instead.
[AUTO TUNE]     [030: 18792.31]  time:1.137912e+00  MLUPS:021384  cache block size:16112kiB  reps:1  perf err: 100.0%
OMP: Info #277: omp_set_nested routine deprecated, please use omp_set_max_active_levels instead.
[AUTO TUNE]     [030: 18002.43]  time:3.347548e+00  MLUPS:060264  cache block size:16112kiB  reps:2  perf err:  4.4%
OMP: Info #277: omp_set_nested routine deprecated, please use omp_set_max_active_levels instead.
[AUTO TUNE]     [030: 17770.44]  time:5.579151e+00  MLUPS:099144  cache block size:16112kiB  reps:3  perf err:  1.3%
OMP: Info #277: omp_set_nested routine deprecated, please use omp_set_max_active_levels instead.
[AUTO TUNE]     [045: 19644.71]  time:1.088537e+00  MLUPS:021384  cache block size:22097kiB  reps:1  perf err: 100.0%
OMP: Info #277: omp_set_nested routine deprecated, please use omp_set_max_active_levels instead.
[AUTO TUNE]     [045: 19177.73]  time:3.142394e+00  MLUPS:060264  cache block size:22097kiB  reps:2  perf err:  2.4%
OMP: Info #277: omp_set_nested routine deprecated, please use omp_set_max_active_levels instead.
[AUTO TUNE]     [060: 20706.68]  time:1.032710e+00  MLUPS:021384  cache block size:28082kiB  reps:1  perf err: 100.0%
OMP: Info #277: omp_set_nested routine deprecated, please use omp_set_max_active_levels instead.
[AUTO TUNE]     [060: 19089.58]  time:3.156906e+00  MLUPS:060264  cache block size:28082kiB  reps:2  perf err:  8.5%
OMP: Info #277: omp_set_nested routine deprecated, please use omp_set_max_active_levels instead.
[AUTO TUNE]     [060: 18941.04]  time:5.234347e+00  MLUPS:099144  cache block size:28082kiB  reps:3  perf err:  0.8%
[AUTO TUNE]   Diamond width:24  [wavefronts #: pefromance (MLUPS/s)]
OMP: Info #277: omp_set_nested routine deprecated, please use omp_set_max_active_levels instead.
[AUTO TUNE]     [015: 17201.86]  time:1.469144e+00  MLUPS:025272  cache block size:13015kiB  reps:1  perf err: 100.0%
OMP: Info #277: omp_set_nested routine deprecated, please use omp_set_max_active_levels instead.
[AUTO TUNE]     [015: 16445.47]  time:4.373727e+00  MLUPS:071928  cache block size:13015kiB  reps:2  perf err:  4.6%
OMP: Info #277: omp_set_nested routine deprecated, please use omp_set_max_active_levels instead.
[AUTO TUNE]     [015: 16215.52]  time:7.312995e+00  MLUPS:118584  cache block size:13015kiB  reps:3  perf err:  1.4%
OMP: Info #277: omp_set_nested routine deprecated, please use omp_set_max_active_levels instead.
[AUTO TUNE]     [030: 21533.74]  time:1.173600e+00  MLUPS:025272  cache block size:20140kiB  reps:1  perf err: 100.0%
OMP: Info #277: omp_set_nested routine deprecated, please use omp_set_max_active_levels instead.
[AUTO TUNE]     [030: 20593.65]  time:3.492727e+00  MLUPS:071928  cache block size:20140kiB  reps:2  perf err:  4.6%
OMP: Info #277: omp_set_nested routine deprecated, please use omp_set_max_active_levels instead.
[AUTO TUNE]     [030: 20096.48]  time:5.900735e+00  MLUPS:118584  cache block size:20140kiB  reps:3  perf err:  2.5%
OMP: Info #277: omp_set_nested routine deprecated, please use omp_set_max_active_levels instead.
[AUTO TUNE]     [045: 22689.12]  time:1.113838e+00  MLUPS:025272  cache block size:27265kiB  reps:1  perf err: 100.0%
OMP: Info #277: omp_set_nested routine deprecated, please use omp_set_max_active_levels instead.
[AUTO TUNE]     [045: 21913.61]  time:3.282344e+00  MLUPS:071928  cache block size:27265kiB  reps:2  perf err:  3.5%
OMP: Info #277: omp_set_nested routine deprecated, please use omp_set_max_active_levels instead.
[AUTO TUNE]     [045: 21851.52]  time:5.426809e+00  MLUPS:118584  cache block size:27265kiB  reps:3  perf err:  0.3%
OMP: Info #277: omp_set_nested routine deprecated, please use omp_set_max_active_levels instead.
[AUTO TUNE]     [060: 22888.31]  time:1.104144e+00  MLUPS:025272  cache block size:34390kiB  reps:1  perf err: 100.0%
OMP: Info #277: omp_set_nested routine deprecated, please use omp_set_max_active_levels instead.
[AUTO TUNE]     [060: 22855.84]  time:3.147029e+00  MLUPS:071928  cache block size:34390kiB  reps:2  perf err:  0.1%
OMP: Info #277: omp_set_nested routine deprecated, please use omp_set_max_active_levels instead.
[AUTO TUNE]     [075: 24163.08]  time:1.045893e+00  MLUPS:025272  cache block size:41515kiB  reps:1  perf err: 100.0%
OMP: Info #277: omp_set_nested routine deprecated, please use omp_set_max_active_levels instead.
[AUTO TUNE]     [075: 23034.97]  time:3.122556e+00  MLUPS:071928  cache block size:41515kiB  reps:2  perf err:  4.9%
OMP: Info #277: omp_set_nested routine deprecated, please use omp_set_max_active_levels instead.
[AUTO TUNE]     [075: 22039.99]  time:5.380403e+00  MLUPS:118584  cache block size:41515kiB  reps:3  perf err:  4.5%
OMP: Info #277: omp_set_nested routine deprecated, please use omp_set_max_active_levels instead.
[AUTO TUNE]     [075: 22756.90]  time:7.261095e+00  MLUPS:165240  cache block size:41515kiB  reps:4  perf err:  3.2%
OMP: Info #277: omp_set_nested routine deprecated, please use omp_set_max_active_levels instead.
[AUTO TUNE]     [075: 22504.59]  time:9.415680e+00  MLUPS:211896  cache block size:41515kiB  reps:5  perf err:  1.1%
[AUTO TUNE]   Diamond width:36  [wavefronts #: pefromance (MLUPS/s)]
OMP: Info #277: omp_set_nested routine deprecated, please use omp_set_max_active_levels instead.
[AUTO TUNE]     [015: 18575.32]  time:1.988445e+00  MLUPS:036936  cache block size:23503kiB  reps:1  perf err: 100.0%
OMP: Info #277: omp_set_nested routine deprecated, please use omp_set_max_active_levels instead.
[AUTO TUNE]     [015: 18207.27]  time:5.872378e+00  MLUPS:106920  cache block size:23503kiB  reps:2  perf err:  2.0%
OMP: Info #277: omp_set_nested routine deprecated, please use omp_set_max_active_levels instead.
[AUTO TUNE]     [030: 24513.50]  time:1.506762e+00  MLUPS:036936  cache block size:34048kiB  reps:1  perf err: 100.0%
OMP: Info #277: omp_set_nested routine deprecated, please use omp_set_max_active_levels instead.
[AUTO TUNE]     [030: 23998.69]  time:4.455242e+00  MLUPS:106920  cache block size:34048kiB  reps:2  perf err:  2.1%
OMP: Info #277: omp_set_nested routine deprecated, please use omp_set_max_active_levels instead.
[AUTO TUNE]     [045: 23605.06]  time:1.564750e+00  MLUPS:036936  cache block size:44593kiB  reps:1  perf err: 100.0%
OMP: Info #277: omp_set_nested routine deprecated, please use omp_set_max_active_levels instead.
[AUTO TUNE]     [045: 25318.19]  time:4.223050e+00  MLUPS:106920  cache block size:44593kiB  reps:2  perf err:  6.8%
OMP: Info #277: omp_set_nested routine deprecated, please use omp_set_max_active_levels instead.
[AUTO TUNE]     [045: 25868.22]  time:6.838661e+00  MLUPS:176904  cache block size:44593kiB  reps:3  perf err:  2.1%
OMP: Info #277: omp_set_nested routine deprecated, please use omp_set_max_active_levels instead.
[AUTO TUNE]     [060: 27357.32]  time:1.350132e+00  MLUPS:036936  cache block size:55138kiB  reps:1  perf err: 100.0%
OMP: Info #277: omp_set_nested routine deprecated, please use omp_set_max_active_levels instead.
[AUTO TUNE]     [060: 27175.84]  time:3.934377e+00  MLUPS:106920  cache block size:55138kiB  reps:2  perf err:  0.7%
OMP: Info #277: omp_set_nested routine deprecated, please use omp_set_max_active_levels instead.
[AUTO TUNE]     [075: 28400.87]  time:1.300524e+00  MLUPS:036936  cache block size:65683kiB  reps:1  perf err: 100.0%
OMP: Info #277: omp_set_nested routine deprecated, please use omp_set_max_active_levels instead.
[AUTO TUNE]     [075: 27750.62]  time:3.852887e+00  MLUPS:106920  cache block size:65683kiB  reps:2  perf err:  2.3%
OMP: Info #277: omp_set_nested routine deprecated, please use omp_set_max_active_levels instead.
[AUTO TUNE]     [090: 28076.13]  time:1.315566e+00  MLUPS:036936  cache block size:76228kiB  reps:1  perf err: 100.0%
OMP: Info #277: omp_set_nested routine deprecated, please use omp_set_max_active_levels instead.
[AUTO TUNE]     [090: 27813.56]  time:3.844168e+00  MLUPS:106920  cache block size:76228kiB  reps:2  perf err:  0.9%
OMP: Info #277: omp_set_nested routine deprecated, please use omp_set_max_active_levels instead.
[AUTO TUNE]     [105: 28113.06]  time:1.313838e+00  MLUPS:036936  cache block size:86773kiB  reps:1  perf err: 100.0%
OMP: Info #277: omp_set_nested routine deprecated, please use omp_set_max_active_levels instead.
[AUTO TUNE]     [105: 27637.34]  time:3.868679e+00  MLUPS:106920  cache block size:86773kiB  reps:2  perf err:  1.7%
[AUTO TUNE]   Diamond width:40  [wavefronts #: pefromance (MLUPS/s)]
OMP: Info #277: omp_set_nested routine deprecated, please use omp_set_max_active_levels instead.
[AUTO TUNE]     [015: 18877.61]  time:2.162562e+00  MLUPS:040824  cache block size:27607kiB  reps:1  perf err: 100.0%
OMP: Info #277: omp_set_nested routine deprecated, please use omp_set_max_active_levels instead.
[AUTO TUNE]     [015: 18410.59]  time:6.441077e+00  MLUPS:118584  cache block size:27607kiB  reps:2  perf err:  2.5%
OMP: Info #277: omp_set_nested routine deprecated, please use omp_set_max_active_levels instead.
[AUTO TUNE]     [015: 18293.55]  time:1.073296e+01  MLUPS:196344  cache block size:27607kiB  reps:3  perf err:  0.6%
OMP: Info #277: omp_set_nested routine deprecated, please use omp_set_max_active_levels instead.
[AUTO TUNE]     [030: 24397.34]  time:1.673297e+00  MLUPS:040824  cache block size:39292kiB  reps:1  perf err: 100.0%
OMP: Info #277: omp_set_nested routine deprecated, please use omp_set_max_active_levels instead.
[AUTO TUNE]     [030: 23863.10]  time:4.969347e+00  MLUPS:118584  cache block size:39292kiB  reps:2  perf err:  2.2%
OMP: Info #277: omp_set_nested routine deprecated, please use omp_set_max_active_levels instead.
[AUTO TUNE]     [045: 26632.58]  time:1.532859e+00  MLUPS:040824  cache block size:50977kiB  reps:1  perf err: 100.0%
OMP: Info #277: omp_set_nested routine deprecated, please use omp_set_max_active_levels instead.
[AUTO TUNE]     [045: 25624.62]  time:4.627736e+00  MLUPS:118584  cache block size:50977kiB  reps:2  perf err:  3.9%
OMP: Info #277: omp_set_nested routine deprecated, please use omp_set_max_active_levels instead.
[AUTO TUNE]     [045: 25774.72]  time:7.617696e+00  MLUPS:196344  cache block size:50977kiB  reps:3  perf err:  0.6%
OMP: Info #277: omp_set_nested routine deprecated, please use omp_set_max_active_levels instead.
[AUTO TUNE]     [060: 27847.93]  time:1.465962e+00  MLUPS:040824  cache block size:62662kiB  reps:1  perf err: 100.0%
OMP: Info #277: omp_set_nested routine deprecated, please use omp_set_max_active_levels instead.
[AUTO TUNE]     [060: 27100.14]  time:4.375771e+00  MLUPS:118584  cache block size:62662kiB  reps:2  perf err:  2.8%
OMP: Info #277: omp_set_nested routine deprecated, please use omp_set_max_active_levels instead.
[AUTO TUNE]     [060: 27004.44]  time:7.270804e+00  MLUPS:196344  cache block size:62662kiB  reps:3  perf err:  0.4%
OMP: Info #277: omp_set_nested routine deprecated, please use omp_set_max_active_levels instead.
[AUTO TUNE]     [075: 28450.82]  time:1.434897e+00  MLUPS:040824  cache block size:74347kiB  reps:1  perf err: 100.0%
OMP: Info #277: omp_set_nested routine deprecated, please use omp_set_max_active_levels instead.
[AUTO TUNE]     [075: 27588.47]  time:4.298318e+00  MLUPS:118584  cache block size:74347kiB  reps:2  perf err:  3.1%
OMP: Info #277: omp_set_nested routine deprecated, please use omp_set_max_active_levels instead.
[AUTO TUNE]     [075: 27526.80]  time:7.132830e+00  MLUPS:196344  cache block size:74347kiB  reps:3  perf err:  0.2%
OMP: Info #277: omp_set_nested routine deprecated, please use omp_set_max_active_levels instead.
[AUTO TUNE]     [090: 28337.92]  time:1.440614e+00  MLUPS:040824  cache block size:86032kiB  reps:1  perf err: 100.0%
OMP: Info #277: omp_set_nested routine deprecated, please use omp_set_max_active_levels instead.
[AUTO TUNE]     [090: 27549.09]  time:4.304462e+00  MLUPS:118584  cache block size:86032kiB  reps:2  perf err:  2.9%
OMP: Info #277: omp_set_nested routine deprecated, please use omp_set_max_active_levels instead.
[AUTO TUNE]     [090: 27533.40]  time:7.131121e+00  MLUPS:196344  cache block size:86032kiB  reps:3  perf err:  0.1%
OMP: Info #277: omp_set_nested routine deprecated, please use omp_set_max_active_levels instead.
[AUTO TUNE]     [105: 28084.29]  time:1.453624e+00  MLUPS:040824  cache block size:97717kiB  reps:1  perf err: 100.0%
OMP: Info #277: omp_set_nested routine deprecated, please use omp_set_max_active_levels instead.
[AUTO TUNE]     [105: 27357.55]  time:4.334599e+00  MLUPS:118584  cache block size:97717kiB  reps:2  perf err:  2.7%
OMP: Info #277: omp_set_nested routine deprecated, please use omp_set_max_active_levels instead.
[AUTO TUNE]     [105: 27072.93]  time:7.252409e+00  MLUPS:196344  cache block size:97717kiB  reps:3  perf err:  1.1%
[AUTO TUNE] COMPLETE tune case #19: Thread group size:30  thc:01  thx:02  thy:01  thz:15  t_dim:17  bs_z:90  perf:27813.56 MLUP/s

[AUTO TUNE] START tune case #20: Thread group size:30  thc:01  thx:01  thy:02  thz:15  Possilbe diam width: 4 8 12 20 24 36 40 60 72
[AUTO TUNE]   Diamond width:04  [wavefronts #: pefromance (MLUPS/s)]
OMP: Info #277: omp_set_nested routine deprecated, please use omp_set_max_active_levels instead.
[AUTO TUNE]     [015: 4304.68]  time:1.354803e+00  MLUPS:005832  cache block size:1615kiB  reps:1  perf err: 100.0%
OMP: Info #277: omp_set_nested routine deprecated, please use omp_set_max_active_levels instead.
[AUTO TUNE]     [015: 3355.07]  time:4.055955e+00  MLUPS:013608  cache block size:1615kiB  reps:2  perf err: 28.3%
OMP: Info #277: omp_set_nested routine deprecated, please use omp_set_max_active_levels instead.
[AUTO TUNE]     [015: 3157.90]  time:6.771592e+00  MLUPS:021384  cache block size:1615kiB  reps:3  perf err:  6.2%
OMP: Info #277: omp_set_nested routine deprecated, please use omp_set_max_active_levels instead.
[AUTO TUNE]     [015: 3023.43]  time:9.644668e+00  MLUPS:029160  cache block size:1615kiB  reps:4  perf err:  4.4%
OMP: Info #277: omp_set_nested routine deprecated, please use omp_set_max_active_levels instead.
[AUTO TUNE]     [030: 5039.46]  time:1.157267e+00  MLUPS:005832  cache block size:3040kiB  reps:1  perf err: 100.0%
OMP: Info #277: omp_set_nested routine deprecated, please use omp_set_max_active_levels instead.
[AUTO TUNE]     [030: 3924.74]  time:3.467234e+00  MLUPS:013608  cache block size:3040kiB  reps:2  perf err: 28.4%
OMP: Info #277: omp_set_nested routine deprecated, please use omp_set_max_active_levels instead.
[AUTO TUNE]     [030: 3659.19]  time:5.843920e+00  MLUPS:021384  cache block size:3040kiB  reps:3  perf err:  7.3%
OMP: Info #277: omp_set_nested routine deprecated, please use omp_set_max_active_levels instead.
[AUTO TUNE]     [030: 3571.23]  time:8.165252e+00  MLUPS:029160  cache block size:3040kiB  reps:4  perf err:  2.5%
OMP: Info #277: omp_set_nested routine deprecated, please use omp_set_max_active_levels instead.
[AUTO TUNE]     [045: 5357.05]  time:1.088660e+00  MLUPS:005832  cache block size:4465kiB  reps:1  perf err: 100.0%
OMP: Info #277: omp_set_nested routine deprecated, please use omp_set_max_active_levels instead.
[AUTO TUNE]     [045: 4133.83]  time:3.291864e+00  MLUPS:013608  cache block size:4465kiB  reps:2  perf err: 29.6%
OMP: Info #277: omp_set_nested routine deprecated, please use omp_set_max_active_levels instead.
[AUTO TUNE]     [045: 3908.83]  time:5.470690e+00  MLUPS:021384  cache block size:4465kiB  reps:3  perf err:  5.8%
OMP: Info #277: omp_set_nested routine deprecated, please use omp_set_max_active_levels instead.
[AUTO TUNE]     [045: 3806.00]  time:7.661579e+00  MLUPS:029160  cache block size:4465kiB  reps:4  perf err:  2.7%
OMP: Info #277: omp_set_nested routine deprecated, please use omp_set_max_active_levels instead.
[AUTO TUNE]     [045: 3777.32]  time:9.778354e+00  MLUPS:036936  cache block size:4465kiB  reps:5  perf err:  0.8%
OMP: Info #277: omp_set_nested routine deprecated, please use omp_set_max_active_levels instead.
[AUTO TUNE]     [060: 5350.75]  time:1.089940e+00  MLUPS:005832  cache block size:5890kiB  reps:1  perf err: 100.0%
OMP: Info #277: omp_set_nested routine deprecated, please use omp_set_max_active_levels instead.
[AUTO TUNE]     [060: 4334.16]  time:3.139712e+00  MLUPS:013608  cache block size:5890kiB  reps:2  perf err: 23.5%
OMP: Info #277: omp_set_nested routine deprecated, please use omp_set_max_active_levels instead.
[AUTO TUNE]     [060: 4061.05]  time:5.265638e+00  MLUPS:021384  cache block size:5890kiB  reps:3  perf err:  6.7%
OMP: Info #277: omp_set_nested routine deprecated, please use omp_set_max_active_levels instead.
[AUTO TUNE]     [060: 3944.38]  time:7.392798e+00  MLUPS:029160  cache block size:5890kiB  reps:4  perf err:  3.0%
OMP: Info #277: omp_set_nested routine deprecated, please use omp_set_max_active_levels instead.
[AUTO TUNE]     [060: 3947.66]  time:9.356439e+00  MLUPS:036936  cache block size:5890kiB  reps:5  perf err:  0.1%
OMP: Info #277: omp_set_nested routine deprecated, please use omp_set_max_active_levels instead.
[AUTO TUNE]     [075: 5336.68]  time:1.092814e+00  MLUPS:005832  cache block size:7315kiB  reps:1  perf err: 100.0%
OMP: Info #277: omp_set_nested routine deprecated, please use omp_set_max_active_levels instead.
[AUTO TUNE]     [075: 4460.37]  time:3.050868e+00  MLUPS:013608  cache block size:7315kiB  reps:2  perf err: 19.6%
OMP: Info #277: omp_set_nested routine deprecated, please use omp_set_max_active_levels instead.
[AUTO TUNE]     [075: 4211.44]  time:5.077595e+00  MLUPS:021384  cache block size:7315kiB  reps:3  perf err:  5.9%
OMP: Info #277: omp_set_nested routine deprecated, please use omp_set_max_active_levels instead.
[AUTO TUNE]     [075: 4044.20]  time:7.210317e+00  MLUPS:029160  cache block size:7315kiB  reps:4  perf err:  4.1%
OMP: Info #277: omp_set_nested routine deprecated, please use omp_set_max_active_levels instead.
[AUTO TUNE]     [075: 3932.98]  time:9.391351e+00  MLUPS:036936  cache block size:7315kiB  reps:5  perf err:  2.8%
[AUTO TUNE]   Diamond width:08  [wavefronts #: pefromance (MLUPS/s)]
OMP: Info #277: omp_set_nested routine deprecated, please use omp_set_max_active_levels instead.
[AUTO TUNE]     [015: 8678.63]  time:1.119992e+00  MLUPS:009720  cache block size:3287kiB  reps:1  perf err: 100.0%
OMP: Info #277: omp_set_nested routine deprecated, please use omp_set_max_active_levels instead.
[AUTO TUNE]     [015: 7503.74]  time:3.367922e+00  MLUPS:025272  cache block size:3287kiB  reps:2  perf err: 15.7%
OMP: Info #277: omp_set_nested routine deprecated, please use omp_set_max_active_levels instead.
[AUTO TUNE]     [015: 7313.15]  time:5.582276e+00  MLUPS:040824  cache block size:3287kiB  reps:3  perf err:  2.6%
OMP: Info #277: omp_set_nested routine deprecated, please use omp_set_max_active_levels instead.
[AUTO TUNE]     [015: 7258.59]  time:7.766795e+00  MLUPS:056376  cache block size:3287kiB  reps:4  perf err:  0.8%
OMP: Info #277: omp_set_nested routine deprecated, please use omp_set_max_active_levels instead.
[AUTO TUNE]     [030: 9594.27]  time:1.013105e+00  MLUPS:009720  cache block size:5852kiB  reps:1  perf err: 100.0%
OMP: Info #277: omp_set_nested routine deprecated, please use omp_set_max_active_levels instead.
[AUTO TUNE]     [030: 8455.29]  time:2.988897e+00  MLUPS:025272  cache block size:5852kiB  reps:2  perf err: 13.5%
OMP: Info #277: omp_set_nested routine deprecated, please use omp_set_max_active_levels instead.
[AUTO TUNE]     [030: 8220.10]  time:4.966363e+00  MLUPS:040824  cache block size:5852kiB  reps:3  perf err:  2.9%
OMP: Info #277: omp_set_nested routine deprecated, please use omp_set_max_active_levels instead.
[AUTO TUNE]     [030: 8052.37]  time:7.001168e+00  MLUPS:056376  cache block size:5852kiB  reps:4  perf err:  2.1%
OMP: Info #277: omp_set_nested routine deprecated, please use omp_set_max_active_levels instead.
[AUTO TUNE]     [045: 10057.00]  time:9.664906e-01  MLUPS:009720  cache block size:8417kiB  reps:1  perf err: 100.0%
OMP: Info #277: omp_set_nested routine deprecated, please use omp_set_max_active_levels instead.
[AUTO TUNE]     [045: 8973.93]  time:2.816159e+00  MLUPS:025272  cache block size:8417kiB  reps:2  perf err: 12.1%
OMP: Info #277: omp_set_nested routine deprecated, please use omp_set_max_active_levels instead.
[AUTO TUNE]     [045: 8739.39]  time:4.671265e+00  MLUPS:040824  cache block size:8417kiB  reps:3  perf err:  2.7%
OMP: Info #277: omp_set_nested routine deprecated, please use omp_set_max_active_levels instead.
[AUTO TUNE]     [045: 8604.86]  time:6.551650e+00  MLUPS:056376  cache block size:8417kiB  reps:4  perf err:  1.6%
OMP: Info #277: omp_set_nested routine deprecated, please use omp_set_max_active_levels instead.
[AUTO TUNE]     [060: 9883.41]  time:9.834660e-01  MLUPS:009720  cache block size:10982kiB  reps:1  perf err: 100.0%
OMP: Info #277: omp_set_nested routine deprecated, please use omp_set_max_active_levels instead.
[AUTO TUNE]     [060: 8927.89]  time:2.830682e+00  MLUPS:025272  cache block size:10982kiB  reps:2  perf err: 10.7%
OMP: Info #277: omp_set_nested routine deprecated, please use omp_set_max_active_levels instead.
[AUTO TUNE]     [060: 9066.06]  time:4.502948e+00  MLUPS:040824  cache block size:10982kiB  reps:3  perf err:  1.5%
OMP: Info #277: omp_set_nested routine deprecated, please use omp_set_max_active_levels instead.
[AUTO TUNE]     [075: 10914.23]  time:8.905807e-01  MLUPS:009720  cache block size:13547kiB  reps:1  perf err: 100.0%
OMP: Info #277: omp_set_nested routine deprecated, please use omp_set_max_active_levels instead.
[AUTO TUNE]     [075: 8443.48]  time:2.993080e+00  MLUPS:025272  cache block size:13547kiB  reps:2  perf err: 29.3%
OMP: Info #277: omp_set_nested routine deprecated, please use omp_set_max_active_levels instead.
[AUTO TUNE]     [075: 8787.49]  time:4.645695e+00  MLUPS:040824  cache block size:13547kiB  reps:3  perf err:  3.9%
OMP: Info #277: omp_set_nested routine deprecated, please use omp_set_max_active_levels instead.
[AUTO TUNE]     [075: 8803.02]  time:6.404164e+00  MLUPS:056376  cache block size:13547kiB  reps:4  perf err:  0.2%
[AUTO TUNE]   Diamond width:12  [wavefronts #: pefromance (MLUPS/s)]
OMP: Info #277: omp_set_nested routine deprecated, please use omp_set_max_active_levels instead.
[AUTO TUNE]     [015: 13210.17]  time:1.030115e+00  MLUPS:013608  cache block size:5263kiB  reps:1  perf err: 100.0%
OMP: Info #277: omp_set_nested routine deprecated, please use omp_set_max_active_levels instead.
[AUTO TUNE]     [015: 11862.58]  time:3.113656e+00  MLUPS:036936  cache block size:5263kiB  reps:2  perf err: 11.4%
OMP: Info #277: omp_set_nested routine deprecated, please use omp_set_max_active_levels instead.
[AUTO TUNE]     [015: 11531.24]  time:5.226151e+00  MLUPS:060264  cache block size:5263kiB  reps:3  perf err:  2.9%
OMP: Info #277: omp_set_nested routine deprecated, please use omp_set_max_active_levels instead.
[AUTO TUNE]     [015: 11561.03]  time:7.230495e+00  MLUPS:083592  cache block size:5263kiB  reps:4  perf err:  0.3%
OMP: Info #277: omp_set_nested routine deprecated, please use omp_set_max_active_levels instead.
[AUTO TUNE]     [030: 13570.15]  time:1.002789e+00  MLUPS:013608  cache block size:8968kiB  reps:1  perf err: 100.0%
OMP: Info #277: omp_set_nested routine deprecated, please use omp_set_max_active_levels instead.
[AUTO TUNE]     [030: 12985.70]  time:2.844359e+00  MLUPS:036936  cache block size:8968kiB  reps:2  perf err:  4.5%
OMP: Info #277: omp_set_nested routine deprecated, please use omp_set_max_active_levels instead.
[AUTO TUNE]     [030: 12467.59]  time:4.833654e+00  MLUPS:060264  cache block size:8968kiB  reps:3  perf err:  4.2%
OMP: Info #277: omp_set_nested routine deprecated, please use omp_set_max_active_levels instead.
[AUTO TUNE]     [030: 12417.23]  time:6.731935e+00  MLUPS:083592  cache block size:8968kiB  reps:4  perf err:  0.4%
OMP: Info #277: omp_set_nested routine deprecated, please use omp_set_max_active_levels instead.
[AUTO TUNE]     [045: 15177.72]  time:8.965771e-01  MLUPS:013608  cache block size:12673kiB  reps:1  perf err: 100.0%
OMP: Info #277: omp_set_nested routine deprecated, please use omp_set_max_active_levels instead.
[AUTO TUNE]     [045: 13910.77]  time:2.655210e+00  MLUPS:036936  cache block size:12673kiB  reps:2  perf err:  9.1%
OMP: Info #277: omp_set_nested routine deprecated, please use omp_set_max_active_levels instead.
[AUTO TUNE]     [045: 13710.38]  time:4.395503e+00  MLUPS:060264  cache block size:12673kiB  reps:3  perf err:  1.5%
OMP: Info #277: omp_set_nested routine deprecated, please use omp_set_max_active_levels instead.
[AUTO TUNE]     [060: 14012.40]  time:9.711400e-01  MLUPS:013608  cache block size:16378kiB  reps:1  perf err: 100.0%
OMP: Info #277: omp_set_nested routine deprecated, please use omp_set_max_active_levels instead.
[AUTO TUNE]     [060: 13820.28]  time:2.672595e+00  MLUPS:036936  cache block size:16378kiB  reps:2  perf err:  1.4%
OMP: Info #277: omp_set_nested routine deprecated, please use omp_set_max_active_levels instead.
[AUTO TUNE]     [075: 14363.40]  time:9.474082e-01  MLUPS:013608  cache block size:20083kiB  reps:1  perf err: 100.0%
OMP: Info #277: omp_set_nested routine deprecated, please use omp_set_max_active_levels instead.
[AUTO TUNE]     [075: 13186.67]  time:2.801010e+00  MLUPS:036936  cache block size:20083kiB  reps:2  perf err:  8.9%
OMP: Info #277: omp_set_nested routine deprecated, please use omp_set_max_active_levels instead.
[AUTO TUNE]     [075: 13829.84]  time:4.357536e+00  MLUPS:060264  cache block size:20083kiB  reps:3  perf err:  4.7%
OMP: Info #277: omp_set_nested routine deprecated, please use omp_set_max_active_levels instead.
[AUTO TUNE]     [075: 12855.31]  time:6.502525e+00  MLUPS:083592  cache block size:20083kiB  reps:4  perf err:  7.6%
OMP: Info #277: omp_set_nested routine deprecated, please use omp_set_max_active_levels instead.
[AUTO TUNE]     [075: 13531.32]  time:7.901669e+00  MLUPS:106920  cache block size:20083kiB  reps:5  perf err:  5.0%
OMP: Info #277: omp_set_nested routine deprecated, please use omp_set_max_active_levels instead.
[AUTO TUNE]     [075: 13527.80]  time:9.628171e+00  MLUPS:130248  cache block size:20083kiB  reps:6  perf err:  0.0%
[AUTO TUNE]   Diamond width:20  [wavefronts #: pefromance (MLUPS/s)]
OMP: Info #277: omp_set_nested routine deprecated, please use omp_set_max_active_levels instead.
[AUTO TUNE]     [015: 19911.93]  time:1.073929e+00  MLUPS:021384  cache block size:10127kiB  reps:1  perf err: 100.0%
OMP: Info #277: omp_set_nested routine deprecated, please use omp_set_max_active_levels instead.
[AUTO TUNE]     [015: 19446.28]  time:3.098999e+00  MLUPS:060264  cache block size:10127kiB  reps:2  perf err:  2.4%
OMP: Info #277: omp_set_nested routine deprecated, please use omp_set_max_active_levels instead.
[AUTO TUNE]     [030: 22384.49]  time:9.553042e-01  MLUPS:021384  cache block size:16112kiB  reps:1  perf err: 100.0%
OMP: Info #277: omp_set_nested routine deprecated, please use omp_set_max_active_levels instead.
[AUTO TUNE]     [030: 23010.40]  time:2.618990e+00  MLUPS:060264  cache block size:16112kiB  reps:2  perf err:  2.7%
OMP: Info #277: omp_set_nested routine deprecated, please use omp_set_max_active_levels instead.
[AUTO TUNE]     [030: 22873.41]  time:4.334466e+00  MLUPS:099144  cache block size:16112kiB  reps:3  perf err:  0.6%
OMP: Info #277: omp_set_nested routine deprecated, please use omp_set_max_active_levels instead.
[AUTO TUNE]     [045: 21342.22]  time:1.001958e+00  MLUPS:021384  cache block size:22097kiB  reps:1  perf err: 100.0%
OMP: Info #277: omp_set_nested routine deprecated, please use omp_set_max_active_levels instead.
[AUTO TUNE]     [045: 20743.03]  time:2.905265e+00  MLUPS:060264  cache block size:22097kiB  reps:2  perf err:  2.9%
OMP: Info #277: omp_set_nested routine deprecated, please use omp_set_max_active_levels instead.
[AUTO TUNE]     [045: 20562.41]  time:4.821615e+00  MLUPS:099144  cache block size:22097kiB  reps:3  perf err:  0.9%
[AUTO TUNE]   Diamond width:24  [wavefronts #: pefromance (MLUPS/s)]
OMP: Info #277: omp_set_nested routine deprecated, please use omp_set_max_active_levels instead.
[AUTO TUNE]     [015: 21991.01]  time:1.149197e+00  MLUPS:025272  cache block size:13015kiB  reps:1  perf err: 100.0%
OMP: Info #277: omp_set_nested routine deprecated, please use omp_set_max_active_levels instead.
[AUTO TUNE]     [015: 21478.43]  time:3.348849e+00  MLUPS:071928  cache block size:13015kiB  reps:2  perf err:  2.4%
OMP: Info #277: omp_set_nested routine deprecated, please use omp_set_max_active_levels instead.
[AUTO TUNE]     [030: 26738.12]  time:9.451674e-01  MLUPS:025272  cache block size:20140kiB  reps:1  perf err: 100.0%
OMP: Info #277: omp_set_nested routine deprecated, please use omp_set_max_active_levels instead.
[AUTO TUNE]     [030: 27157.90]  time:2.648511e+00  MLUPS:071928  cache block size:20140kiB  reps:2  perf err:  1.5%
OMP: Info #277: omp_set_nested routine deprecated, please use omp_set_max_active_levels instead.
[AUTO TUNE]     [045: 28038.59]  time:9.013291e-01  MLUPS:025272  cache block size:27265kiB  reps:1  perf err: 100.0%
OMP: Info #277: omp_set_nested routine deprecated, please use omp_set_max_active_levels instead.
[AUTO TUNE]     [045: 26030.42]  time:2.763229e+00  MLUPS:071928  cache block size:27265kiB  reps:2  perf err:  7.7%
OMP: Info #277: omp_set_nested routine deprecated, please use omp_set_max_active_levels instead.
[AUTO TUNE]     [045: 26867.82]  time:4.413606e+00  MLUPS:118584  cache block size:27265kiB  reps:3  perf err:  3.1%
OMP: Info #277: omp_set_nested routine deprecated, please use omp_set_max_active_levels instead.
[AUTO TUNE]     [045: 27122.84]  time:6.092282e+00  MLUPS:165240  cache block size:27265kiB  reps:4  perf err:  0.9%
[AUTO TUNE]   Diamond width:36  [wavefronts #: pefromance (MLUPS/s)]
OMP: Info #277: omp_set_nested routine deprecated, please use omp_set_max_active_levels instead.
[AUTO TUNE]     [015: 25864.20]  time:1.428075e+00  MLUPS:036936  cache block size:23503kiB  reps:1  perf err: 100.0%
OMP: Info #277: omp_set_nested routine deprecated, please use omp_set_max_active_levels instead.
[AUTO TUNE]     [015: 25048.76]  time:4.268476e+00  MLUPS:106920  cache block size:23503kiB  reps:2  perf err:  3.3%
OMP: Info #277: omp_set_nested routine deprecated, please use omp_set_max_active_levels instead.
[AUTO TUNE]     [015: 24792.80]  time:7.135297e+00  MLUPS:176904  cache block size:23503kiB  reps:3  perf err:  1.0%
OMP: Info #277: omp_set_nested routine deprecated, please use omp_set_max_active_levels instead.
[AUTO TUNE]     [030: 32455.62]  time:1.138046e+00  MLUPS:036936  cache block size:34048kiB  reps:1  perf err: 100.0%
OMP: Info #277: omp_set_nested routine deprecated, please use omp_set_max_active_levels instead.
[AUTO TUNE]     [030: 31871.52]  time:3.354719e+00  MLUPS:106920  cache block size:34048kiB  reps:2  perf err:  1.8%
OMP: Info #277: omp_set_nested routine deprecated, please use omp_set_max_active_levels instead.
[AUTO TUNE]     [045: 33103.60]  time:1.115770e+00  MLUPS:036936  cache block size:44593kiB  reps:1  perf err: 100.0%
OMP: Info #277: omp_set_nested routine deprecated, please use omp_set_max_active_levels instead.
[AUTO TUNE]     [045: 33253.19]  time:3.215331e+00  MLUPS:106920  cache block size:44593kiB  reps:2  perf err:  0.4%
OMP: Info #277: omp_set_nested routine deprecated, please use omp_set_max_active_levels instead.
[AUTO TUNE]     [060: 33580.27]  time:1.099932e+00  MLUPS:036936  cache block size:55138kiB  reps:1  perf err: 100.0%
OMP: Info #277: omp_set_nested routine deprecated, please use omp_set_max_active_levels instead.
[AUTO TUNE]     [060: 33874.66]  time:3.156341e+00  MLUPS:106920  cache block size:55138kiB  reps:2  perf err:  0.9%
OMP: Info #277: omp_set_nested routine deprecated, please use omp_set_max_active_levels instead.
[AUTO TUNE]     [075: 33799.13]  time:1.092809e+00  MLUPS:036936  cache block size:65683kiB  reps:1  perf err: 100.0%
OMP: Info #277: omp_set_nested routine deprecated, please use omp_set_max_active_levels instead.
[AUTO TUNE]     [075: 33275.96]  time:3.213130e+00  MLUPS:106920  cache block size:65683kiB  reps:2  perf err:  1.6%
[AUTO TUNE]   Diamond width:40  [wavefronts #: pefromance (MLUPS/s)]
OMP: Info #277: omp_set_nested routine deprecated, please use omp_set_max_active_levels instead.
[AUTO TUNE]     [015: 26965.72]  time:1.513922e+00  MLUPS:040824  cache block size:27607kiB  reps:1  perf err: 100.0%
OMP: Info #277: omp_set_nested routine deprecated, please use omp_set_max_active_levels instead.
[AUTO TUNE]     [015: 26137.09]  time:4.537002e+00  MLUPS:118584  cache block size:27607kiB  reps:2  perf err:  3.2%
OMP: Info #277: omp_set_nested routine deprecated, please use omp_set_max_active_levels instead.
[AUTO TUNE]     [015: 25417.08]  time:7.724883e+00  MLUPS:196344  cache block size:27607kiB  reps:3  perf err:  2.8%
OMP: Info #277: omp_set_nested routine deprecated, please use omp_set_max_active_levels instead.
[AUTO TUNE]     [015: 25935.84]  time:1.056854e+01  MLUPS:274104  cache block size:27607kiB  reps:4  perf err:  2.0%
OMP: Info #277: omp_set_nested routine deprecated, please use omp_set_max_active_levels instead.
[AUTO TUNE]     [030: 33351.31]  time:1.224060e+00  MLUPS:040824  cache block size:39292kiB  reps:1  perf err: 100.0%
OMP: Info #277: omp_set_nested routine deprecated, please use omp_set_max_active_levels instead.
[AUTO TUNE]     [030: 32727.89]  time:3.623332e+00  MLUPS:118584  cache block size:39292kiB  reps:2  perf err:  1.9%
OMP: Info #277: omp_set_nested routine deprecated, please use omp_set_max_active_levels instead.
[AUTO TUNE]     [045: 35080.08]  time:1.163737e+00  MLUPS:040824  cache block size:50977kiB  reps:1  perf err: 100.0%
OMP: Info #277: omp_set_nested routine deprecated, please use omp_set_max_active_levels instead.
[AUTO TUNE]     [045: 33981.49]  time:3.489664e+00  MLUPS:118584  cache block size:50977kiB  reps:2  perf err:  3.2%
OMP: Info #277: omp_set_nested routine deprecated, please use omp_set_max_active_levels instead.
[AUTO TUNE]     [045: 34090.88]  time:5.759429e+00  MLUPS:196344  cache block size:50977kiB  reps:3  perf err:  0.3%
OMP: Info #277: omp_set_nested routine deprecated, please use omp_set_max_active_levels instead.
[AUTO TUNE]     [060: 34716.01]  time:1.175942e+00  MLUPS:040824  cache block size:62662kiB  reps:1  perf err: 100.0%
OMP: Info #277: omp_set_nested routine deprecated, please use omp_set_max_active_levels instead.
[AUTO TUNE]     [060: 33868.42]  time:3.501314e+00  MLUPS:118584  cache block size:62662kiB  reps:2  perf err:  2.5%
OMP: Info #277: omp_set_nested routine deprecated, please use omp_set_max_active_levels instead.
[AUTO TUNE]     [060: 34191.84]  time:5.742422e+00  MLUPS:196344  cache block size:62662kiB  reps:3  perf err:  0.9%
OMP: Info #277: omp_set_nested routine deprecated, please use omp_set_max_active_levels instead.
[AUTO TUNE]     [075: 34443.13]  time:1.185258e+00  MLUPS:040824  cache block size:74347kiB  reps:1  perf err: 100.0%
OMP: Info #277: omp_set_nested routine deprecated, please use omp_set_max_active_levels instead.
[AUTO TUNE]     [075: 33903.82]  time:3.497659e+00  MLUPS:118584  cache block size:74347kiB  reps:2  perf err:  1.6%
[AUTO TUNE]   Diamond width:60  [wavefronts #: pefromance (MLUPS/s)]
OMP: Info #277: omp_set_nested routine deprecated, please use omp_set_max_active_levels instead.
[AUTO TUNE]     [015: 26404.86]  time:2.282307e+00  MLUPS:060264  cache block size:52687kiB  reps:1  perf err: 100.0%
OMP: Info #277: omp_set_nested routine deprecated, please use omp_set_max_active_levels instead.
[AUTO TUNE]     [015: 28982.30]  time:6.103863e+00  MLUPS:176904  cache block size:52687kiB  reps:2  perf err:  8.9%
OMP: Info #277: omp_set_nested routine deprecated, please use omp_set_max_active_levels instead.
[AUTO TUNE]     [015: 28569.77]  time:1.027464e+01  MLUPS:293544  cache block size:52687kiB  reps:3  perf err:  1.4%
OMP: Info #277: omp_set_nested routine deprecated, please use omp_set_max_active_levels instead.
[AUTO TUNE]     [030: 34424.93]  time:1.750592e+00  MLUPS:060264  cache block size:70072kiB  reps:1  perf err: 100.0%
OMP: Info #277: omp_set_nested routine deprecated, please use omp_set_max_active_levels instead.
[AUTO TUNE]     [030: 33693.30]  time:5.250421e+00  MLUPS:176904  cache block size:70072kiB  reps:2  perf err:  2.2%
OMP: Info #277: omp_set_nested routine deprecated, please use omp_set_max_active_levels instead.
[AUTO TUNE]     [045: 34274.59]  time:1.758270e+00  MLUPS:060264  cache block size:87457kiB  reps:1  perf err: 100.0%
OMP: Info #277: omp_set_nested routine deprecated, please use omp_set_max_active_levels instead.
[AUTO TUNE]     [045: 34790.47]  time:5.084840e+00  MLUPS:176904  cache block size:87457kiB  reps:2  perf err:  1.5%
OMP: Info #277: omp_set_nested routine deprecated, please use omp_set_max_active_levels instead.
[AUTO TUNE]     [060: 33619.57]  time:1.792527e+00  MLUPS:060264  cache block size:104842kiB  reps:1  perf err: 100.0%
OMP: Info #277: omp_set_nested routine deprecated, please use omp_set_max_active_levels instead.
[AUTO TUNE]     [060: 34599.60]  time:5.112892e+00  MLUPS:176904  cache block size:104842kiB  reps:2  perf err:  2.8%
OMP: Info #277: omp_set_nested routine deprecated, please use omp_set_max_active_levels instead.
[AUTO TUNE]     [060: 34653.09]  time:8.470933e+00  MLUPS:293544  cache block size:104842kiB  reps:3  perf err:  0.2%
[AUTO TUNE]   Diamond width:72  [wavefronts #: pefromance (MLUPS/s)]
OMP: Info #277: omp_set_nested routine deprecated, please use omp_set_max_active_levels instead.
[AUTO TUNE]     [015: 30963.73]  time:2.322976e+00  MLUPS:071928  cache block size:71383kiB  reps:1  perf err: 100.0%
OMP: Info #277: omp_set_nested routine deprecated, please use omp_set_max_active_levels instead.
[AUTO TUNE]     [015: 30310.67]  time:6.990805e+00  MLUPS:211896  cache block size:71383kiB  reps:2  perf err:  2.2%
OMP: Info #277: omp_set_nested routine deprecated, please use omp_set_max_active_levels instead.
[AUTO TUNE]     [030: 33958.13]  time:2.118138e+00  MLUPS:071928  cache block size:92188kiB  reps:1  perf err: 100.0%
OMP: Info #277: omp_set_nested routine deprecated, please use omp_set_max_active_levels instead.
[AUTO TUNE]     [030: 33791.16]  time:6.270753e+00  MLUPS:211896  cache block size:92188kiB  reps:2  perf err:  0.5%
OMP: Info #277: omp_set_nested routine deprecated, please use omp_set_max_active_levels instead.
[AUTO TUNE]     [045: 34542.27]  time:2.082318e+00  MLUPS:071928  cache block size:112993kiB  reps:1  perf err: 100.0%
OMP: Info #277: omp_set_nested routine deprecated, please use omp_set_max_active_levels instead.
[AUTO TUNE]     [045: 33578.69]  time:6.310431e+00  MLUPS:211896  cache block size:112993kiB  reps:2  perf err:  2.9%
OMP: Info #277: omp_set_nested routine deprecated, please use omp_set_max_active_levels instead.
[AUTO TUNE]     [045: 34094.59]  time:1.032023e+01  MLUPS:351864  cache block size:112993kiB  reps:3  perf err:  1.5%
OMP: Info #277: omp_set_nested routine deprecated, please use omp_set_max_active_levels instead.
[AUTO TUNE]     [060: 34619.40]  time:2.077679e+00  MLUPS:071928  cache block size:133798kiB  reps:1  perf err: 100.0%
OMP: Info #277: omp_set_nested routine deprecated, please use omp_set_max_active_levels instead.
[AUTO TUNE]     [060: 34218.94]  time:6.192361e+00  MLUPS:211896  cache block size:133798kiB  reps:2  perf err:  1.2%
OMP: Info #277: omp_set_nested routine deprecated, please use omp_set_max_active_levels instead.
[AUTO TUNE]     [075: 34879.17]  time:2.062205e+00  MLUPS:071928  cache block size:154603kiB  reps:1  perf err: 100.0%
OMP: Info #277: omp_set_nested routine deprecated, please use omp_set_max_active_levels instead.
[AUTO TUNE]     [075: 34644.84]  time:6.116235e+00  MLUPS:211896  cache block size:154603kiB  reps:2  perf err:  0.7%
OMP: Info #277: omp_set_nested routine deprecated, please use omp_set_max_active_levels instead.
[AUTO TUNE]     [090: 35029.62]  time:2.053348e+00  MLUPS:071928  cache block size:175408kiB  reps:1  perf err: 100.0%
OMP: Info #277: omp_set_nested routine deprecated, please use omp_set_max_active_levels instead.
[AUTO TUNE]     [090: 34660.86]  time:6.113408e+00  MLUPS:211896  cache block size:175408kiB  reps:2  perf err:  1.1%
OMP: Info #277: omp_set_nested routine deprecated, please use omp_set_max_active_levels instead.
[AUTO TUNE]     [105: 34884.22]  time:2.061907e+00  MLUPS:071928  cache block size:196213kiB  reps:1  perf err: 100.0%
OMP: Info #277: omp_set_nested routine deprecated, please use omp_set_max_active_levels instead.
[AUTO TUNE]     [105: 34640.38]  time:6.117023e+00  MLUPS:211896  cache block size:196213kiB  reps:2  perf err:  0.7%
[AUTO TUNE] COMPLETE tune case #20: Thread group size:30  thc:01  thx:01  thy:02  thz:15  t_dim:29  bs_z:45  perf:34790.47 MLUP/s

[AUTO TUNE] START tune case #21: Thread group size:30  thc:01  thx:01  thy:01  thz:30  Possilbe diam width: 4 8 12 20 24 36 40 60 72
[AUTO TUNE]   Diamond width:04  [wavefronts #: pefromance (MLUPS/s)]
OMP: Info #277: omp_set_nested routine deprecated, please use omp_set_max_active_levels instead.
[AUTO TUNE]     [030: 3016.92]  time:1.933097e+00  MLUPS:005832  cache block size:3040kiB  reps:1  perf err: 100.0%
OMP: Info #277: omp_set_nested routine deprecated, please use omp_set_max_active_levels instead.
[AUTO TUNE]     [030: 2345.37]  time:5.802076e+00  MLUPS:013608  cache block size:3040kiB  reps:2  perf err: 28.6%
OMP: Info #277: omp_set_nested routine deprecated, please use omp_set_max_active_levels instead.
[AUTO TUNE]     [030: 2230.65]  time:9.586460e+00  MLUPS:021384  cache block size:3040kiB  reps:3  perf err:  5.1%
OMP: Info #277: omp_set_nested routine deprecated, please use omp_set_max_active_levels instead.
[AUTO TUNE]     [060: 3129.80]  time:1.863377e+00  MLUPS:005832  cache block size:5890kiB  reps:1  perf err: 100.0%
OMP: Info #277: omp_set_nested routine deprecated, please use omp_set_max_active_levels instead.
[AUTO TUNE]     [060: 2509.99]  time:5.421546e+00  MLUPS:013608  cache block size:5890kiB  reps:2  perf err: 24.7%
OMP: Info #277: omp_set_nested routine deprecated, please use omp_set_max_active_levels instead.
[AUTO TUNE]     [060: 2336.68]  time:9.151449e+00  MLUPS:021384  cache block size:5890kiB  reps:3  perf err:  7.4%
OMP: Info #277: omp_set_nested routine deprecated, please use omp_set_max_active_levels instead.
[AUTO TUNE]     [090: 3290.08]  time:1.772603e+00  MLUPS:005832  cache block size:8740kiB  reps:1  perf err: 100.0%
OMP: Info #277: omp_set_nested routine deprecated, please use omp_set_max_active_levels instead.
[AUTO TUNE]     [090: 2631.42]  time:5.171349e+00  MLUPS:013608  cache block size:8740kiB  reps:2  perf err: 25.0%
OMP: Info #277: omp_set_nested routine deprecated, please use omp_set_max_active_levels instead.
[AUTO TUNE]     [090: 2483.14]  time:8.611694e+00  MLUPS:021384  cache block size:8740kiB  reps:3  perf err:  6.0%
OMP: Info #277: omp_set_nested routine deprecated, please use omp_set_max_active_levels instead.
[AUTO TUNE]     [120: 3469.65]  time:1.680861e+00  MLUPS:005832  cache block size:11590kiB  reps:1  perf err: 100.0%
OMP: Info #277: omp_set_nested routine deprecated, please use omp_set_max_active_levels instead.
[AUTO TUNE]     [120: 2593.59]  time:5.246785e+00  MLUPS:013608  cache block size:11590kiB  reps:2  perf err: 33.8%
OMP: Info #277: omp_set_nested routine deprecated, please use omp_set_max_active_levels instead.
[AUTO TUNE]     [120: 2471.50]  time:8.652239e+00  MLUPS:021384  cache block size:11590kiB  reps:3  perf err:  4.9%
[AUTO TUNE]   Diamond width:08  [wavefronts #: pefromance (MLUPS/s)]
OMP: Info #277: omp_set_nested routine deprecated, please use omp_set_max_active_levels instead.
[AUTO TUNE]     [030: 5531.05]  time:1.757350e+00  MLUPS:009720  cache block size:5852kiB  reps:1  perf err: 100.0%
OMP: Info #277: omp_set_nested routine deprecated, please use omp_set_max_active_levels instead.
[AUTO TUNE]     [030: 4950.16]  time:5.105289e+00  MLUPS:025272  cache block size:5852kiB  reps:2  perf err: 11.7%
OMP: Info #277: omp_set_nested routine deprecated, please use omp_set_max_active_levels instead.
[AUTO TUNE]     [030: 4692.87]  time:8.699150e+00  MLUPS:040824  cache block size:5852kiB  reps:3  perf err:  5.5%
OMP: Info #277: omp_set_nested routine deprecated, please use omp_set_max_active_levels instead.
[AUTO TUNE]     [060: 5783.07]  time:1.680768e+00  MLUPS:009720  cache block size:10982kiB  reps:1  perf err: 100.0%
OMP: Info #277: omp_set_nested routine deprecated, please use omp_set_max_active_levels instead.
[AUTO TUNE]     [060: 5050.11]  time:5.004249e+00  MLUPS:025272  cache block size:10982kiB  reps:2  perf err: 14.5%
OMP: Info #277: omp_set_nested routine deprecated, please use omp_set_max_active_levels instead.
[AUTO TUNE]     [060: 4989.66]  time:8.181727e+00  MLUPS:040824  cache block size:10982kiB  reps:3  perf err:  1.2%
OMP: Info #277: omp_set_nested routine deprecated, please use omp_set_max_active_levels instead.
[AUTO TUNE]     [090: 5965.60]  time:1.629342e+00  MLUPS:009720  cache block size:16112kiB  reps:1  perf err: 100.0%
OMP: Info #277: omp_set_nested routine deprecated, please use omp_set_max_active_levels instead.
[AUTO TUNE]     [090: 5318.91]  time:4.751345e+00  MLUPS:025272  cache block size:16112kiB  reps:2  perf err: 12.2%
OMP: Info #277: omp_set_nested routine deprecated, please use omp_set_max_active_levels instead.
[AUTO TUNE]     [090: 5051.36]  time:8.081781e+00  MLUPS:040824  cache block size:16112kiB  reps:3  perf err:  5.3%
OMP: Info #277: omp_set_nested routine deprecated, please use omp_set_max_active_levels instead.
[AUTO TUNE]     [120: 5974.95]  time:1.626793e+00  MLUPS:009720  cache block size:21242kiB  reps:1  perf err: 100.0%
OMP: Info #277: omp_set_nested routine deprecated, please use omp_set_max_active_levels instead.
[AUTO TUNE]     [120: 5232.52]  time:4.829792e+00  MLUPS:025272  cache block size:21242kiB  reps:2  perf err: 14.2%
OMP: Info #277: omp_set_nested routine deprecated, please use omp_set_max_active_levels instead.
[AUTO TUNE]     [120: 5019.05]  time:8.133805e+00  MLUPS:040824  cache block size:21242kiB  reps:3  perf err:  4.3%
[AUTO TUNE]   Diamond width:12  [wavefronts #: pefromance (MLUPS/s)]
OMP: Info #277: omp_set_nested routine deprecated, please use omp_set_max_active_levels instead.
[AUTO TUNE]     [030: 8077.88]  time:1.684601e+00  MLUPS:013608  cache block size:8968kiB  reps:1  perf err: 100.0%
OMP: Info #277: omp_set_nested routine deprecated, please use omp_set_max_active_levels instead.
[AUTO TUNE]     [030: 7522.15]  time:4.910295e+00  MLUPS:036936  cache block size:8968kiB  reps:2  perf err:  7.4%
OMP: Info #277: omp_set_nested routine deprecated, please use omp_set_max_active_levels instead.
[AUTO TUNE]     [030: 7328.41]  time:8.223343e+00  MLUPS:060264  cache block size:8968kiB  reps:3  perf err:  2.6%
OMP: Info #277: omp_set_nested routine deprecated, please use omp_set_max_active_levels instead.
[AUTO TUNE]     [060: 8419.02]  time:1.616341e+00  MLUPS:013608  cache block size:16378kiB  reps:1  perf err: 100.0%
OMP: Info #277: omp_set_nested routine deprecated, please use omp_set_max_active_levels instead.
[AUTO TUNE]     [060: 7808.48]  time:4.730240e+00  MLUPS:036936  cache block size:16378kiB  reps:2  perf err:  7.8%
OMP: Info #277: omp_set_nested routine deprecated, please use omp_set_max_active_levels instead.
[AUTO TUNE]     [060: 7677.78]  time:7.849140e+00  MLUPS:060264  cache block size:16378kiB  reps:3  perf err:  1.7%
OMP: Info #277: omp_set_nested routine deprecated, please use omp_set_max_active_levels instead.
[AUTO TUNE]     [090: 8789.21]  time:1.548262e+00  MLUPS:013608  cache block size:23788kiB  reps:1  perf err: 100.0%
OMP: Info #277: omp_set_nested routine deprecated, please use omp_set_max_active_levels instead.
[AUTO TUNE]     [090: 8102.57]  time:4.558553e+00  MLUPS:036936  cache block size:23788kiB  reps:2  perf err:  8.5%
OMP: Info #277: omp_set_nested routine deprecated, please use omp_set_max_active_levels instead.
[AUTO TUNE]     [090: 7940.04]  time:7.589891e+00  MLUPS:060264  cache block size:23788kiB  reps:3  perf err:  2.0%
OMP: Info #277: omp_set_nested routine deprecated, please use omp_set_max_active_levels instead.
[AUTO TUNE]     [120: 9030.57]  time:1.506881e+00  MLUPS:013608  cache block size:31198kiB  reps:1  perf err: 100.0%
OMP: Info #277: omp_set_nested routine deprecated, please use omp_set_max_active_levels instead.
[AUTO TUNE]     [120: 8146.60]  time:4.533919e+00  MLUPS:036936  cache block size:31198kiB  reps:2  perf err: 10.9%
OMP: Info #277: omp_set_nested routine deprecated, please use omp_set_max_active_levels instead.
[AUTO TUNE]     [120: 8016.97]  time:7.517052e+00  MLUPS:060264  cache block size:31198kiB  reps:3  perf err:  1.6%
OMP: Info #277: omp_set_nested routine deprecated, please use omp_set_max_active_levels instead.
[AUTO TUNE]     [150: 8924.46]  time:1.524798e+00  MLUPS:013608  cache block size:38608kiB  reps:1  perf err: 100.0%
OMP: Info #277: omp_set_nested routine deprecated, please use omp_set_max_active_levels instead.
[AUTO TUNE]     [150: 8188.58]  time:4.510670e+00  MLUPS:036936  cache block size:38608kiB  reps:2  perf err:  9.0%
OMP: Info #277: omp_set_nested routine deprecated, please use omp_set_max_active_levels instead.
[AUTO TUNE]     [150: 8006.36]  time:7.527014e+00  MLUPS:060264  cache block size:38608kiB  reps:3  perf err:  2.3%
[AUTO TUNE]   Diamond width:20  [wavefronts #: pefromance (MLUPS/s)]
OMP: Info #277: omp_set_nested routine deprecated, please use omp_set_max_active_levels instead.
[AUTO TUNE]     [030: 13554.97]  time:1.577576e+00  MLUPS:021384  cache block size:16112kiB  reps:1  perf err: 100.0%
OMP: Info #277: omp_set_nested routine deprecated, please use omp_set_max_active_levels instead.
[AUTO TUNE]     [030: 12686.09]  time:4.750398e+00  MLUPS:060264  cache block size:16112kiB  reps:2  perf err:  6.8%
OMP: Info #277: omp_set_nested routine deprecated, please use omp_set_max_active_levels instead.
[AUTO TUNE]     [030: 12233.10]  time:8.104567e+00  MLUPS:099144  cache block size:16112kiB  reps:3  perf err:  3.7%
OMP: Info #277: omp_set_nested routine deprecated, please use omp_set_max_active_levels instead.
[AUTO TUNE]     [060: 14139.93]  time:1.512313e+00  MLUPS:021384  cache block size:28082kiB  reps:1  perf err: 100.0%
OMP: Info #277: omp_set_nested routine deprecated, please use omp_set_max_active_levels instead.
[AUTO TUNE]     [060: 13626.39]  time:4.422595e+00  MLUPS:060264  cache block size:28082kiB  reps:2  perf err:  3.8%
OMP: Info #277: omp_set_nested routine deprecated, please use omp_set_max_active_levels instead.
[AUTO TUNE]     [060: 13467.25]  time:7.361860e+00  MLUPS:099144  cache block size:28082kiB  reps:3  perf err:  1.2%
OMP: Info #277: omp_set_nested routine deprecated, please use omp_set_max_active_levels instead.
[AUTO TUNE]     [090: 14126.52]  time:1.513748e+00  MLUPS:021384  cache block size:40052kiB  reps:1  perf err: 100.0%
OMP: Info #277: omp_set_nested routine deprecated, please use omp_set_max_active_levels instead.
[AUTO TUNE]     [090: 13742.71]  time:4.385160e+00  MLUPS:060264  cache block size:40052kiB  reps:2  perf err:  2.8%
OMP: Info #277: omp_set_nested routine deprecated, please use omp_set_max_active_levels instead.
[AUTO TUNE]     [090: 13522.37]  time:7.331849e+00  MLUPS:099144  cache block size:40052kiB  reps:3  perf err:  1.6%
OMP: Info #277: omp_set_nested routine deprecated, please use omp_set_max_active_levels instead.
[AUTO TUNE]     [120: 13849.11]  time:1.544071e+00  MLUPS:021384  cache block size:52022kiB  reps:1  perf err: 100.0%
OMP: Info #277: omp_set_nested routine deprecated, please use omp_set_max_active_levels instead.
[AUTO TUNE]     [120: 13566.36]  time:4.442165e+00  MLUPS:060264  cache block size:52022kiB  reps:2  perf err:  2.1%
OMP: Info #277: omp_set_nested routine deprecated, please use omp_set_max_active_levels instead.
[AUTO TUNE]     [150: 13725.26]  time:1.558003e+00  MLUPS:021384  cache block size:63992kiB  reps:1  perf err: 100.0%
OMP: Info #277: omp_set_nested routine deprecated, please use omp_set_max_active_levels instead.
[AUTO TUNE]     [150: 13493.21]  time:4.466248e+00  MLUPS:060264  cache block size:63992kiB  reps:2  perf err:  1.7%
[AUTO TUNE]   Diamond width:24  [wavefronts #: pefromance (MLUPS/s)]
OMP: Info #277: omp_set_nested routine deprecated, please use omp_set_max_active_levels instead.
[AUTO TUNE]     [030: 15840.47]  time:1.595407e+00  MLUPS:025272  cache block size:20140kiB  reps:1  perf err: 100.0%
OMP: Info #277: omp_set_nested routine deprecated, please use omp_set_max_active_levels instead.
[AUTO TUNE]     [030: 15305.30]  time:4.699549e+00  MLUPS:071928  cache block size:20140kiB  reps:2  perf err:  3.5%
OMP: Info #277: omp_set_nested routine deprecated, please use omp_set_max_active_levels instead.
[AUTO TUNE]     [030: 15085.63]  time:7.860728e+00  MLUPS:118584  cache block size:20140kiB  reps:3  perf err:  1.5%
OMP: Info #277: omp_set_nested routine deprecated, please use omp_set_max_active_levels instead.
[AUTO TUNE]     [060: 16550.83]  time:1.526932e+00  MLUPS:025272  cache block size:34390kiB  reps:1  perf err: 100.0%
OMP: Info #277: omp_set_nested routine deprecated, please use omp_set_max_active_levels instead.
[AUTO TUNE]     [060: 15847.11]  time:4.538872e+00  MLUPS:071928  cache block size:34390kiB  reps:2  perf err:  4.4%
OMP: Info #277: omp_set_nested routine deprecated, please use omp_set_max_active_levels instead.
[AUTO TUNE]     [060: 15921.35]  time:7.448110e+00  MLUPS:118584  cache block size:34390kiB  reps:3  perf err:  0.5%
OMP: Info #277: omp_set_nested routine deprecated, please use omp_set_max_active_levels instead.
[AUTO TUNE]     [090: 16399.56]  time:1.541017e+00  MLUPS:025272  cache block size:48640kiB  reps:1  perf err: 100.0%
OMP: Info #277: omp_set_nested routine deprecated, please use omp_set_max_active_levels instead.
[AUTO TUNE]     [090: 16083.17]  time:4.472253e+00  MLUPS:071928  cache block size:48640kiB  reps:2  perf err:  2.0%
OMP: Info #277: omp_set_nested routine deprecated, please use omp_set_max_active_levels instead.
[AUTO TUNE]     [120: 16237.44]  time:1.556403e+00  MLUPS:025272  cache block size:62890kiB  reps:1  perf err: 100.0%
OMP: Info #277: omp_set_nested routine deprecated, please use omp_set_max_active_levels instead.
[AUTO TUNE]     [120: 15988.77]  time:4.498658e+00  MLUPS:071928  cache block size:62890kiB  reps:2  perf err:  1.6%
[AUTO TUNE]   Diamond width:36  [wavefronts #: pefromance (MLUPS/s)]
OMP: Info #277: omp_set_nested routine deprecated, please use omp_set_max_active_levels instead.
[AUTO TUNE]     [030: 22341.80]  time:1.653224e+00  MLUPS:036936  cache block size:34048kiB  reps:1  perf err: 100.0%
OMP: Info #277: omp_set_nested routine deprecated, please use omp_set_max_active_levels instead.
[AUTO TUNE]     [030: 22390.82]  time:4.775172e+00  MLUPS:106920  cache block size:34048kiB  reps:2  perf err:  0.2%
OMP: Info #277: omp_set_nested routine deprecated, please use omp_set_max_active_levels instead.
[AUTO TUNE]     [060: 24323.24]  time:1.518547e+00  MLUPS:036936  cache block size:55138kiB  reps:1  perf err: 100.0%
OMP: Info #277: omp_set_nested routine deprecated, please use omp_set_max_active_levels instead.
[AUTO TUNE]     [060: 23891.78]  time:4.475179e+00  MLUPS:106920  cache block size:55138kiB  reps:2  perf err:  1.8%
OMP: Info #277: omp_set_nested routine deprecated, please use omp_set_max_active_levels instead.
[AUTO TUNE]     [090: 23011.45]  time:1.605114e+00  MLUPS:036936  cache block size:76228kiB  reps:1  perf err: 100.0%
OMP: Info #277: omp_set_nested routine deprecated, please use omp_set_max_active_levels instead.
[AUTO TUNE]     [090: 22961.07]  time:4.656578e+00  MLUPS:106920  cache block size:76228kiB  reps:2  perf err:  0.2%
[AUTO TUNE]   Diamond width:40  [wavefronts #: pefromance (MLUPS/s)]
OMP: Info #277: omp_set_nested routine deprecated, please use omp_set_max_active_levels instead.
[AUTO TUNE]     [030: 24920.03]  time:1.638200e+00  MLUPS:040824  cache block size:39292kiB  reps:1  perf err: 100.0%
OMP: Info #277: omp_set_nested routine deprecated, please use omp_set_max_active_levels instead.
[AUTO TUNE]     [030: 24172.11]  time:4.905819e+00  MLUPS:118584  cache block size:39292kiB  reps:2  perf err:  3.1%
OMP: Info #277: omp_set_nested routine deprecated, please use omp_set_max_active_levels instead.
[AUTO TUNE]     [030: 24105.26]  time:8.145277e+00  MLUPS:196344  cache block size:39292kiB  reps:3  perf err:  0.3%
OMP: Info #277: omp_set_nested routine deprecated, please use omp_set_max_active_levels instead.
[AUTO TUNE]     [060: 26433.33]  time:1.544414e+00  MLUPS:040824  cache block size:62662kiB  reps:1  perf err: 100.0%
OMP: Info #277: omp_set_nested routine deprecated, please use omp_set_max_active_levels instead.
[AUTO TUNE]     [060: 25142.75]  time:4.716429e+00  MLUPS:118584  cache block size:62662kiB  reps:2  perf err:  5.1%
OMP: Info #277: omp_set_nested routine deprecated, please use omp_set_max_active_levels instead.
[AUTO TUNE]     [060: 25848.68]  time:7.595901e+00  MLUPS:196344  cache block size:62662kiB  reps:3  perf err:  2.7%
OMP: Info #277: omp_set_nested routine deprecated, please use omp_set_max_active_levels instead.
[AUTO TUNE]     [060: 25664.17]  time:1.068041e+01  MLUPS:274104  cache block size:62662kiB  reps:4  perf err:  0.7%
OMP: Info #277: omp_set_nested routine deprecated, please use omp_set_max_active_levels instead.
[AUTO TUNE]     [090: 25275.37]  time:1.615169e+00  MLUPS:040824  cache block size:86032kiB  reps:1  perf err: 100.0%
OMP: Info #277: omp_set_nested routine deprecated, please use omp_set_max_active_levels instead.
[AUTO TUNE]     [090: 24611.20]  time:4.818294e+00  MLUPS:118584  cache block size:86032kiB  reps:2  perf err:  2.7%
OMP: Info #277: omp_set_nested routine deprecated, please use omp_set_max_active_levels instead.
[AUTO TUNE]     [090: 24493.30]  time:8.016233e+00  MLUPS:196344  cache block size:86032kiB  reps:3  perf err:  0.5%
[AUTO TUNE]   Diamond width:60  [wavefronts #: pefromance (MLUPS/s)]
OMP: Info #277: omp_set_nested routine deprecated, please use omp_set_max_active_levels instead.
[AUTO TUNE]     [030: 30127.09]  time:2.000326e+00  MLUPS:060264  cache block size:70072kiB  reps:1  perf err: 100.0%
OMP: Info #277: omp_set_nested routine deprecated, please use omp_set_max_active_levels instead.
[AUTO TUNE]     [030: 30215.04]  time:5.854832e+00  MLUPS:176904  cache block size:70072kiB  reps:2  perf err:  0.3%
OMP: Info #277: omp_set_nested routine deprecated, please use omp_set_max_active_levels instead.
[AUTO TUNE]     [060: 35460.00]  time:1.699492e+00  MLUPS:060264  cache block size:104842kiB  reps:1  perf err: 100.0%
OMP: Info #277: omp_set_nested routine deprecated, please use omp_set_max_active_levels instead.
[AUTO TUNE]     [060: 35573.90]  time:4.972859e+00  MLUPS:176904  cache block size:104842kiB  reps:2  perf err:  0.3%
OMP: Info #277: omp_set_nested routine deprecated, please use omp_set_max_active_levels instead.
[AUTO TUNE]     [090: 34461.80]  time:1.748719e+00  MLUPS:060264  cache block size:139612kiB  reps:1  perf err: 100.0%
OMP: Info #277: omp_set_nested routine deprecated, please use omp_set_max_active_levels instead.
[AUTO TUNE]     [090: 35130.68]  time:5.035598e+00  MLUPS:176904  cache block size:139612kiB  reps:2  perf err:  1.9%
[AUTO TUNE]   Diamond width:72  [wavefronts #: pefromance (MLUPS/s)]
OMP: Info #277: omp_set_nested routine deprecated, please use omp_set_max_active_levels instead.
[AUTO TUNE]     [030: 32501.55]  time:2.213064e+00  MLUPS:071928  cache block size:92188kiB  reps:1  perf err: 100.0%
OMP: Info #277: omp_set_nested routine deprecated, please use omp_set_max_active_levels instead.
[AUTO TUNE]     [030: 31673.08]  time:6.690097e+00  MLUPS:211896  cache block size:92188kiB  reps:2  perf err:  2.6%
OMP: Info #277: omp_set_nested routine deprecated, please use omp_set_max_active_levels instead.
[AUTO TUNE]     [030: 32091.16]  time:1.096452e+01  MLUPS:351864  cache block size:92188kiB  reps:3  perf err:  1.3%
OMP: Info #277: omp_set_nested routine deprecated, please use omp_set_max_active_levels instead.
[AUTO TUNE]     [060: 33817.36]  time:2.126955e+00  MLUPS:071928  cache block size:133798kiB  reps:1  perf err: 100.0%
OMP: Info #277: omp_set_nested routine deprecated, please use omp_set_max_active_levels instead.
[AUTO TUNE]     [060: 33580.75]  time:6.310043e+00  MLUPS:211896  cache block size:133798kiB  reps:2  perf err:  0.7%
OMP: Info #277: omp_set_nested routine deprecated, please use omp_set_max_active_levels instead.
[AUTO TUNE]     [090: 33880.71]  time:2.122978e+00  MLUPS:071928  cache block size:175408kiB  reps:1  perf err: 100.0%
OMP: Info #277: omp_set_nested routine deprecated, please use omp_set_max_active_levels instead.
[AUTO TUNE]     [090: 33611.34]  time:6.304301e+00  MLUPS:211896  cache block size:175408kiB  reps:2  perf err:  0.8%
OMP: Info #277: omp_set_nested routine deprecated, please use omp_set_max_active_levels instead.
[AUTO TUNE]     [120: 33579.65]  time:2.142011e+00  MLUPS:071928  cache block size:217018kiB  reps:1  perf err: 100.0%
OMP: Info #277: omp_set_nested routine deprecated, please use omp_set_max_active_levels instead.
[AUTO TUNE]     [120: 33192.98]  time:6.383759e+00  MLUPS:211896  cache block size:217018kiB  reps:2  perf err:  1.2%
[AUTO TUNE] COMPLETE tune case #21: Thread group size:30  thc:01  thx:01  thy:01  thz:30  t_dim:29  bs_z:60  perf:35573.90 MLUP/s
[AUTO TUNE]  Tuning time: 7475.9 seconds
###INFO: Modified nt from 1000 to 1010 for the intra-diamond method to work properly
Started on Sun Jul 20 07:08:17 2025

******************************************************
Parameters settings
******************************************************
Time stepper name: Diamond
Stencil Kernel name: box
Stencil Kernel semi-bandwidth: 1
Stencil Kernel coefficients: constant
Precision: DP
Global domain    size:1944000000    nx:600    ny:1800    nz:1800
Rank 0 domain    size:1944000000    nx:600    ny:1800    nz:1800
Number of time steps: 1010
Alignment size: 8 Bytes
Number of tests: 3
Verify:   0
Source point enabled: 0
Time unroll:   11
Using separate call to central line update: 0
Halo concatenation: 0
Enable wavefronts: 1
Wavefront parallel strategy: Relaxed synchronization wavefront
Intra-diamond width:   24
Wavefront width:  40
Cache block size/wf (kiB): 7220
Total cache block size (kiB): 144400
Next larger cache block size/wf (kiB): 8930 (diam_width=28)
Intra-diamond prologue/epilogue MStencils: 25272
Multi-wavefront updates: 18
User set thread group size: -1
Thread group size: 3
Threads along z-axis: 3
Threads along y-axis: 1
Threads along x-axis: 1
Threads per cell    : 1
Threads block: 1
Threads stride: 1
OpenMP Threads: 60
Assumed usable cache size: 0KiB
MPI size: 1
Processors topology (npx, npy, npz): 01,01,01
******************************************************
[rank=0] alloc. dom(err=0):29.419363GiB coef(err=0):0.000000GiB total:29.419363GiB

******************************************************
Performance results
******************************************************
OMP: Info #277: omp_set_nested routine deprecated, please use omp_set_max_active_levels instead.
Rank 0 TEST#01 time: 5.022034e+01
OMP: Info #277: omp_set_nested routine deprecated, please use omp_set_max_active_levels instead.
Rank 0 TEST#02 time: 5.024430e+01
OMP: Info #277: omp_set_nested routine deprecated, please use omp_set_max_active_levels instead.
Rank 0 TEST#03 time: 5.022724e+01
******************************************************
Total memory allocation per MPI rank: 45188 MiB
Total time(s): 1.506919e+02
time/test(s): 5.023063e+01

Total RANK0 MStencil/s MIN: 39077.861801  
Total RANK0 MStencil/s MAX: 39096.510012  
******************************************************
MWD main-loop RANK0 MStencil/s MIN: 39176.769311
MWD main-loop RANK0 MStencil/s MAX: 39190.198232
******************************************************
RANK0 ts main loop:         49.455427 (s) - 98.46%
RANK0 ts prologue/epilogue: 0.771546 (s) - 01.54%
RANK0 ts others:            0.000263 (s) - 00.00%
******************************************************
Metric \ core:                  core 00       core 01       core 02       core 03       core 04       core 05       core 06       core 07       core 08       core 09       core 10       core 11       core 12       core 13       core 14       core 15       core 16       core 17       core 18       core 19       core 20       core 21       core 22       core 23       core 24       core 25       core 26       core 27       core 28       core 29       core 30       core 31       core 32       core 33       core 34       core 35       core 36       core 37       core 38       core 39       core 40       core 41       core 42       core 43       core 44       core 45       core 46       core 47       core 48       core 49       core 50       core 51       core 52       core 53       core 54       core 55       core 56       core 57       core 58       core 59     
Wavefront synchronization [s]:  6.701267e-02  7.566148e-01  1.917594e+00  7.329707e-02  1.028627e-01  1.564211e-01  1.606127e-01  9.819435e-02  2.363590e-01  1.034514e-01  1.334274e-01  1.577686e-01  6.927474e-02  1.008128e-01  1.555712e-01  8.992986e-02  1.010225e-01  1.784266e-01  7.302619e-02  9.674720e-02  1.589116e-01  6.948805e-02  9.996994e-02  1.570623e-01  8.431271e-02  1.117933e-01  1.653257e-01  1.567710e-01  1.843335e-01  1.549718e-01  6.668216e-02  7.739226e-01  1.916605e+00  1.003888e-01  1.009612e-01  1.872139e-01  6.879468e-02  1.004967e-01  1.569679e-01  1.073278e-01  1.106064e-01  1.733801e-01  6.650232e-02  9.812206e-02  1.551989e-01  8.429348e-02  9.640489e-02  1.689636e-01  6.968759e-02  1.002404e-01  1.565821e-01  7.024919e-02  9.904198e-02  1.591517e-01  3.810095e-01  2.223493e-01  3.479801e-01  1.802637e-01  1.015145e-01  2.758985e-01
Wavefront synchronization [%]:  00.13         01.51         03.82         00.15         00.20         00.31         00.32         00.20         00.47         00.21         00.27         00.31         00.14         00.20         00.31         00.18         00.20         00.36         00.15         00.19         00.32         00.14         00.20         00.31         00.17         00.22         00.33         00.31         00.37         00.31         00.13         01.54         03.82         00.20         00.20         00.37         00.14         00.20         00.31         00.21         00.22         00.35         00.13         00.20         00.31         00.17         00.19         00.34         00.14         00.20         00.31         00.14         00.20         00.32         00.76         00.44         00.69         00.36         00.20         00.55       

Metric \ thread group:       group 00      group 01      group 02      group 03      group 04      group 05      group 06      group 07      group 08      group 09      group 10      group 11      group 12      group 13      group 14      group 15      group 16      group 17      group 18      group 19    
Wavefront steady state [s]:  4.934020e+01  4.934884e+01  4.935825e+01  4.942505e+01  4.941328e+01  4.931027e+01  4.933097e+01  4.937936e+01  4.946459e+01  4.935815e+01  4.929064e+01  4.926129e+01  4.936227e+01  4.939766e+01  4.937417e+01  4.944348e+01  4.922528e+01  4.940104e+01  4.934828e+01  4.925895e+01
Wavefront steady state [%]:  98.23         98.25         98.27         98.40         98.38         98.17         98.22         98.31         98.48         98.27         98.14         98.08         98.28         98.35         98.30         98.44         98.01         98.36         98.25         98.07       
Wavefront startup/end [s]:   7.165462e-01  7.396782e-01  7.277450e-01  7.288076e-01  7.359340e-01  7.324435e-01  7.286533e-01  7.268825e-01  7.328466e-01  7.309124e-01  7.192575e-01  7.517602e-01  7.415068e-01  7.325641e-01  7.470303e-01  7.446641e-01  7.541581e-01  7.413629e-01  7.364329e-01  7.729643e-01
Wavefront startup/end [%]:   01.43         01.47         01.45         01.45         01.47         01.46         01.45         01.45         01.46         01.46         01.43         01.50         01.48         01.46         01.49         01.48         01.50         01.48         01.47         01.54       
Wavefront communication [s]:  5.806040e-05  6.628060e-05  4.647102e-05  6.627140e-05  5.937333e-05  5.451601e-05  4.822388e-05  5.598052e-05  5.104917e-05  5.899882e-05  4.301558e-05  4.289846e-05  4.544074e-05  4.891946e-05  4.083198e-05  4.843052e-05  4.246354e-05  4.793564e-05  4.009064e-05  4.364003e-05
Wavefront communication [%]:  00.00         00.00         00.00         00.00         00.00         00.00         00.00         00.00         00.00         00.00         00.00         00.00         00.00         00.00         00.00         00.00         00.00         00.00         00.00         00.00       
Wavefront others [s]:        1.701658e-01  1.383877e-01  1.409336e-01  7.305199e-02  7.770224e-02  1.842028e-01  1.673036e-01  1.206750e-01  2.948279e-02  1.378495e-01  2.170284e-01  2.138775e-01  1.231557e-01  9.670146e-02  1.057328e-01  3.878557e-02  2.474902e-01  8.452139e-02  1.422205e-01  1.950106e-01
Wavefront others [%]:        00.34         00.28         00.28         00.15         00.15         00.37         00.33         00.24         00.06         00.27         00.43         00.43         00.25         00.19         00.21         00.08         00.49         00.17         00.28         00.39       
Group spin-wait [s]:         5.023787e-06  5.400041e-06  5.319715e-06  5.418668e-06  5.617505e-06  5.510985e-06  5.435664e-06  5.326467e-06  5.530659e-06  5.408539e-06  5.028909e-06  5.699461e-06  5.456503e-06  5.411915e-06  5.740905e-06  5.312846e-06  5.461392e-06  5.358481e-06  5.505746e-06  5.390728e-06
Group spin-wait [%]:         00.00         00.00         00.00         00.00         00.00         00.00         00.00         00.00         00.00         00.00         00.00         00.00         00.00         00.00         00.00         00.00         00.00         00.00         00.00         00.00       
Resolved diamonds:           2.915000e+02  3.140000e+02  3.135000e+02  3.145000e+02  3.145000e+02  3.140000e+02  3.140000e+02  3.140000e+02  3.145000e+02  3.125000e+02  2.905000e+02  3.130000e+02  3.140000e+02  3.140000e+02  3.135000e+02  3.135000e+02  3.130000e+02  3.130000e+02  3.115000e+02  3.120000e+02
******************************************************
COMPLETED SUCCESSFULLY on Sun Jul 20 07:10:50 2025
