INFO: Using maximum configured thread group size 8
[AUTO TUNE] Any selected values for time block and number of frontlines are ignored
[AUTO TUNE] alignment error
[AUTO TUNE] Allocated based on diam width: 24
[AUTO TUNE] Tuning case(s) [12] (thread group size, th_z, th_y, th_x, th_c): (1, 1, 1, 1, 1) (2, 1, 1, 2, 1) (2, 1, 2, 1, 1) (2, 2, 1, 1, 1) (4, 1, 2, 2, 1) (4, 2, 1, 2, 1) (4, 2, 2, 1, 1) (4, 4, 1, 1, 1) (8, 2, 2, 2, 1) (8, 4, 1, 2, 1) (8, 4, 2, 1, 1) (8, 8, 1, 1, 1) 

[AUTO TUNE] START tune case #00: Thread group size:01  thc:01  thx:01  thy:01  thz:01  Possilbe diam width: 4 8
[AUTO TUNE]   Diamond width:04  [wavefronts #: pefromance (MLUPS/s)]
OMP: Info #276: omp_set_nested routine deprecated, please use omp_set_max_active_levels instead.
[AUTO TUNE]     [001: 37228.24]  time:1.566553e-01  MLUPS:005832  cache block size:18240kiB  reps:1  perf err: 100.0%
OMP: Info #276: omp_set_nested routine deprecated, please use omp_set_max_active_levels instead.
[AUTO TUNE]     [001: 31107.87]  time:4.374456e-01  MLUPS:013608  cache block size:18240kiB  reps:2  perf err: 19.7%
OMP: Info #276: omp_set_nested routine deprecated, please use omp_set_max_active_levels instead.
[AUTO TUNE]     [001: 30011.43]  time:7.125284e-01  MLUPS:021384  cache block size:18240kiB  reps:3  perf err:  3.7%
OMP: Info #276: omp_set_nested routine deprecated, please use omp_set_max_active_levels instead.
[AUTO TUNE]     [001: 30056.74]  time:9.701650e-01  MLUPS:029160  cache block size:18240kiB  reps:4  perf err:  0.2%
OMP: Info #276: omp_set_nested routine deprecated, please use omp_set_max_active_levels instead.
[AUTO TUNE]     [002: 40789.06]  time:1.429795e-01  MLUPS:005832  cache block size:24320kiB  reps:1  perf err: 100.0%
OMP: Info #276: omp_set_nested routine deprecated, please use omp_set_max_active_levels instead.
[AUTO TUNE]     [002: 31738.05]  time:4.287598e-01  MLUPS:013608  cache block size:24320kiB  reps:2  perf err: 28.5%
OMP: Info #276: omp_set_nested routine deprecated, please use omp_set_max_active_levels instead.
[AUTO TUNE]     [002: 29857.78]  time:7.161953e-01  MLUPS:021384  cache block size:24320kiB  reps:3  perf err:  6.3%
OMP: Info #276: omp_set_nested routine deprecated, please use omp_set_max_active_levels instead.
[AUTO TUNE]     [002: 29783.30]  time:9.790722e-01  MLUPS:029160  cache block size:24320kiB  reps:4  perf err:  0.3%
[AUTO TUNE]   Diamond width:08  [wavefronts #: pefromance (MLUPS/s)]
OMP: Info #276: omp_set_nested routine deprecated, please use omp_set_max_active_levels instead.
[AUTO TUNE]     [001: 63874.69]  time:1.521729e-01  MLUPS:009720  cache block size:57152kiB  reps:1  perf err: 100.0%
OMP: Info #276: omp_set_nested routine deprecated, please use omp_set_max_active_levels instead.
[AUTO TUNE]     [001: 57106.76]  time:4.425396e-01  MLUPS:025272  cache block size:57152kiB  reps:2  perf err: 11.9%
OMP: Info #276: omp_set_nested routine deprecated, please use omp_set_max_active_levels instead.
[AUTO TUNE]     [001: 57425.23]  time:7.109071e-01  MLUPS:040824  cache block size:57152kiB  reps:3  perf err:  0.6%
OMP: Info #276: omp_set_nested routine deprecated, please use omp_set_max_active_levels instead.
[AUTO TUNE]     [002: 66441.49]  time:1.462941e-01  MLUPS:009720  cache block size:68096kiB  reps:1  perf err: 100.0%
OMP: Info #276: omp_set_nested routine deprecated, please use omp_set_max_active_levels instead.
[AUTO TUNE]     [002: 58683.41]  time:4.306499e-01  MLUPS:025272  cache block size:68096kiB  reps:2  perf err: 13.2%
OMP: Info #276: omp_set_nested routine deprecated, please use omp_set_max_active_levels instead.
[AUTO TUNE]     [002: 58156.40]  time:7.019691e-01  MLUPS:040824  cache block size:68096kiB  reps:3  perf err:  0.9%
OMP: Info #276: omp_set_nested routine deprecated, please use omp_set_max_active_levels instead.
[AUTO TUNE]     [003: 67227.88]  time:1.445829e-01  MLUPS:009720  cache block size:79040kiB  reps:1  perf err: 100.0%
OMP: Info #276: omp_set_nested routine deprecated, please use omp_set_max_active_levels instead.
[AUTO TUNE]     [003: 57996.05]  time:4.357538e-01  MLUPS:025272  cache block size:79040kiB  reps:2  perf err: 15.9%
OMP: Info #276: omp_set_nested routine deprecated, please use omp_set_max_active_levels instead.
[AUTO TUNE]     [003: 58452.80]  time:6.984097e-01  MLUPS:040824  cache block size:79040kiB  reps:3  perf err:  0.8%
OMP: Info #276: omp_set_nested routine deprecated, please use omp_set_max_active_levels instead.
[AUTO TUNE]     [004: 67240.76]  time:1.445552e-01  MLUPS:009720  cache block size:89984kiB  reps:1  perf err: 100.0%
OMP: Info #276: omp_set_nested routine deprecated, please use omp_set_max_active_levels instead.
[AUTO TUNE]     [004: 58893.78]  time:4.291115e-01  MLUPS:025272  cache block size:89984kiB  reps:2  perf err: 14.2%
OMP: Info #276: omp_set_nested routine deprecated, please use omp_set_max_active_levels instead.
[AUTO TUNE]     [004: 58483.01]  time:6.980489e-01  MLUPS:040824  cache block size:89984kiB  reps:3  perf err:  0.7%
OMP: Info #276: omp_set_nested routine deprecated, please use omp_set_max_active_levels instead.
[AUTO TUNE]     [005: 63416.70]  time:1.532719e-01  MLUPS:009720  cache block size:100928kiB  reps:1  perf err: 100.0%
OMP: Info #276: omp_set_nested routine deprecated, please use omp_set_max_active_levels instead.
[AUTO TUNE]     [005: 57127.16]  time:4.423815e-01  MLUPS:025272  cache block size:100928kiB  reps:2  perf err: 11.0%
OMP: Info #276: omp_set_nested routine deprecated, please use omp_set_max_active_levels instead.
[AUTO TUNE]     [005: 59013.12]  time:6.917784e-01  MLUPS:040824  cache block size:100928kiB  reps:3  perf err:  3.2%
OMP: Info #276: omp_set_nested routine deprecated, please use omp_set_max_active_levels instead.
[AUTO TUNE]     [005: 57518.88]  time:9.801303e-01  MLUPS:056376  cache block size:100928kiB  reps:4  perf err:  2.6%
OMP: Info #276: omp_set_nested routine deprecated, please use omp_set_max_active_levels instead.
[AUTO TUNE]     [005: 57454.54]  time:1.251911e+00  MLUPS:071928  cache block size:100928kiB  reps:5  perf err:  0.1%
[AUTO TUNE] COMPLETE tune case #00: Thread group size:01  thc:01  thx:01  thy:01  thz:01  t_dim:03  bs_z:04  perf:58483.01 MLUP/s

[AUTO TUNE] START tune case #01: Thread group size:02  thc:01  thx:02  thy:01  thz:01  Possilbe diam width: 4 8 12
[AUTO TUNE]   Diamond width:04  [wavefronts #: pefromance (MLUPS/s)]
OMP: Info #276: omp_set_nested routine deprecated, please use omp_set_max_active_levels instead.
[AUTO TUNE]     [001: 39291.62]  time:1.484286e-01  MLUPS:005832  cache block size:9120kiB  reps:1  perf err: 100.0%
OMP: Info #276: omp_set_nested routine deprecated, please use omp_set_max_active_levels instead.
[AUTO TUNE]     [001: 32559.58]  time:4.179415e-01  MLUPS:013608  cache block size:9120kiB  reps:2  perf err: 20.7%
OMP: Info #276: omp_set_nested routine deprecated, please use omp_set_max_active_levels instead.
[AUTO TUNE]     [001: 30852.29]  time:6.931091e-01  MLUPS:021384  cache block size:9120kiB  reps:3  perf err:  5.5%
OMP: Info #276: omp_set_nested routine deprecated, please use omp_set_max_active_levels instead.
[AUTO TUNE]     [001: 30117.01]  time:9.682236e-01  MLUPS:029160  cache block size:9120kiB  reps:4  perf err:  2.4%
OMP: Info #276: omp_set_nested routine deprecated, please use omp_set_max_active_levels instead.
[AUTO TUNE]     [002: 41215.20]  time:1.415012e-01  MLUPS:005832  cache block size:12160kiB  reps:1  perf err: 100.0%
OMP: Info #276: omp_set_nested routine deprecated, please use omp_set_max_active_levels instead.
[AUTO TUNE]     [002: 33185.00]  time:4.100648e-01  MLUPS:013608  cache block size:12160kiB  reps:2  perf err: 24.2%
OMP: Info #276: omp_set_nested routine deprecated, please use omp_set_max_active_levels instead.
[AUTO TUNE]     [002: 32026.42]  time:6.676988e-01  MLUPS:021384  cache block size:12160kiB  reps:3  perf err:  3.6%
OMP: Info #276: omp_set_nested routine deprecated, please use omp_set_max_active_levels instead.
[AUTO TUNE]     [002: 31152.93]  time:9.360274e-01  MLUPS:029160  cache block size:12160kiB  reps:4  perf err:  2.8%
OMP: Info #276: omp_set_nested routine deprecated, please use omp_set_max_active_levels instead.
[AUTO TUNE]     [002: 30776.89]  time:1.200121e+00  MLUPS:036936  cache block size:12160kiB  reps:5  perf err:  1.2%
OMP: Info #276: omp_set_nested routine deprecated, please use omp_set_max_active_levels instead.
[AUTO TUNE]     [003: 41320.24]  time:1.411415e-01  MLUPS:005832  cache block size:15200kiB  reps:1  perf err: 100.0%
OMP: Info #276: omp_set_nested routine deprecated, please use omp_set_max_active_levels instead.
[AUTO TUNE]     [003: 33505.87]  time:4.061378e-01  MLUPS:013608  cache block size:15200kiB  reps:2  perf err: 23.3%
OMP: Info #276: omp_set_nested routine deprecated, please use omp_set_max_active_levels instead.
[AUTO TUNE]     [003: 31613.92]  time:6.764110e-01  MLUPS:021384  cache block size:15200kiB  reps:3  perf err:  6.0%
OMP: Info #276: omp_set_nested routine deprecated, please use omp_set_max_active_levels instead.
[AUTO TUNE]     [003: 30942.67]  time:9.423880e-01  MLUPS:029160  cache block size:15200kiB  reps:4  perf err:  2.2%
OMP: Info #276: omp_set_nested routine deprecated, please use omp_set_max_active_levels instead.
[AUTO TUNE]     [004: 40981.06]  time:1.423097e-01  MLUPS:005832  cache block size:18240kiB  reps:1  perf err: 100.0%
OMP: Info #276: omp_set_nested routine deprecated, please use omp_set_max_active_levels instead.
[AUTO TUNE]     [004: 33298.24]  time:4.086702e-01  MLUPS:013608  cache block size:18240kiB  reps:2  perf err: 23.1%
OMP: Info #276: omp_set_nested routine deprecated, please use omp_set_max_active_levels instead.
[AUTO TUNE]     [004: 31739.52]  time:6.737342e-01  MLUPS:021384  cache block size:18240kiB  reps:3  perf err:  4.9%
OMP: Info #276: omp_set_nested routine deprecated, please use omp_set_max_active_levels instead.
[AUTO TUNE]     [004: 31628.55]  time:9.219518e-01  MLUPS:029160  cache block size:18240kiB  reps:4  perf err:  0.4%
OMP: Info #276: omp_set_nested routine deprecated, please use omp_set_max_active_levels instead.
[AUTO TUNE]     [005: 42156.36]  time:1.383421e-01  MLUPS:005832  cache block size:21280kiB  reps:1  perf err: 100.0%
OMP: Info #276: omp_set_nested routine deprecated, please use omp_set_max_active_levels instead.
[AUTO TUNE]     [005: 33631.43]  time:4.046215e-01  MLUPS:013608  cache block size:21280kiB  reps:2  perf err: 25.3%
OMP: Info #276: omp_set_nested routine deprecated, please use omp_set_max_active_levels instead.
[AUTO TUNE]     [005: 31817.06]  time:6.720922e-01  MLUPS:021384  cache block size:21280kiB  reps:3  perf err:  5.7%
OMP: Info #276: omp_set_nested routine deprecated, please use omp_set_max_active_levels instead.
[AUTO TUNE]     [005: 31231.32]  time:9.336781e-01  MLUPS:029160  cache block size:21280kiB  reps:4  perf err:  1.9%
[AUTO TUNE]   Diamond width:08  [wavefronts #: pefromance (MLUPS/s)]
OMP: Info #276: omp_set_nested routine deprecated, please use omp_set_max_active_levels instead.
[AUTO TUNE]     [001: 50814.77]  time:1.912830e-01  MLUPS:009720  cache block size:28576kiB  reps:1  perf err: 100.0%
OMP: Info #276: omp_set_nested routine deprecated, please use omp_set_max_active_levels instead.
[AUTO TUNE]     [001: 46804.29]  time:5.399505e-01  MLUPS:025272  cache block size:28576kiB  reps:2  perf err:  8.6%
OMP: Info #276: omp_set_nested routine deprecated, please use omp_set_max_active_levels instead.
[AUTO TUNE]     [001: 46218.17]  time:8.832890e-01  MLUPS:040824  cache block size:28576kiB  reps:3  perf err:  1.3%
OMP: Info #276: omp_set_nested routine deprecated, please use omp_set_max_active_levels instead.
[AUTO TUNE]     [002: 45739.37]  time:2.125084e-01  MLUPS:009720  cache block size:34048kiB  reps:1  perf err: 100.0%
OMP: Info #276: omp_set_nested routine deprecated, please use omp_set_max_active_levels instead.
[AUTO TUNE]     [002: 48122.88]  time:5.251556e-01  MLUPS:025272  cache block size:34048kiB  reps:2  perf err:  5.0%
OMP: Info #276: omp_set_nested routine deprecated, please use omp_set_max_active_levels instead.
[AUTO TUNE]     [002: 47301.13]  time:8.630660e-01  MLUPS:040824  cache block size:34048kiB  reps:3  perf err:  1.7%
OMP: Info #276: omp_set_nested routine deprecated, please use omp_set_max_active_levels instead.
[AUTO TUNE]     [003: 53098.89]  time:1.830547e-01  MLUPS:009720  cache block size:39520kiB  reps:1  perf err: 100.0%
OMP: Info #276: omp_set_nested routine deprecated, please use omp_set_max_active_levels instead.
[AUTO TUNE]     [003: 48658.06]  time:5.193795e-01  MLUPS:025272  cache block size:39520kiB  reps:2  perf err:  9.1%
OMP: Info #276: omp_set_nested routine deprecated, please use omp_set_max_active_levels instead.
[AUTO TUNE]     [003: 47864.85]  time:8.529014e-01  MLUPS:040824  cache block size:39520kiB  reps:3  perf err:  1.7%
OMP: Info #276: omp_set_nested routine deprecated, please use omp_set_max_active_levels instead.
[AUTO TUNE]     [004: 55869.44]  time:1.739770e-01  MLUPS:009720  cache block size:44992kiB  reps:1  perf err: 100.0%
OMP: Info #276: omp_set_nested routine deprecated, please use omp_set_max_active_levels instead.
[AUTO TUNE]     [004: 52293.13]  time:4.832757e-01  MLUPS:025272  cache block size:44992kiB  reps:2  perf err:  6.8%
OMP: Info #276: omp_set_nested routine deprecated, please use omp_set_max_active_levels instead.
[AUTO TUNE]     [004: 51517.29]  time:7.924331e-01  MLUPS:040824  cache block size:44992kiB  reps:3  perf err:  1.5%
OMP: Info #276: omp_set_nested routine deprecated, please use omp_set_max_active_levels instead.
[AUTO TUNE]     [005: 55616.51]  time:1.747682e-01  MLUPS:009720  cache block size:50464kiB  reps:1  perf err: 100.0%
OMP: Info #276: omp_set_nested routine deprecated, please use omp_set_max_active_levels instead.
[AUTO TUNE]     [005: 52659.57]  time:4.799128e-01  MLUPS:025272  cache block size:50464kiB  reps:2  perf err:  5.6%
OMP: Info #276: omp_set_nested routine deprecated, please use omp_set_max_active_levels instead.
[AUTO TUNE]     [005: 51873.02]  time:7.869987e-01  MLUPS:040824  cache block size:50464kiB  reps:3  perf err:  1.5%
OMP: Info #276: omp_set_nested routine deprecated, please use omp_set_max_active_levels instead.
[AUTO TUNE]     [006: 57076.53]  time:1.702977e-01  MLUPS:009720  cache block size:55936kiB  reps:1  perf err: 100.0%
OMP: Info #276: omp_set_nested routine deprecated, please use omp_set_max_active_levels instead.
[AUTO TUNE]     [006: 53002.40]  time:4.768086e-01  MLUPS:025272  cache block size:55936kiB  reps:2  perf err:  7.7%
OMP: Info #276: omp_set_nested routine deprecated, please use omp_set_max_active_levels instead.
[AUTO TUNE]     [006: 52104.19]  time:7.835070e-01  MLUPS:040824  cache block size:55936kiB  reps:3  perf err:  1.7%
OMP: Info #276: omp_set_nested routine deprecated, please use omp_set_max_active_levels instead.
[AUTO TUNE]     [007: 56858.17]  time:1.709517e-01  MLUPS:009720  cache block size:61408kiB  reps:1  perf err: 100.0%
OMP: Info #276: omp_set_nested routine deprecated, please use omp_set_max_active_levels instead.
[AUTO TUNE]     [007: 52967.41]  time:4.771236e-01  MLUPS:025272  cache block size:61408kiB  reps:2  perf err:  7.3%
OMP: Info #276: omp_set_nested routine deprecated, please use omp_set_max_active_levels instead.
[AUTO TUNE]     [007: 50562.70]  time:8.073935e-01  MLUPS:040824  cache block size:61408kiB  reps:3  perf err:  4.8%
OMP: Info #276: omp_set_nested routine deprecated, please use omp_set_max_active_levels instead.
[AUTO TUNE]     [007: 51450.03]  time:1.095743e+00  MLUPS:056376  cache block size:61408kiB  reps:4  perf err:  1.7%
[AUTO TUNE]   Diamond width:12  [wavefronts #: pefromance (MLUPS/s)]
OMP: Info #276: omp_set_nested routine deprecated, please use omp_set_max_active_levels instead.
[AUTO TUNE]     [001: 49413.86]  time:2.753883e-01  MLUPS:013608  cache block size:57760kiB  reps:1  perf err: 100.0%
OMP: Info #276: omp_set_nested routine deprecated, please use omp_set_max_active_levels instead.
[AUTO TUNE]     [001: 52616.86]  time:7.019803e-01  MLUPS:036936  cache block size:57760kiB  reps:2  perf err:  6.1%
OMP: Info #276: omp_set_nested routine deprecated, please use omp_set_max_active_levels instead.
[AUTO TUNE]     [001: 53777.03]  time:1.120627e+00  MLUPS:060264  cache block size:57760kiB  reps:3  perf err:  2.2%
OMP: Info #276: omp_set_nested routine deprecated, please use omp_set_max_active_levels instead.
[AUTO TUNE]     [002: 53052.18]  time:2.565022e-01  MLUPS:013608  cache block size:65664kiB  reps:1  perf err: 100.0%
OMP: Info #276: omp_set_nested routine deprecated, please use omp_set_max_active_levels instead.
[AUTO TUNE]     [002: 54893.87]  time:6.728620e-01  MLUPS:036936  cache block size:65664kiB  reps:2  perf err:  3.4%
OMP: Info #276: omp_set_nested routine deprecated, please use omp_set_max_active_levels instead.
[AUTO TUNE]     [002: 53720.79]  time:1.121800e+00  MLUPS:060264  cache block size:65664kiB  reps:3  perf err:  2.2%
[AUTO TUNE] COMPLETE tune case #01: Thread group size:02  thc:01  thx:02  thy:01  thz:01  t_dim:05  bs_z:01  perf:53777.03 MLUP/s

[AUTO TUNE] START tune case #02: Thread group size:02  thc:01  thx:01  thy:02  thz:01  Possilbe diam width: 4 8 12
[AUTO TUNE]   Diamond width:04  [wavefronts #: pefromance (MLUPS/s)]
OMP: Info #276: omp_set_nested routine deprecated, please use omp_set_max_active_levels instead.
[AUTO TUNE]     [001: 35355.15]  time:1.649548e-01  MLUPS:005832  cache block size:9120kiB  reps:1  perf err: 100.0%
OMP: Info #276: omp_set_nested routine deprecated, please use omp_set_max_active_levels instead.
[AUTO TUNE]     [001: 29074.22]  time:4.680434e-01  MLUPS:013608  cache block size:9120kiB  reps:2  perf err: 21.6%
OMP: Info #276: omp_set_nested routine deprecated, please use omp_set_max_active_levels instead.
[AUTO TUNE]     [001: 28415.69]  time:7.525421e-01  MLUPS:021384  cache block size:9120kiB  reps:3  perf err:  2.3%
OMP: Info #276: omp_set_nested routine deprecated, please use omp_set_max_active_levels instead.
[AUTO TUNE]     [002: 36023.63]  time:1.618937e-01  MLUPS:005832  cache block size:12160kiB  reps:1  perf err: 100.0%
OMP: Info #276: omp_set_nested routine deprecated, please use omp_set_max_active_levels instead.
[AUTO TUNE]     [002: 29378.47]  time:4.631964e-01  MLUPS:013608  cache block size:12160kiB  reps:2  perf err: 22.6%
OMP: Info #276: omp_set_nested routine deprecated, please use omp_set_max_active_levels instead.
[AUTO TUNE]     [002: 28558.32]  time:7.487834e-01  MLUPS:021384  cache block size:12160kiB  reps:3  perf err:  2.9%
OMP: Info #276: omp_set_nested routine deprecated, please use omp_set_max_active_levels instead.
[AUTO TUNE]     [002: 28496.79]  time:1.023273e+00  MLUPS:029160  cache block size:12160kiB  reps:4  perf err:  0.2%
OMP: Info #276: omp_set_nested routine deprecated, please use omp_set_max_active_levels instead.
[AUTO TUNE]     [003: 35555.71]  time:1.640243e-01  MLUPS:005832  cache block size:15200kiB  reps:1  perf err: 100.0%
OMP: Info #276: omp_set_nested routine deprecated, please use omp_set_max_active_levels instead.
[AUTO TUNE]     [003: 29546.57]  time:4.605611e-01  MLUPS:013608  cache block size:15200kiB  reps:2  perf err: 20.3%
OMP: Info #276: omp_set_nested routine deprecated, please use omp_set_max_active_levels instead.
[AUTO TUNE]     [003: 28260.38]  time:7.566776e-01  MLUPS:021384  cache block size:15200kiB  reps:3  perf err:  4.6%
OMP: Info #276: omp_set_nested routine deprecated, please use omp_set_max_active_levels instead.
[AUTO TUNE]     [003: 28310.99]  time:1.029989e+00  MLUPS:029160  cache block size:15200kiB  reps:4  perf err:  0.2%
[AUTO TUNE]   Diamond width:08  [wavefronts #: pefromance (MLUPS/s)]
OMP: Info #276: omp_set_nested routine deprecated, please use omp_set_max_active_levels instead.
[AUTO TUNE]     [001: 55079.19]  time:1.764732e-01  MLUPS:009720  cache block size:28576kiB  reps:1  perf err: 100.0%
OMP: Info #276: omp_set_nested routine deprecated, please use omp_set_max_active_levels instead.
[AUTO TUNE]     [001: 54735.88]  time:4.617081e-01  MLUPS:025272  cache block size:28576kiB  reps:2  perf err:  0.6%
OMP: Info #276: omp_set_nested routine deprecated, please use omp_set_max_active_levels instead.
[AUTO TUNE]     [002: 61155.27]  time:1.589397e-01  MLUPS:009720  cache block size:34048kiB  reps:1  perf err: 100.0%
OMP: Info #276: omp_set_nested routine deprecated, please use omp_set_max_active_levels instead.
[AUTO TUNE]     [002: 54557.22]  time:4.632201e-01  MLUPS:025272  cache block size:34048kiB  reps:2  perf err: 12.1%
OMP: Info #276: omp_set_nested routine deprecated, please use omp_set_max_active_levels instead.
[AUTO TUNE]     [002: 54742.87]  time:7.457410e-01  MLUPS:040824  cache block size:34048kiB  reps:3  perf err:  0.3%
OMP: Info #276: omp_set_nested routine deprecated, please use omp_set_max_active_levels instead.
[AUTO TUNE]     [003: 59652.86]  time:1.629427e-01  MLUPS:009720  cache block size:39520kiB  reps:1  perf err: 100.0%
OMP: Info #276: omp_set_nested routine deprecated, please use omp_set_max_active_levels instead.
[AUTO TUNE]     [003: 55656.42]  time:4.540716e-01  MLUPS:025272  cache block size:39520kiB  reps:2  perf err:  7.2%
OMP: Info #276: omp_set_nested routine deprecated, please use omp_set_max_active_levels instead.
[AUTO TUNE]     [003: 55419.36]  time:7.366379e-01  MLUPS:040824  cache block size:39520kiB  reps:3  perf err:  0.4%
OMP: Info #276: omp_set_nested routine deprecated, please use omp_set_max_active_levels instead.
[AUTO TUNE]     [004: 57330.20]  time:1.695442e-01  MLUPS:009720  cache block size:44992kiB  reps:1  perf err: 100.0%
OMP: Info #276: omp_set_nested routine deprecated, please use omp_set_max_active_levels instead.
[AUTO TUNE]     [004: 54932.95]  time:4.600518e-01  MLUPS:025272  cache block size:44992kiB  reps:2  perf err:  4.4%
OMP: Info #276: omp_set_nested routine deprecated, please use omp_set_max_active_levels instead.
[AUTO TUNE]     [004: 54226.09]  time:7.528479e-01  MLUPS:040824  cache block size:44992kiB  reps:3  perf err:  1.3%
[AUTO TUNE]   Diamond width:12  [wavefronts #: pefromance (MLUPS/s)]
OMP: Info #276: omp_set_nested routine deprecated, please use omp_set_max_active_levels instead.
[AUTO TUNE]     [001: 62227.63]  time:2.186810e-01  MLUPS:013608  cache block size:57760kiB  reps:1  perf err: 100.0%
OMP: Info #276: omp_set_nested routine deprecated, please use omp_set_max_active_levels instead.
[AUTO TUNE]     [001: 66385.57]  time:5.563860e-01  MLUPS:036936  cache block size:57760kiB  reps:2  perf err:  6.3%
OMP: Info #276: omp_set_nested routine deprecated, please use omp_set_max_active_levels instead.
[AUTO TUNE]     [001: 59600.46]  time:1.011133e+00  MLUPS:060264  cache block size:57760kiB  reps:3  perf err: 11.4%
OMP: Info #276: omp_set_nested routine deprecated, please use omp_set_max_active_levels instead.
[AUTO TUNE]     [001: 66235.33]  time:1.262045e+00  MLUPS:083592  cache block size:57760kiB  reps:4  perf err: 10.0%
OMP: Info #276: omp_set_nested routine deprecated, please use omp_set_max_active_levels instead.
[AUTO TUNE]     [001: 67076.78]  time:1.593994e+00  MLUPS:106920  cache block size:57760kiB  reps:5  perf err:  1.3%
OMP: Info #276: omp_set_nested routine deprecated, please use omp_set_max_active_levels instead.
[AUTO TUNE]     [002: 61759.02]  time:2.203403e-01  MLUPS:013608  cache block size:65664kiB  reps:1  perf err: 100.0%
OMP: Info #276: omp_set_nested routine deprecated, please use omp_set_max_active_levels instead.
[AUTO TUNE]     [002: 67263.83]  time:5.491213e-01  MLUPS:036936  cache block size:65664kiB  reps:2  perf err:  8.2%
OMP: Info #276: omp_set_nested routine deprecated, please use omp_set_max_active_levels instead.
[AUTO TUNE]     [002: 68165.00]  time:8.840901e-01  MLUPS:060264  cache block size:65664kiB  reps:3  perf err:  1.3%
OMP: Info #276: omp_set_nested routine deprecated, please use omp_set_max_active_levels instead.
[AUTO TUNE]     [003: 64093.50]  time:2.123148e-01  MLUPS:013608  cache block size:73568kiB  reps:1  perf err: 100.0%
OMP: Info #276: omp_set_nested routine deprecated, please use omp_set_max_active_levels instead.
[AUTO TUNE]     [003: 67600.27]  time:5.463883e-01  MLUPS:036936  cache block size:73568kiB  reps:2  perf err:  5.2%
OMP: Info #276: omp_set_nested routine deprecated, please use omp_set_max_active_levels instead.
[AUTO TUNE]     [003: 66994.42]  time:8.995376e-01  MLUPS:060264  cache block size:73568kiB  reps:3  perf err:  0.9%
[AUTO TUNE] COMPLETE tune case #02: Thread group size:02  thc:01  thx:01  thy:02  thz:01  t_dim:05  bs_z:02  perf:68165.00 MLUP/s

[AUTO TUNE] START tune case #03: Thread group size:02  thc:01  thx:01  thy:01  thz:02  Possilbe diam width: 4 8 12
[AUTO TUNE]   Diamond width:04  [wavefronts #: pefromance (MLUPS/s)]
OMP: Info #276: omp_set_nested routine deprecated, please use omp_set_max_active_levels instead.
[AUTO TUNE]     [002: 36574.53]  time:1.594552e-01  MLUPS:005832  cache block size:12160kiB  reps:1  perf err: 100.0%
OMP: Info #276: omp_set_nested routine deprecated, please use omp_set_max_active_levels instead.
[AUTO TUNE]     [002: 30472.38]  time:4.465683e-01  MLUPS:013608  cache block size:12160kiB  reps:2  perf err: 20.0%
OMP: Info #276: omp_set_nested routine deprecated, please use omp_set_max_active_levels instead.
[AUTO TUNE]     [002: 29541.64]  time:7.238596e-01  MLUPS:021384  cache block size:12160kiB  reps:3  perf err:  3.2%
OMP: Info #276: omp_set_nested routine deprecated, please use omp_set_max_active_levels instead.
[AUTO TUNE]     [002: 29271.56]  time:9.961888e-01  MLUPS:029160  cache block size:12160kiB  reps:4  perf err:  0.9%
OMP: Info #276: omp_set_nested routine deprecated, please use omp_set_max_active_levels instead.
[AUTO TUNE]     [004: 35267.70]  time:1.653638e-01  MLUPS:005832  cache block size:18240kiB  reps:1  perf err: 100.0%
OMP: Info #276: omp_set_nested routine deprecated, please use omp_set_max_active_levels instead.
[AUTO TUNE]     [004: 30583.02]  time:4.449528e-01  MLUPS:013608  cache block size:18240kiB  reps:2  perf err: 15.3%
OMP: Info #276: omp_set_nested routine deprecated, please use omp_set_max_active_levels instead.
[AUTO TUNE]     [004: 29372.05]  time:7.280392e-01  MLUPS:021384  cache block size:18240kiB  reps:3  perf err:  4.1%
OMP: Info #276: omp_set_nested routine deprecated, please use omp_set_max_active_levels instead.
[AUTO TUNE]     [004: 29050.98]  time:1.003753e+00  MLUPS:029160  cache block size:18240kiB  reps:4  perf err:  1.1%
[AUTO TUNE]   Diamond width:08  [wavefronts #: pefromance (MLUPS/s)]
OMP: Info #276: omp_set_nested routine deprecated, please use omp_set_max_active_levels instead.
[AUTO TUNE]     [002: 57447.91]  time:1.691968e-01  MLUPS:009720  cache block size:34048kiB  reps:1  perf err: 100.0%
OMP: Info #276: omp_set_nested routine deprecated, please use omp_set_max_active_levels instead.
[AUTO TUNE]     [002: 52837.50]  time:4.782966e-01  MLUPS:025272  cache block size:34048kiB  reps:2  perf err:  8.7%
OMP: Info #276: omp_set_nested routine deprecated, please use omp_set_max_active_levels instead.
[AUTO TUNE]     [002: 52232.53]  time:7.815818e-01  MLUPS:040824  cache block size:34048kiB  reps:3  perf err:  1.2%
OMP: Info #276: omp_set_nested routine deprecated, please use omp_set_max_active_levels instead.
[AUTO TUNE]     [004: 53267.29]  time:1.824760e-01  MLUPS:009720  cache block size:44992kiB  reps:1  perf err: 100.0%
OMP: Info #276: omp_set_nested routine deprecated, please use omp_set_max_active_levels instead.
[AUTO TUNE]     [004: 52698.61]  time:4.795572e-01  MLUPS:025272  cache block size:44992kiB  reps:2  perf err:  1.1%
OMP: Info #276: omp_set_nested routine deprecated, please use omp_set_max_active_levels instead.
[AUTO TUNE]     [006: 58675.04]  time:1.656582e-01  MLUPS:009720  cache block size:55936kiB  reps:1  perf err: 100.0%
OMP: Info #276: omp_set_nested routine deprecated, please use omp_set_max_active_levels instead.
[AUTO TUNE]     [006: 55820.24]  time:4.527390e-01  MLUPS:025272  cache block size:55936kiB  reps:2  perf err:  5.1%
OMP: Info #276: omp_set_nested routine deprecated, please use omp_set_max_active_levels instead.
[AUTO TUNE]     [006: 54227.54]  time:7.528278e-01  MLUPS:040824  cache block size:55936kiB  reps:3  perf err:  2.9%
OMP: Info #276: omp_set_nested routine deprecated, please use omp_set_max_active_levels instead.
[AUTO TUNE]     [006: 54781.43]  time:1.029108e+00  MLUPS:056376  cache block size:55936kiB  reps:4  perf err:  1.0%
OMP: Info #276: omp_set_nested routine deprecated, please use omp_set_max_active_levels instead.
[AUTO TUNE]     [008: 58395.55]  time:1.664510e-01  MLUPS:009720  cache block size:66880kiB  reps:1  perf err: 100.0%
OMP: Info #276: omp_set_nested routine deprecated, please use omp_set_max_active_levels instead.
[AUTO TUNE]     [008: 56563.86]  time:4.467871e-01  MLUPS:025272  cache block size:66880kiB  reps:2  perf err:  3.2%
OMP: Info #276: omp_set_nested routine deprecated, please use omp_set_max_active_levels instead.
[AUTO TUNE]     [008: 55505.25]  time:7.354979e-01  MLUPS:040824  cache block size:66880kiB  reps:3  perf err:  1.9%
OMP: Info #276: omp_set_nested routine deprecated, please use omp_set_max_active_levels instead.
[AUTO TUNE]     [010: 63055.12]  time:1.541508e-01  MLUPS:009720  cache block size:77824kiB  reps:1  perf err: 100.0%
OMP: Info #276: omp_set_nested routine deprecated, please use omp_set_max_active_levels instead.
[AUTO TUNE]     [010: 56328.38]  time:4.486548e-01  MLUPS:025272  cache block size:77824kiB  reps:2  perf err: 11.9%
OMP: Info #276: omp_set_nested routine deprecated, please use omp_set_max_active_levels instead.
[AUTO TUNE]     [010: 56400.81]  time:7.238194e-01  MLUPS:040824  cache block size:77824kiB  reps:3  perf err:  0.1%
OMP: Info #276: omp_set_nested routine deprecated, please use omp_set_max_active_levels instead.
[AUTO TUNE]     [012: 63090.05]  time:1.540655e-01  MLUPS:009720  cache block size:88768kiB  reps:1  perf err: 100.0%
OMP: Info #276: omp_set_nested routine deprecated, please use omp_set_max_active_levels instead.
[AUTO TUNE]     [012: 57649.31]  time:4.383748e-01  MLUPS:025272  cache block size:88768kiB  reps:2  perf err:  9.4%
OMP: Info #276: omp_set_nested routine deprecated, please use omp_set_max_active_levels instead.
[AUTO TUNE]     [012: 57689.83]  time:7.076464e-01  MLUPS:040824  cache block size:88768kiB  reps:3  perf err:  0.1%
OMP: Info #276: omp_set_nested routine deprecated, please use omp_set_max_active_levels instead.
[AUTO TUNE]     [014: 59540.75]  time:1.632495e-01  MLUPS:009720  cache block size:99712kiB  reps:1  perf err: 100.0%
OMP: Info #276: omp_set_nested routine deprecated, please use omp_set_max_active_levels instead.
[AUTO TUNE]     [014: 57809.18]  time:4.371624e-01  MLUPS:025272  cache block size:99712kiB  reps:2  perf err:  3.0%
OMP: Info #276: omp_set_nested routine deprecated, please use omp_set_max_active_levels instead.
[AUTO TUNE]     [014: 57401.90]  time:7.111960e-01  MLUPS:040824  cache block size:99712kiB  reps:3  perf err:  0.7%
[AUTO TUNE]   Diamond width:12  [wavefronts #: pefromance (MLUPS/s)]
OMP: Info #276: omp_set_nested routine deprecated, please use omp_set_max_active_levels instead.
[AUTO TUNE]     [002: 47846.71]  time:2.844083e-01  MLUPS:013608  cache block size:65664kiB  reps:1  perf err: 100.0%
OMP: Info #276: omp_set_nested routine deprecated, please use omp_set_max_active_levels instead.
[AUTO TUNE]     [002: 60310.76]  time:6.124281e-01  MLUPS:036936  cache block size:65664kiB  reps:2  perf err: 20.7%
OMP: Info #276: omp_set_nested routine deprecated, please use omp_set_max_active_levels instead.
[AUTO TUNE]     [002: 61616.01]  time:9.780575e-01  MLUPS:060264  cache block size:65664kiB  reps:3  perf err:  2.1%
OMP: Info #276: omp_set_nested routine deprecated, please use omp_set_max_active_levels instead.
[AUTO TUNE]     [004: 61162.22]  time:2.224903e-01  MLUPS:013608  cache block size:81472kiB  reps:1  perf err: 100.0%
OMP: Info #276: omp_set_nested routine deprecated, please use omp_set_max_active_levels instead.
[AUTO TUNE]     [004: 63480.46]  time:5.818483e-01  MLUPS:036936  cache block size:81472kiB  reps:2  perf err:  3.7%
OMP: Info #276: omp_set_nested routine deprecated, please use omp_set_max_active_levels instead.
[AUTO TUNE]     [004: 64555.38]  time:9.335241e-01  MLUPS:060264  cache block size:81472kiB  reps:3  perf err:  1.7%
OMP: Info #276: omp_set_nested routine deprecated, please use omp_set_max_active_levels instead.
[AUTO TUNE]     [006: 60482.13]  time:2.249921e-01  MLUPS:013608  cache block size:97280kiB  reps:1  perf err: 100.0%
OMP: Info #276: omp_set_nested routine deprecated, please use omp_set_max_active_levels instead.
[AUTO TUNE]     [006: 66178.06]  time:5.581306e-01  MLUPS:036936  cache block size:97280kiB  reps:2  perf err:  8.6%
OMP: Info #276: omp_set_nested routine deprecated, please use omp_set_max_active_levels instead.
[AUTO TUNE]     [006: 67491.96]  time:8.929064e-01  MLUPS:060264  cache block size:97280kiB  reps:3  perf err:  1.9%
OMP: Info #276: omp_set_nested routine deprecated, please use omp_set_max_active_levels instead.
[AUTO TUNE]     [008: 65947.47]  time:2.063461e-01  MLUPS:013608  cache block size:113088kiB  reps:1  perf err: 100.0%
OMP: Info #276: omp_set_nested routine deprecated, please use omp_set_max_active_levels instead.
[AUTO TUNE]     [008: 68298.59]  time:5.408018e-01  MLUPS:036936  cache block size:113088kiB  reps:2  perf err:  3.4%
OMP: Info #276: omp_set_nested routine deprecated, please use omp_set_max_active_levels instead.
[AUTO TUNE]     [008: 66662.18]  time:9.040208e-01  MLUPS:060264  cache block size:113088kiB  reps:3  perf err:  2.5%
[AUTO TUNE] COMPLETE tune case #03: Thread group size:02  thc:01  thx:01  thy:01  thz:02  t_dim:05  bs_z:06  perf:67491.96 MLUP/s

[AUTO TUNE] START tune case #04: Thread group size:04  thc:01  thx:02  thy:02  thz:01  Possilbe diam width: 4 8 12 20
[AUTO TUNE]   Diamond width:04  [wavefronts #: pefromance (MLUPS/s)]
OMP: Info #276: omp_set_nested routine deprecated, please use omp_set_max_active_levels instead.
[AUTO TUNE]     [001: 33111.61]  time:1.761316e-01  MLUPS:005832  cache block size:4560kiB  reps:1  perf err: 100.0%
OMP: Info #276: omp_set_nested routine deprecated, please use omp_set_max_active_levels instead.
[AUTO TUNE]     [001: 26993.37]  time:5.041238e-01  MLUPS:013608  cache block size:4560kiB  reps:2  perf err: 22.7%
OMP: Info #276: omp_set_nested routine deprecated, please use omp_set_max_active_levels instead.
[AUTO TUNE]     [001: 25939.13]  time:8.243915e-01  MLUPS:021384  cache block size:4560kiB  reps:3  perf err:  4.1%
OMP: Info #276: omp_set_nested routine deprecated, please use omp_set_max_active_levels instead.
[AUTO TUNE]     [001: 25492.97]  time:1.143845e+00  MLUPS:029160  cache block size:4560kiB  reps:4  perf err:  1.8%
OMP: Info #276: omp_set_nested routine deprecated, please use omp_set_max_active_levels instead.
[AUTO TUNE]     [002: 36876.94]  time:1.581476e-01  MLUPS:005832  cache block size:6080kiB  reps:1  perf err: 100.0%
OMP: Info #276: omp_set_nested routine deprecated, please use omp_set_max_active_levels instead.
[AUTO TUNE]     [002: 29690.42]  time:4.583297e-01  MLUPS:013608  cache block size:6080kiB  reps:2  perf err: 24.2%
OMP: Info #276: omp_set_nested routine deprecated, please use omp_set_max_active_levels instead.
[AUTO TUNE]     [002: 27846.62]  time:7.679209e-01  MLUPS:021384  cache block size:6080kiB  reps:3  perf err:  6.6%
OMP: Info #276: omp_set_nested routine deprecated, please use omp_set_max_active_levels instead.
[AUTO TUNE]     [002: 27155.52]  time:1.073815e+00  MLUPS:029160  cache block size:6080kiB  reps:4  perf err:  2.5%
OMP: Info #276: omp_set_nested routine deprecated, please use omp_set_max_active_levels instead.
[AUTO TUNE]     [002: 27310.41]  time:1.352452e+00  MLUPS:036936  cache block size:6080kiB  reps:5  perf err:  0.6%
OMP: Info #276: omp_set_nested routine deprecated, please use omp_set_max_active_levels instead.
[AUTO TUNE]     [003: 37592.94]  time:1.551355e-01  MLUPS:005832  cache block size:7600kiB  reps:1  perf err: 100.0%
OMP: Info #276: omp_set_nested routine deprecated, please use omp_set_max_active_levels instead.
[AUTO TUNE]     [003: 30401.86]  time:4.476041e-01  MLUPS:013608  cache block size:7600kiB  reps:2  perf err: 23.7%
OMP: Info #276: omp_set_nested routine deprecated, please use omp_set_max_active_levels instead.
[AUTO TUNE]     [003: 28549.37]  time:7.490182e-01  MLUPS:021384  cache block size:7600kiB  reps:3  perf err:  6.5%
OMP: Info #276: omp_set_nested routine deprecated, please use omp_set_max_active_levels instead.
[AUTO TUNE]     [003: 28195.96]  time:1.034191e+00  MLUPS:029160  cache block size:7600kiB  reps:4  perf err:  1.3%
OMP: Info #276: omp_set_nested routine deprecated, please use omp_set_max_active_levels instead.
[AUTO TUNE]     [004: 38397.55]  time:1.518847e-01  MLUPS:005832  cache block size:9120kiB  reps:1  perf err: 100.0%
OMP: Info #276: omp_set_nested routine deprecated, please use omp_set_max_active_levels instead.
[AUTO TUNE]     [004: 30765.28]  time:4.423168e-01  MLUPS:013608  cache block size:9120kiB  reps:2  perf err: 24.8%
OMP: Info #276: omp_set_nested routine deprecated, please use omp_set_max_active_levels instead.
[AUTO TUNE]     [004: 29354.24]  time:7.284808e-01  MLUPS:021384  cache block size:9120kiB  reps:3  perf err:  4.8%
OMP: Info #276: omp_set_nested routine deprecated, please use omp_set_max_active_levels instead.
[AUTO TUNE]     [004: 28225.38]  time:1.033113e+00  MLUPS:029160  cache block size:9120kiB  reps:4  perf err:  4.0%
OMP: Info #276: omp_set_nested routine deprecated, please use omp_set_max_active_levels instead.
[AUTO TUNE]     [004: 27958.94]  time:1.321080e+00  MLUPS:036936  cache block size:9120kiB  reps:5  perf err:  1.0%
[AUTO TUNE]   Diamond width:08  [wavefronts #: pefromance (MLUPS/s)]
OMP: Info #276: omp_set_nested routine deprecated, please use omp_set_max_active_levels instead.
[AUTO TUNE]     [001: 46118.41]  time:2.107618e-01  MLUPS:009720  cache block size:14288kiB  reps:1  perf err: 100.0%
OMP: Info #276: omp_set_nested routine deprecated, please use omp_set_max_active_levels instead.
[AUTO TUNE]     [001: 41920.31]  time:6.028581e-01  MLUPS:025272  cache block size:14288kiB  reps:2  perf err: 10.0%
OMP: Info #276: omp_set_nested routine deprecated, please use omp_set_max_active_levels instead.
[AUTO TUNE]     [001: 41406.85]  time:9.859239e-01  MLUPS:040824  cache block size:14288kiB  reps:3  perf err:  1.2%
OMP: Info #276: omp_set_nested routine deprecated, please use omp_set_max_active_levels instead.
[AUTO TUNE]     [002: 50677.16]  time:1.918024e-01  MLUPS:009720  cache block size:17024kiB  reps:1  perf err: 100.0%
OMP: Info #276: omp_set_nested routine deprecated, please use omp_set_max_active_levels instead.
[AUTO TUNE]     [002: 45911.91]  time:5.504454e-01  MLUPS:025272  cache block size:17024kiB  reps:2  perf err: 10.4%
OMP: Info #276: omp_set_nested routine deprecated, please use omp_set_max_active_levels instead.
[AUTO TUNE]     [002: 45592.18]  time:8.954167e-01  MLUPS:040824  cache block size:17024kiB  reps:3  perf err:  0.7%
OMP: Info #276: omp_set_nested routine deprecated, please use omp_set_max_active_levels instead.
[AUTO TUNE]     [003: 52062.01]  time:1.867004e-01  MLUPS:009720  cache block size:19760kiB  reps:1  perf err: 100.0%
OMP: Info #276: omp_set_nested routine deprecated, please use omp_set_max_active_levels instead.
[AUTO TUNE]     [003: 47275.98]  time:5.345633e-01  MLUPS:025272  cache block size:19760kiB  reps:2  perf err: 10.1%
OMP: Info #276: omp_set_nested routine deprecated, please use omp_set_max_active_levels instead.
[AUTO TUNE]     [003: 46663.50]  time:8.748593e-01  MLUPS:040824  cache block size:19760kiB  reps:3  perf err:  1.3%
OMP: Info #276: omp_set_nested routine deprecated, please use omp_set_max_active_levels instead.
[AUTO TUNE]     [004: 51830.85]  time:1.875331e-01  MLUPS:009720  cache block size:22496kiB  reps:1  perf err: 100.0%
OMP: Info #276: omp_set_nested routine deprecated, please use omp_set_max_active_levels instead.
[AUTO TUNE]     [004: 48195.92]  time:5.243598e-01  MLUPS:025272  cache block size:22496kiB  reps:2  perf err:  7.5%
OMP: Info #276: omp_set_nested routine deprecated, please use omp_set_max_active_levels instead.
[AUTO TUNE]     [004: 47474.14]  time:8.599208e-01  MLUPS:040824  cache block size:22496kiB  reps:3  perf err:  1.5%
OMP: Info #276: omp_set_nested routine deprecated, please use omp_set_max_active_levels instead.
[AUTO TUNE]     [005: 53629.60]  time:1.812432e-01  MLUPS:009720  cache block size:25232kiB  reps:1  perf err: 100.0%
OMP: Info #276: omp_set_nested routine deprecated, please use omp_set_max_active_levels instead.
[AUTO TUNE]     [005: 48335.28]  time:5.228479e-01  MLUPS:025272  cache block size:25232kiB  reps:2  perf err: 11.0%
OMP: Info #276: omp_set_nested routine deprecated, please use omp_set_max_active_levels instead.
[AUTO TUNE]     [005: 47538.47]  time:8.587572e-01  MLUPS:040824  cache block size:25232kiB  reps:3  perf err:  1.7%
OMP: Info #276: omp_set_nested routine deprecated, please use omp_set_max_active_levels instead.
[AUTO TUNE]     [006: 53446.37]  time:1.818646e-01  MLUPS:009720  cache block size:27968kiB  reps:1  perf err: 100.0%
OMP: Info #276: omp_set_nested routine deprecated, please use omp_set_max_active_levels instead.
[AUTO TUNE]     [006: 48922.78]  time:5.165692e-01  MLUPS:025272  cache block size:27968kiB  reps:2  perf err:  9.2%
OMP: Info #276: omp_set_nested routine deprecated, please use omp_set_max_active_levels instead.
[AUTO TUNE]     [006: 47897.69]  time:8.523168e-01  MLUPS:040824  cache block size:27968kiB  reps:3  perf err:  2.1%
OMP: Info #276: omp_set_nested routine deprecated, please use omp_set_max_active_levels instead.
[AUTO TUNE]     [007: 54312.16]  time:1.789654e-01  MLUPS:009720  cache block size:30704kiB  reps:1  perf err: 100.0%
OMP: Info #276: omp_set_nested routine deprecated, please use omp_set_max_active_levels instead.
[AUTO TUNE]     [007: 49294.09]  time:5.126781e-01  MLUPS:025272  cache block size:30704kiB  reps:2  perf err: 10.2%
OMP: Info #276: omp_set_nested routine deprecated, please use omp_set_max_active_levels instead.
[AUTO TUNE]     [007: 47855.37]  time:8.530703e-01  MLUPS:040824  cache block size:30704kiB  reps:3  perf err:  3.0%
OMP: Info #276: omp_set_nested routine deprecated, please use omp_set_max_active_levels instead.
[AUTO TUNE]     [007: 47515.98]  time:1.186464e+00  MLUPS:056376  cache block size:30704kiB  reps:4  perf err:  0.7%
[AUTO TUNE]   Diamond width:12  [wavefronts #: pefromance (MLUPS/s)]
OMP: Info #276: omp_set_nested routine deprecated, please use omp_set_max_active_levels instead.
[AUTO TUNE]     [001: 49744.93]  time:2.735555e-01  MLUPS:013608  cache block size:28880kiB  reps:1  perf err: 100.0%
OMP: Info #276: omp_set_nested routine deprecated, please use omp_set_max_active_levels instead.
[AUTO TUNE]     [001: 48513.15]  time:7.613606e-01  MLUPS:036936  cache block size:28880kiB  reps:2  perf err:  2.5%
OMP: Info #276: omp_set_nested routine deprecated, please use omp_set_max_active_levels instead.
[AUTO TUNE]     [001: 48526.63]  time:1.241875e+00  MLUPS:060264  cache block size:28880kiB  reps:3  perf err:  0.0%
OMP: Info #276: omp_set_nested routine deprecated, please use omp_set_max_active_levels instead.
[AUTO TUNE]     [002: 54674.96]  time:2.488891e-01  MLUPS:013608  cache block size:32832kiB  reps:1  perf err: 100.0%
OMP: Info #276: omp_set_nested routine deprecated, please use omp_set_max_active_levels instead.
[AUTO TUNE]     [002: 51674.08]  time:7.147878e-01  MLUPS:036936  cache block size:32832kiB  reps:2  perf err:  5.8%
OMP: Info #276: omp_set_nested routine deprecated, please use omp_set_max_active_levels instead.
[AUTO TUNE]     [002: 52367.38]  time:1.150793e+00  MLUPS:060264  cache block size:32832kiB  reps:3  perf err:  1.3%
OMP: Info #276: omp_set_nested routine deprecated, please use omp_set_max_active_levels instead.
[AUTO TUNE]     [003: 55921.27]  time:2.433421e-01  MLUPS:013608  cache block size:36784kiB  reps:1  perf err: 100.0%
OMP: Info #276: omp_set_nested routine deprecated, please use omp_set_max_active_levels instead.
[AUTO TUNE]     [003: 53968.90]  time:6.843942e-01  MLUPS:036936  cache block size:36784kiB  reps:2  perf err:  3.6%
OMP: Info #276: omp_set_nested routine deprecated, please use omp_set_max_active_levels instead.
[AUTO TUNE]     [003: 53654.21]  time:1.123192e+00  MLUPS:060264  cache block size:36784kiB  reps:3  perf err:  0.6%
OMP: Info #276: omp_set_nested routine deprecated, please use omp_set_max_active_levels instead.
[AUTO TUNE]     [004: 55991.14]  time:2.430384e-01  MLUPS:013608  cache block size:40736kiB  reps:1  perf err: 100.0%
OMP: Info #276: omp_set_nested routine deprecated, please use omp_set_max_active_levels instead.
[AUTO TUNE]     [004: 54749.41]  time:6.746374e-01  MLUPS:036936  cache block size:40736kiB  reps:2  perf err:  2.3%
OMP: Info #276: omp_set_nested routine deprecated, please use omp_set_max_active_levels instead.
[AUTO TUNE]     [005: 57187.23]  time:2.379552e-01  MLUPS:013608  cache block size:44688kiB  reps:1  perf err: 100.0%
OMP: Info #276: omp_set_nested routine deprecated, please use omp_set_max_active_levels instead.
[AUTO TUNE]     [005: 53953.53]  time:6.845891e-01  MLUPS:036936  cache block size:44688kiB  reps:2  perf err:  6.0%
OMP: Info #276: omp_set_nested routine deprecated, please use omp_set_max_active_levels instead.
[AUTO TUNE]     [005: 55321.25]  time:1.089346e+00  MLUPS:060264  cache block size:44688kiB  reps:3  perf err:  2.5%
OMP: Info #276: omp_set_nested routine deprecated, please use omp_set_max_active_levels instead.
[AUTO TUNE]     [006: 57067.01]  time:2.384565e-01  MLUPS:013608  cache block size:48640kiB  reps:1  perf err: 100.0%
OMP: Info #276: omp_set_nested routine deprecated, please use omp_set_max_active_levels instead.
[AUTO TUNE]     [006: 56304.47]  time:6.560048e-01  MLUPS:036936  cache block size:48640kiB  reps:2  perf err:  1.4%
OMP: Info #276: omp_set_nested routine deprecated, please use omp_set_max_active_levels instead.
[AUTO TUNE]     [007: 58018.13]  time:2.345474e-01  MLUPS:013608  cache block size:52592kiB  reps:1  perf err: 100.0%
OMP: Info #276: omp_set_nested routine deprecated, please use omp_set_max_active_levels instead.
[AUTO TUNE]     [007: 56568.48]  time:6.529431e-01  MLUPS:036936  cache block size:52592kiB  reps:2  perf err:  2.6%
OMP: Info #276: omp_set_nested routine deprecated, please use omp_set_max_active_levels instead.
[AUTO TUNE]     [007: 56109.50]  time:1.074043e+00  MLUPS:060264  cache block size:52592kiB  reps:3  perf err:  0.8%
[AUTO TUNE]   Diamond width:20  [wavefronts #: pefromance (MLUPS/s)]
OMP: Info #276: omp_set_nested routine deprecated, please use omp_set_max_active_levels instead.
[AUTO TUNE]     [001: 50868.63]  time:4.203770e-01  MLUPS:021384  cache block size:72656kiB  reps:1  perf err: 100.0%
OMP: Info #276: omp_set_nested routine deprecated, please use omp_set_max_active_levels instead.
[AUTO TUNE]     [001: 52031.83]  time:1.158214e+00  MLUPS:060264  cache block size:72656kiB  reps:2  perf err:  2.2%
OMP: Info #276: omp_set_nested routine deprecated, please use omp_set_max_active_levels instead.
[AUTO TUNE]     [002: 55545.74]  time:3.849800e-01  MLUPS:021384  cache block size:79040kiB  reps:1  perf err: 100.0%
OMP: Info #276: omp_set_nested routine deprecated, please use omp_set_max_active_levels instead.
[AUTO TUNE]     [002: 51917.29]  time:1.160769e+00  MLUPS:060264  cache block size:79040kiB  reps:2  perf err:  7.0%
OMP: Info #276: omp_set_nested routine deprecated, please use omp_set_max_active_levels instead.
[AUTO TUNE]     [002: 59017.60]  time:1.679906e+00  MLUPS:099144  cache block size:79040kiB  reps:3  perf err: 12.0%
OMP: Info #276: omp_set_nested routine deprecated, please use omp_set_max_active_levels instead.
[AUTO TUNE]     [002: 58763.85]  time:2.348791e+00  MLUPS:138024  cache block size:79040kiB  reps:4  perf err:  0.4%
OMP: Info #276: omp_set_nested routine deprecated, please use omp_set_max_active_levels instead.
[AUTO TUNE]     [003: 58427.22]  time:3.659938e-01  MLUPS:021384  cache block size:85424kiB  reps:1  perf err: 100.0%
OMP: Info #276: omp_set_nested routine deprecated, please use omp_set_max_active_levels instead.
[AUTO TUNE]     [003: 60462.81]  time:9.967118e-01  MLUPS:060264  cache block size:85424kiB  reps:2  perf err:  3.4%
OMP: Info #276: omp_set_nested routine deprecated, please use omp_set_max_active_levels instead.
[AUTO TUNE]     [003: 61650.98]  time:1.608150e+00  MLUPS:099144  cache block size:85424kiB  reps:3  perf err:  1.9%
OMP: Info #276: omp_set_nested routine deprecated, please use omp_set_max_active_levels instead.
[AUTO TUNE]     [004: 62303.72]  time:3.432219e-01  MLUPS:021384  cache block size:91808kiB  reps:1  perf err: 100.0%
OMP: Info #276: omp_set_nested routine deprecated, please use omp_set_max_active_levels instead.
[AUTO TUNE]     [004: 61845.59]  time:9.744269e-01  MLUPS:060264  cache block size:91808kiB  reps:2  perf err:  0.7%
OMP: Info #276: omp_set_nested routine deprecated, please use omp_set_max_active_levels instead.
[AUTO TUNE]     [005: 52246.29]  time:4.092922e-01  MLUPS:021384  cache block size:98192kiB  reps:1  perf err: 100.0%
OMP: Info #276: omp_set_nested routine deprecated, please use omp_set_max_active_levels instead.
[AUTO TUNE]     [005: 62786.53]  time:9.598238e-01  MLUPS:060264  cache block size:98192kiB  reps:2  perf err: 16.8%
OMP: Info #276: omp_set_nested routine deprecated, please use omp_set_max_active_levels instead.
[AUTO TUNE]     [005: 64073.83]  time:1.547340e+00  MLUPS:099144  cache block size:98192kiB  reps:3  perf err:  2.0%
OMP: Info #276: omp_set_nested routine deprecated, please use omp_set_max_active_levels instead.
[AUTO TUNE]     [006: 63959.52]  time:3.343365e-01  MLUPS:021384  cache block size:104576kiB  reps:1  perf err: 100.0%
OMP: Info #276: omp_set_nested routine deprecated, please use omp_set_max_active_levels instead.
[AUTO TUNE]     [006: 61438.79]  time:9.808787e-01  MLUPS:060264  cache block size:104576kiB  reps:2  perf err:  4.1%
OMP: Info #276: omp_set_nested routine deprecated, please use omp_set_max_active_levels instead.
[AUTO TUNE]     [006: 64938.07]  time:1.526747e+00  MLUPS:099144  cache block size:104576kiB  reps:3  perf err:  5.4%
OMP: Info #276: omp_set_nested routine deprecated, please use omp_set_max_active_levels instead.
[AUTO TUNE]     [006: 63043.62]  time:2.189341e+00  MLUPS:138024  cache block size:104576kiB  reps:4  perf err:  3.0%
OMP: Info #276: omp_set_nested routine deprecated, please use omp_set_max_active_levels instead.
[AUTO TUNE]     [006: 64945.11]  time:2.723900e+00  MLUPS:176904  cache block size:104576kiB  reps:5  perf err:  2.9%
OMP: Info #276: omp_set_nested routine deprecated, please use omp_set_max_active_levels instead.
[AUTO TUNE]     [006: 65487.56]  time:3.295038e+00  MLUPS:215784  cache block size:104576kiB  reps:6  perf err:  0.8%
OMP: Info #276: omp_set_nested routine deprecated, please use omp_set_max_active_levels instead.
[AUTO TUNE]     [007: 50008.96]  time:4.276034e-01  MLUPS:021384  cache block size:110960kiB  reps:1  perf err: 100.0%
OMP: Info #276: omp_set_nested routine deprecated, please use omp_set_max_active_levels instead.
[AUTO TUNE]     [007: 59686.05]  time:1.009683e+00  MLUPS:060264  cache block size:110960kiB  reps:2  perf err: 16.2%
OMP: Info #276: omp_set_nested routine deprecated, please use omp_set_max_active_levels instead.
[AUTO TUNE]     [007: 65062.60]  time:1.523825e+00  MLUPS:099144  cache block size:110960kiB  reps:3  perf err:  8.3%
OMP: Info #276: omp_set_nested routine deprecated, please use omp_set_max_active_levels instead.
[AUTO TUNE]     [007: 65369.11]  time:2.111456e+00  MLUPS:138024  cache block size:110960kiB  reps:4  perf err:  0.5%
[AUTO TUNE] COMPLETE tune case #04: Thread group size:04  thc:01  thx:02  thy:02  thz:01  t_dim:09  bs_z:06  perf:65487.56 MLUP/s

[AUTO TUNE] START tune case #05: Thread group size:04  thc:01  thx:02  thy:01  thz:02  Possilbe diam width: 4 8 12 20
[AUTO TUNE]   Diamond width:04  [wavefronts #: pefromance (MLUPS/s)]
OMP: Info #276: omp_set_nested routine deprecated, please use omp_set_max_active_levels instead.
[AUTO TUNE]     [002: 35030.45]  time:1.664837e-01  MLUPS:005832  cache block size:6080kiB  reps:1  perf err: 100.0%
OMP: Info #276: omp_set_nested routine deprecated, please use omp_set_max_active_levels instead.
[AUTO TUNE]     [002: 28350.68]  time:4.799885e-01  MLUPS:013608  cache block size:6080kiB  reps:2  perf err: 23.6%
OMP: Info #276: omp_set_nested routine deprecated, please use omp_set_max_active_levels instead.
[AUTO TUNE]     [002: 26753.96]  time:7.992835e-01  MLUPS:021384  cache block size:6080kiB  reps:3  perf err:  6.0%
OMP: Info #276: omp_set_nested routine deprecated, please use omp_set_max_active_levels instead.
[AUTO TUNE]     [002: 26206.80]  time:1.112688e+00  MLUPS:029160  cache block size:6080kiB  reps:4  perf err:  2.1%
OMP: Info #276: omp_set_nested routine deprecated, please use omp_set_max_active_levels instead.
[AUTO TUNE]     [004: 36116.25]  time:1.614786e-01  MLUPS:005832  cache block size:9120kiB  reps:1  perf err: 100.0%
OMP: Info #276: omp_set_nested routine deprecated, please use omp_set_max_active_levels instead.
[AUTO TUNE]     [004: 29308.75]  time:4.642981e-01  MLUPS:013608  cache block size:9120kiB  reps:2  perf err: 23.2%
OMP: Info #276: omp_set_nested routine deprecated, please use omp_set_max_active_levels instead.
[AUTO TUNE]     [004: 27452.80]  time:7.789368e-01  MLUPS:021384  cache block size:9120kiB  reps:3  perf err:  6.8%
OMP: Info #276: omp_set_nested routine deprecated, please use omp_set_max_active_levels instead.
[AUTO TUNE]     [004: 27257.48]  time:1.069798e+00  MLUPS:029160  cache block size:9120kiB  reps:4  perf err:  0.7%
OMP: Info #276: omp_set_nested routine deprecated, please use omp_set_max_active_levels instead.
[AUTO TUNE]     [006: 38334.40]  time:1.521349e-01  MLUPS:005832  cache block size:12160kiB  reps:1  perf err: 100.0%
OMP: Info #276: omp_set_nested routine deprecated, please use omp_set_max_active_levels instead.
[AUTO TUNE]     [006: 30665.28]  time:4.437592e-01  MLUPS:013608  cache block size:12160kiB  reps:2  perf err: 25.0%
OMP: Info #276: omp_set_nested routine deprecated, please use omp_set_max_active_levels instead.
[AUTO TUNE]     [006: 29549.05]  time:7.236780e-01  MLUPS:021384  cache block size:12160kiB  reps:3  perf err:  3.8%
OMP: Info #276: omp_set_nested routine deprecated, please use omp_set_max_active_levels instead.
[AUTO TUNE]     [006: 28772.01]  time:1.013485e+00  MLUPS:029160  cache block size:12160kiB  reps:4  perf err:  2.7%
OMP: Info #276: omp_set_nested routine deprecated, please use omp_set_max_active_levels instead.
[AUTO TUNE]     [006: 28565.08]  time:1.293047e+00  MLUPS:036936  cache block size:12160kiB  reps:5  perf err:  0.7%
OMP: Info #276: omp_set_nested routine deprecated, please use omp_set_max_active_levels instead.
[AUTO TUNE]     [008: 41619.91]  time:1.401252e-01  MLUPS:005832  cache block size:15200kiB  reps:1  perf err: 100.0%
OMP: Info #276: omp_set_nested routine deprecated, please use omp_set_max_active_levels instead.
[AUTO TUNE]     [008: 32901.92]  time:4.135929e-01  MLUPS:013608  cache block size:15200kiB  reps:2  perf err: 26.5%
OMP: Info #276: omp_set_nested routine deprecated, please use omp_set_max_active_levels instead.
[AUTO TUNE]     [008: 31209.68]  time:6.851719e-01  MLUPS:021384  cache block size:15200kiB  reps:3  perf err:  5.4%
OMP: Info #276: omp_set_nested routine deprecated, please use omp_set_max_active_levels instead.
[AUTO TUNE]     [008: 30399.20]  time:9.592358e-01  MLUPS:029160  cache block size:15200kiB  reps:4  perf err:  2.7%
OMP: Info #276: omp_set_nested routine deprecated, please use omp_set_max_active_levels instead.
[AUTO TUNE]     [008: 30266.18]  time:1.220372e+00  MLUPS:036936  cache block size:15200kiB  reps:5  perf err:  0.4%
OMP: Info #276: omp_set_nested routine deprecated, please use omp_set_max_active_levels instead.
[AUTO TUNE]     [010: 41546.57]  time:1.403726e-01  MLUPS:005832  cache block size:18240kiB  reps:1  perf err: 100.0%
OMP: Info #276: omp_set_nested routine deprecated, please use omp_set_max_active_levels instead.
[AUTO TUNE]     [010: 33323.19]  time:4.083643e-01  MLUPS:013608  cache block size:18240kiB  reps:2  perf err: 24.7%
OMP: Info #276: omp_set_nested routine deprecated, please use omp_set_max_active_levels instead.
[AUTO TUNE]     [010: 32073.82]  time:6.667120e-01  MLUPS:021384  cache block size:18240kiB  reps:3  perf err:  3.9%
OMP: Info #276: omp_set_nested routine deprecated, please use omp_set_max_active_levels instead.
[AUTO TUNE]     [010: 30654.36]  time:9.512513e-01  MLUPS:029160  cache block size:18240kiB  reps:4  perf err:  4.6%
OMP: Info #276: omp_set_nested routine deprecated, please use omp_set_max_active_levels instead.
[AUTO TUNE]     [010: 30925.63]  time:1.194349e+00  MLUPS:036936  cache block size:18240kiB  reps:5  perf err:  0.9%
OMP: Info #276: omp_set_nested routine deprecated, please use omp_set_max_active_levels instead.
[AUTO TUNE]     [012: 40977.72]  time:1.423212e-01  MLUPS:005832  cache block size:21280kiB  reps:1  perf err: 100.0%
OMP: Info #276: omp_set_nested routine deprecated, please use omp_set_max_active_levels instead.
[AUTO TUNE]     [012: 33883.18]  time:4.016152e-01  MLUPS:013608  cache block size:21280kiB  reps:2  perf err: 20.9%
OMP: Info #276: omp_set_nested routine deprecated, please use omp_set_max_active_levels instead.
[AUTO TUNE]     [012: 31690.75]  time:6.747711e-01  MLUPS:021384  cache block size:21280kiB  reps:3  perf err:  6.9%
OMP: Info #276: omp_set_nested routine deprecated, please use omp_set_max_active_levels instead.
[AUTO TUNE]     [012: 31348.37]  time:9.301920e-01  MLUPS:029160  cache block size:21280kiB  reps:4  perf err:  1.1%
OMP: Info #276: omp_set_nested routine deprecated, please use omp_set_max_active_levels instead.
[AUTO TUNE]     [014: 41541.58]  time:1.403894e-01  MLUPS:005832  cache block size:24320kiB  reps:1  perf err: 100.0%
OMP: Info #276: omp_set_nested routine deprecated, please use omp_set_max_active_levels instead.
[AUTO TUNE]     [014: 33581.67]  time:4.052211e-01  MLUPS:013608  cache block size:24320kiB  reps:2  perf err: 23.7%
OMP: Info #276: omp_set_nested routine deprecated, please use omp_set_max_active_levels instead.
[AUTO TUNE]     [014: 31811.29]  time:6.722142e-01  MLUPS:021384  cache block size:24320kiB  reps:3  perf err:  5.6%
OMP: Info #276: omp_set_nested routine deprecated, please use omp_set_max_active_levels instead.
[AUTO TUNE]     [014: 30820.41]  time:9.461262e-01  MLUPS:029160  cache block size:24320kiB  reps:4  perf err:  3.2%
OMP: Info #276: omp_set_nested routine deprecated, please use omp_set_max_active_levels instead.
[AUTO TUNE]     [014: 30303.03]  time:1.218888e+00  MLUPS:036936  cache block size:24320kiB  reps:5  perf err:  1.7%
[AUTO TUNE]   Diamond width:08  [wavefronts #: pefromance (MLUPS/s)]
OMP: Info #276: omp_set_nested routine deprecated, please use omp_set_max_active_levels instead.
[AUTO TUNE]     [002: 48076.83]  time:2.021764e-01  MLUPS:009720  cache block size:17024kiB  reps:1  perf err: 100.0%
OMP: Info #276: omp_set_nested routine deprecated, please use omp_set_max_active_levels instead.
[AUTO TUNE]     [002: 43169.17]  time:5.854178e-01  MLUPS:025272  cache block size:17024kiB  reps:2  perf err: 11.4%
OMP: Info #276: omp_set_nested routine deprecated, please use omp_set_max_active_levels instead.
[AUTO TUNE]     [002: 42285.73]  time:9.654321e-01  MLUPS:040824  cache block size:17024kiB  reps:3  perf err:  2.1%
OMP: Info #276: omp_set_nested routine deprecated, please use omp_set_max_active_levels instead.
[AUTO TUNE]     [004: 49161.69]  time:1.977149e-01  MLUPS:009720  cache block size:22496kiB  reps:1  perf err: 100.0%
OMP: Info #276: omp_set_nested routine deprecated, please use omp_set_max_active_levels instead.
[AUTO TUNE]     [004: 43867.73]  time:5.760954e-01  MLUPS:025272  cache block size:22496kiB  reps:2  perf err: 12.1%
OMP: Info #276: omp_set_nested routine deprecated, please use omp_set_max_active_levels instead.
[AUTO TUNE]     [004: 43477.46]  time:9.389693e-01  MLUPS:040824  cache block size:22496kiB  reps:3  perf err:  0.9%
OMP: Info #276: omp_set_nested routine deprecated, please use omp_set_max_active_levels instead.
[AUTO TUNE]     [006: 51075.02]  time:1.903083e-01  MLUPS:009720  cache block size:27968kiB  reps:1  perf err: 100.0%
OMP: Info #276: omp_set_nested routine deprecated, please use omp_set_max_active_levels instead.
[AUTO TUNE]     [006: 46765.53]  time:5.403981e-01  MLUPS:025272  cache block size:27968kiB  reps:2  perf err:  9.2%
OMP: Info #276: omp_set_nested routine deprecated, please use omp_set_max_active_levels instead.
[AUTO TUNE]     [006: 45783.88]  time:8.916676e-01  MLUPS:040824  cache block size:27968kiB  reps:3  perf err:  2.1%
OMP: Info #276: omp_set_nested routine deprecated, please use omp_set_max_active_levels instead.
[AUTO TUNE]     [008: 53326.54]  time:1.822732e-01  MLUPS:009720  cache block size:33440kiB  reps:1  perf err: 100.0%
OMP: Info #276: omp_set_nested routine deprecated, please use omp_set_max_active_levels instead.
[AUTO TUNE]     [008: 48876.03]  time:5.170633e-01  MLUPS:025272  cache block size:33440kiB  reps:2  perf err:  9.1%
OMP: Info #276: omp_set_nested routine deprecated, please use omp_set_max_active_levels instead.
[AUTO TUNE]     [008: 47893.95]  time:8.523832e-01  MLUPS:040824  cache block size:33440kiB  reps:3  perf err:  2.1%
OMP: Info #276: omp_set_nested routine deprecated, please use omp_set_max_active_levels instead.
[AUTO TUNE]     [010: 55105.95]  time:1.763875e-01  MLUPS:009720  cache block size:38912kiB  reps:1  perf err: 100.0%
OMP: Info #276: omp_set_nested routine deprecated, please use omp_set_max_active_levels instead.
[AUTO TUNE]     [010: 49772.56]  time:5.077496e-01  MLUPS:025272  cache block size:38912kiB  reps:2  perf err: 10.7%
OMP: Info #276: omp_set_nested routine deprecated, please use omp_set_max_active_levels instead.
[AUTO TUNE]     [010: 49143.35]  time:8.307126e-01  MLUPS:040824  cache block size:38912kiB  reps:3  perf err:  1.3%
OMP: Info #276: omp_set_nested routine deprecated, please use omp_set_max_active_levels instead.
[AUTO TUNE]     [012: 54544.10]  time:1.782044e-01  MLUPS:009720  cache block size:44384kiB  reps:1  perf err: 100.0%
OMP: Info #276: omp_set_nested routine deprecated, please use omp_set_max_active_levels instead.
[AUTO TUNE]     [012: 50934.36]  time:4.961680e-01  MLUPS:025272  cache block size:44384kiB  reps:2  perf err:  7.1%
OMP: Info #276: omp_set_nested routine deprecated, please use omp_set_max_active_levels instead.
[AUTO TUNE]     [012: 49680.32]  time:8.217339e-01  MLUPS:040824  cache block size:44384kiB  reps:3  perf err:  2.5%
OMP: Info #276: omp_set_nested routine deprecated, please use omp_set_max_active_levels instead.
[AUTO TUNE]     [012: 49250.81]  time:1.144671e+00  MLUPS:056376  cache block size:44384kiB  reps:4  perf err:  0.9%
OMP: Info #276: omp_set_nested routine deprecated, please use omp_set_max_active_levels instead.
[AUTO TUNE]     [014: 56414.47]  time:1.722962e-01  MLUPS:009720  cache block size:49856kiB  reps:1  perf err: 100.0%
OMP: Info #276: omp_set_nested routine deprecated, please use omp_set_max_active_levels instead.
[AUTO TUNE]     [014: 51297.28]  time:4.926577e-01  MLUPS:025272  cache block size:49856kiB  reps:2  perf err: 10.0%
OMP: Info #276: omp_set_nested routine deprecated, please use omp_set_max_active_levels instead.
[AUTO TUNE]     [014: 50411.75]  time:8.098113e-01  MLUPS:040824  cache block size:49856kiB  reps:3  perf err:  1.8%
OMP: Info #276: omp_set_nested routine deprecated, please use omp_set_max_active_levels instead.
[AUTO TUNE]     [016: 56959.61]  time:1.706472e-01  MLUPS:009720  cache block size:55328kiB  reps:1  perf err: 100.0%
OMP: Info #276: omp_set_nested routine deprecated, please use omp_set_max_active_levels instead.
[AUTO TUNE]     [016: 51482.95]  time:4.908809e-01  MLUPS:025272  cache block size:55328kiB  reps:2  perf err: 10.6%
OMP: Info #276: omp_set_nested routine deprecated, please use omp_set_max_active_levels instead.
[AUTO TUNE]     [016: 50611.92]  time:8.066084e-01  MLUPS:040824  cache block size:55328kiB  reps:3  perf err:  1.7%
OMP: Info #276: omp_set_nested routine deprecated, please use omp_set_max_active_levels instead.
[AUTO TUNE]     [018: 56505.21]  time:1.720195e-01  MLUPS:009720  cache block size:60800kiB  reps:1  perf err: 100.0%
OMP: Info #276: omp_set_nested routine deprecated, please use omp_set_max_active_levels instead.
[AUTO TUNE]     [018: 51999.49]  time:4.860048e-01  MLUPS:025272  cache block size:60800kiB  reps:2  perf err:  8.7%
OMP: Info #276: omp_set_nested routine deprecated, please use omp_set_max_active_levels instead.
[AUTO TUNE]     [018: 50926.45]  time:8.016266e-01  MLUPS:040824  cache block size:60800kiB  reps:3  perf err:  2.1%
OMP: Info #276: omp_set_nested routine deprecated, please use omp_set_max_active_levels instead.
[AUTO TUNE]     [020: 56876.61]  time:1.708963e-01  MLUPS:009720  cache block size:66272kiB  reps:1  perf err: 100.0%
OMP: Info #276: omp_set_nested routine deprecated, please use omp_set_max_active_levels instead.
[AUTO TUNE]     [020: 52634.65]  time:4.801400e-01  MLUPS:025272  cache block size:66272kiB  reps:2  perf err:  8.1%
OMP: Info #276: omp_set_nested routine deprecated, please use omp_set_max_active_levels instead.
[AUTO TUNE]     [020: 51706.64]  time:7.895311e-01  MLUPS:040824  cache block size:66272kiB  reps:3  perf err:  1.8%
OMP: Info #276: omp_set_nested routine deprecated, please use omp_set_max_active_levels instead.
[AUTO TUNE]     [022: 57635.79]  time:1.686452e-01  MLUPS:009720  cache block size:71744kiB  reps:1  perf err: 100.0%
OMP: Info #276: omp_set_nested routine deprecated, please use omp_set_max_active_levels instead.
[AUTO TUNE]     [022: 52332.69]  time:4.829104e-01  MLUPS:025272  cache block size:71744kiB  reps:2  perf err: 10.1%
OMP: Info #276: omp_set_nested routine deprecated, please use omp_set_max_active_levels instead.
[AUTO TUNE]     [022: 52113.61]  time:7.833654e-01  MLUPS:040824  cache block size:71744kiB  reps:3  perf err:  0.4%
OMP: Info #276: omp_set_nested routine deprecated, please use omp_set_max_active_levels instead.
[AUTO TUNE]     [024: 57983.00]  time:1.676353e-01  MLUPS:009720  cache block size:77216kiB  reps:1  perf err: 100.0%
OMP: Info #276: omp_set_nested routine deprecated, please use omp_set_max_active_levels instead.
[AUTO TUNE]     [024: 52646.86]  time:4.800287e-01  MLUPS:025272  cache block size:77216kiB  reps:2  perf err: 10.1%
OMP: Info #276: omp_set_nested routine deprecated, please use omp_set_max_active_levels instead.
[AUTO TUNE]     [024: 52050.84]  time:7.843101e-01  MLUPS:040824  cache block size:77216kiB  reps:3  perf err:  1.1%
[AUTO TUNE]   Diamond width:12  [wavefronts #: pefromance (MLUPS/s)]
OMP: Info #276: omp_set_nested routine deprecated, please use omp_set_max_active_levels instead.
[AUTO TUNE]     [002: 50433.11]  time:2.698227e-01  MLUPS:013608  cache block size:32832kiB  reps:1  perf err: 100.0%
OMP: Info #276: omp_set_nested routine deprecated, please use omp_set_max_active_levels instead.
[AUTO TUNE]     [002: 48718.01]  time:7.581590e-01  MLUPS:036936  cache block size:32832kiB  reps:2  perf err:  3.5%
OMP: Info #276: omp_set_nested routine deprecated, please use omp_set_max_active_levels instead.
[AUTO TUNE]     [002: 47661.89]  time:1.264406e+00  MLUPS:060264  cache block size:32832kiB  reps:3  perf err:  2.2%
OMP: Info #276: omp_set_nested routine deprecated, please use omp_set_max_active_levels instead.
[AUTO TUNE]     [004: 52988.28]  time:2.568115e-01  MLUPS:013608  cache block size:40736kiB  reps:1  perf err: 100.0%
OMP: Info #276: omp_set_nested routine deprecated, please use omp_set_max_active_levels instead.
[AUTO TUNE]     [004: 50434.89]  time:7.323502e-01  MLUPS:036936  cache block size:40736kiB  reps:2  perf err:  5.1%
OMP: Info #276: omp_set_nested routine deprecated, please use omp_set_max_active_levels instead.
[AUTO TUNE]     [004: 50006.02]  time:1.205135e+00  MLUPS:060264  cache block size:40736kiB  reps:3  perf err:  0.9%
OMP: Info #276: omp_set_nested routine deprecated, please use omp_set_max_active_levels instead.
[AUTO TUNE]     [006: 55049.36]  time:2.471964e-01  MLUPS:013608  cache block size:48640kiB  reps:1  perf err: 100.0%
OMP: Info #276: omp_set_nested routine deprecated, please use omp_set_max_active_levels instead.
[AUTO TUNE]     [006: 53085.12]  time:6.957882e-01  MLUPS:036936  cache block size:48640kiB  reps:2  perf err:  3.7%
OMP: Info #276: omp_set_nested routine deprecated, please use omp_set_max_active_levels instead.
[AUTO TUNE]     [006: 52747.30]  time:1.142504e+00  MLUPS:060264  cache block size:48640kiB  reps:3  perf err:  0.6%
OMP: Info #276: omp_set_nested routine deprecated, please use omp_set_max_active_levels instead.
[AUTO TUNE]     [008: 57669.61]  time:2.359648e-01  MLUPS:013608  cache block size:56544kiB  reps:1  perf err: 100.0%
OMP: Info #276: omp_set_nested routine deprecated, please use omp_set_max_active_levels instead.
[AUTO TUNE]     [008: 55697.63]  time:6.631521e-01  MLUPS:036936  cache block size:56544kiB  reps:2  perf err:  3.5%
OMP: Info #276: omp_set_nested routine deprecated, please use omp_set_max_active_levels instead.
[AUTO TUNE]     [008: 55316.18]  time:1.089446e+00  MLUPS:060264  cache block size:56544kiB  reps:3  perf err:  0.7%
OMP: Info #276: omp_set_nested routine deprecated, please use omp_set_max_active_levels instead.
[AUTO TUNE]     [010: 58210.62]  time:2.337718e-01  MLUPS:013608  cache block size:64448kiB  reps:1  perf err: 100.0%
OMP: Info #276: omp_set_nested routine deprecated, please use omp_set_max_active_levels instead.
[AUTO TUNE]     [010: 56318.31]  time:6.558435e-01  MLUPS:036936  cache block size:64448kiB  reps:2  perf err:  3.4%
OMP: Info #276: omp_set_nested routine deprecated, please use omp_set_max_active_levels instead.
[AUTO TUNE]     [010: 54681.71]  time:1.102087e+00  MLUPS:060264  cache block size:64448kiB  reps:3  perf err:  3.0%
OMP: Info #276: omp_set_nested routine deprecated, please use omp_set_max_active_levels instead.
[AUTO TUNE]     [010: 55001.63]  time:1.519809e+00  MLUPS:083592  cache block size:64448kiB  reps:4  perf err:  0.6%
[AUTO TUNE]   Diamond width:20  [wavefronts #: pefromance (MLUPS/s)]
OMP: Info #276: omp_set_nested routine deprecated, please use omp_set_max_active_levels instead.
[AUTO TUNE]     [002: 56262.12]  time:3.800781e-01  MLUPS:021384  cache block size:79040kiB  reps:1  perf err: 100.0%
OMP: Info #276: omp_set_nested routine deprecated, please use omp_set_max_active_levels instead.
[AUTO TUNE]     [002: 55024.11]  time:1.095229e+00  MLUPS:060264  cache block size:79040kiB  reps:2  perf err:  2.2%
OMP: Info #276: omp_set_nested routine deprecated, please use omp_set_max_active_levels instead.
[AUTO TUNE]     [004: 44452.98]  time:4.810476e-01  MLUPS:021384  cache block size:91808kiB  reps:1  perf err: 100.0%
OMP: Info #276: omp_set_nested routine deprecated, please use omp_set_max_active_levels instead.
[AUTO TUNE]     [004: 57167.29]  time:1.054169e+00  MLUPS:060264  cache block size:91808kiB  reps:2  perf err: 22.2%
OMP: Info #276: omp_set_nested routine deprecated, please use omp_set_max_active_levels instead.
[AUTO TUNE]     [004: 58462.99]  time:1.695842e+00  MLUPS:099144  cache block size:91808kiB  reps:3  perf err:  2.2%
OMP: Info #276: omp_set_nested routine deprecated, please use omp_set_max_active_levels instead.
[AUTO TUNE]     [006: 50423.72]  time:4.240861e-01  MLUPS:021384  cache block size:104576kiB  reps:1  perf err: 100.0%
OMP: Info #276: omp_set_nested routine deprecated, please use omp_set_max_active_levels instead.
[AUTO TUNE]     [006: 56192.25]  time:1.072461e+00  MLUPS:060264  cache block size:104576kiB  reps:2  perf err: 10.3%
OMP: Info #276: omp_set_nested routine deprecated, please use omp_set_max_active_levels instead.
[AUTO TUNE]     [006: 60521.12]  time:1.638172e+00  MLUPS:099144  cache block size:104576kiB  reps:3  perf err:  7.2%
OMP: Info #276: omp_set_nested routine deprecated, please use omp_set_max_active_levels instead.
[AUTO TUNE]     [006: 61212.90]  time:2.254819e+00  MLUPS:138024  cache block size:104576kiB  reps:4  perf err:  1.1%
OMP: Info #276: omp_set_nested routine deprecated, please use omp_set_max_active_levels instead.
[AUTO TUNE]     [008: 49722.63]  time:4.300657e-01  MLUPS:021384  cache block size:117344kiB  reps:1  perf err: 100.0%
OMP: Info #276: omp_set_nested routine deprecated, please use omp_set_max_active_levels instead.
[AUTO TUNE]     [008: 57669.04]  time:1.044998e+00  MLUPS:060264  cache block size:117344kiB  reps:2  perf err: 13.8%
OMP: Info #276: omp_set_nested routine deprecated, please use omp_set_max_active_levels instead.
[AUTO TUNE]     [008: 61800.87]  time:1.604249e+00  MLUPS:099144  cache block size:117344kiB  reps:3  perf err:  6.7%
OMP: Info #276: omp_set_nested routine deprecated, please use omp_set_max_active_levels instead.
[AUTO TUNE]     [008: 63303.87]  time:2.180340e+00  MLUPS:138024  cache block size:117344kiB  reps:4  perf err:  2.4%
OMP: Info #276: omp_set_nested routine deprecated, please use omp_set_max_active_levels instead.
[AUTO TUNE]     [010: 61803.05]  time:3.460023e-01  MLUPS:021384  cache block size:130112kiB  reps:1  perf err: 100.0%
OMP: Info #276: omp_set_nested routine deprecated, please use omp_set_max_active_levels instead.
[AUTO TUNE]     [010: 61534.98]  time:9.793454e-01  MLUPS:060264  cache block size:130112kiB  reps:2  perf err:  0.4%
[AUTO TUNE] COMPLETE tune case #05: Thread group size:04  thc:01  thx:02  thy:01  thz:02  t_dim:09  bs_z:08  perf:63303.87 MLUP/s

[AUTO TUNE] START tune case #06: Thread group size:04  thc:01  thx:01  thy:02  thz:02  Possilbe diam width: 4 8 12 20
[AUTO TUNE]   Diamond width:04  [wavefronts #: pefromance (MLUPS/s)]
OMP: Info #276: omp_set_nested routine deprecated, please use omp_set_max_active_levels instead.
[AUTO TUNE]     [002: 31919.93]  time:1.827072e-01  MLUPS:005832  cache block size:6080kiB  reps:1  perf err: 100.0%
OMP: Info #276: omp_set_nested routine deprecated, please use omp_set_max_active_levels instead.
[AUTO TUNE]     [002: 27201.26]  time:5.002709e-01  MLUPS:013608  cache block size:6080kiB  reps:2  perf err: 17.3%
OMP: Info #276: omp_set_nested routine deprecated, please use omp_set_max_active_levels instead.
[AUTO TUNE]     [002: 26478.14]  time:8.076095e-01  MLUPS:021384  cache block size:6080kiB  reps:3  perf err:  2.7%
OMP: Info #276: omp_set_nested routine deprecated, please use omp_set_max_active_levels instead.
[AUTO TUNE]     [002: 26433.25]  time:1.103156e+00  MLUPS:029160  cache block size:6080kiB  reps:4  perf err:  0.2%
OMP: Info #276: omp_set_nested routine deprecated, please use omp_set_max_active_levels instead.
[AUTO TUNE]     [004: 32184.71]  time:1.812041e-01  MLUPS:005832  cache block size:9120kiB  reps:1  perf err: 100.0%
OMP: Info #276: omp_set_nested routine deprecated, please use omp_set_max_active_levels instead.
[AUTO TUNE]     [004: 27335.40]  time:4.978160e-01  MLUPS:013608  cache block size:9120kiB  reps:2  perf err: 17.7%
OMP: Info #276: omp_set_nested routine deprecated, please use omp_set_max_active_levels instead.
[AUTO TUNE]     [004: 26964.29]  time:7.930488e-01  MLUPS:021384  cache block size:9120kiB  reps:3  perf err:  1.4%
OMP: Info #276: omp_set_nested routine deprecated, please use omp_set_max_active_levels instead.
[AUTO TUNE]     [006: 32709.38]  time:1.782975e-01  MLUPS:005832  cache block size:12160kiB  reps:1  perf err: 100.0%
OMP: Info #276: omp_set_nested routine deprecated, please use omp_set_max_active_levels instead.
[AUTO TUNE]     [006: 26975.77]  time:5.044527e-01  MLUPS:013608  cache block size:12160kiB  reps:2  perf err: 21.3%
OMP: Info #276: omp_set_nested routine deprecated, please use omp_set_max_active_levels instead.
[AUTO TUNE]     [006: 26670.06]  time:8.017978e-01  MLUPS:021384  cache block size:12160kiB  reps:3  perf err:  1.1%
[AUTO TUNE]   Diamond width:08  [wavefronts #: pefromance (MLUPS/s)]
OMP: Info #276: omp_set_nested routine deprecated, please use omp_set_max_active_levels instead.
[AUTO TUNE]     [002: 51791.51]  time:1.876756e-01  MLUPS:009720  cache block size:17024kiB  reps:1  perf err: 100.0%
OMP: Info #276: omp_set_nested routine deprecated, please use omp_set_max_active_levels instead.
[AUTO TUNE]     [002: 47097.76]  time:5.365860e-01  MLUPS:025272  cache block size:17024kiB  reps:2  perf err: 10.0%
OMP: Info #276: omp_set_nested routine deprecated, please use omp_set_max_active_levels instead.
[AUTO TUNE]     [002: 46351.23]  time:8.807534e-01  MLUPS:040824  cache block size:17024kiB  reps:3  perf err:  1.6%
OMP: Info #276: omp_set_nested routine deprecated, please use omp_set_max_active_levels instead.
[AUTO TUNE]     [004: 53599.25]  time:1.813458e-01  MLUPS:009720  cache block size:22496kiB  reps:1  perf err: 100.0%
OMP: Info #276: omp_set_nested routine deprecated, please use omp_set_max_active_levels instead.
[AUTO TUNE]     [004: 47871.89]  time:5.279090e-01  MLUPS:025272  cache block size:22496kiB  reps:2  perf err: 12.0%
OMP: Info #276: omp_set_nested routine deprecated, please use omp_set_max_active_levels instead.
[AUTO TUNE]     [004: 47028.21]  time:8.680747e-01  MLUPS:040824  cache block size:22496kiB  reps:3  perf err:  1.8%
OMP: Info #276: omp_set_nested routine deprecated, please use omp_set_max_active_levels instead.
[AUTO TUNE]     [006: 56123.63]  time:1.731891e-01  MLUPS:009720  cache block size:27968kiB  reps:1  perf err: 100.0%
OMP: Info #276: omp_set_nested routine deprecated, please use omp_set_max_active_levels instead.
[AUTO TUNE]     [006: 50506.80]  time:5.003683e-01  MLUPS:025272  cache block size:27968kiB  reps:2  perf err: 11.1%
OMP: Info #276: omp_set_nested routine deprecated, please use omp_set_max_active_levels instead.
[AUTO TUNE]     [006: 49307.02]  time:8.279551e-01  MLUPS:040824  cache block size:27968kiB  reps:3  perf err:  2.4%
OMP: Info #276: omp_set_nested routine deprecated, please use omp_set_max_active_levels instead.
[AUTO TUNE]     [008: 58372.99]  time:1.665154e-01  MLUPS:009720  cache block size:33440kiB  reps:1  perf err: 100.0%
OMP: Info #276: omp_set_nested routine deprecated, please use omp_set_max_active_levels instead.
[AUTO TUNE]     [008: 51313.79]  time:4.924991e-01  MLUPS:025272  cache block size:33440kiB  reps:2  perf err: 13.8%
OMP: Info #276: omp_set_nested routine deprecated, please use omp_set_max_active_levels instead.
[AUTO TUNE]     [008: 50328.02]  time:8.111584e-01  MLUPS:040824  cache block size:33440kiB  reps:3  perf err:  2.0%
OMP: Info #276: omp_set_nested routine deprecated, please use omp_set_max_active_levels instead.
[AUTO TUNE]     [010: 59474.03]  time:1.634327e-01  MLUPS:009720  cache block size:38912kiB  reps:1  perf err: 100.0%
OMP: Info #276: omp_set_nested routine deprecated, please use omp_set_max_active_levels instead.
[AUTO TUNE]     [010: 51747.51]  time:4.883713e-01  MLUPS:025272  cache block size:38912kiB  reps:2  perf err: 14.9%
OMP: Info #276: omp_set_nested routine deprecated, please use omp_set_max_active_levels instead.
[AUTO TUNE]     [010: 51029.63]  time:8.000058e-01  MLUPS:040824  cache block size:38912kiB  reps:3  perf err:  1.4%
OMP: Info #276: omp_set_nested routine deprecated, please use omp_set_max_active_levels instead.
[AUTO TUNE]     [012: 59498.58]  time:1.633652e-01  MLUPS:009720  cache block size:44384kiB  reps:1  perf err: 100.0%
OMP: Info #276: omp_set_nested routine deprecated, please use omp_set_max_active_levels instead.
[AUTO TUNE]     [012: 52561.76]  time:4.808058e-01  MLUPS:025272  cache block size:44384kiB  reps:2  perf err: 13.2%
OMP: Info #276: omp_set_nested routine deprecated, please use omp_set_max_active_levels instead.
[AUTO TUNE]     [012: 51817.38]  time:7.878438e-01  MLUPS:040824  cache block size:44384kiB  reps:3  perf err:  1.4%
OMP: Info #276: omp_set_nested routine deprecated, please use omp_set_max_active_levels instead.
[AUTO TUNE]     [014: 60277.14]  time:1.612552e-01  MLUPS:009720  cache block size:49856kiB  reps:1  perf err: 100.0%
OMP: Info #276: omp_set_nested routine deprecated, please use omp_set_max_active_levels instead.
[AUTO TUNE]     [014: 53602.68]  time:4.714689e-01  MLUPS:025272  cache block size:49856kiB  reps:2  perf err: 12.5%
OMP: Info #276: omp_set_nested routine deprecated, please use omp_set_max_active_levels instead.
[AUTO TUNE]     [014: 51904.00]  time:7.865290e-01  MLUPS:040824  cache block size:49856kiB  reps:3  perf err:  3.3%
OMP: Info #276: omp_set_nested routine deprecated, please use omp_set_max_active_levels instead.
[AUTO TUNE]     [014: 51522.71]  time:1.094197e+00  MLUPS:056376  cache block size:49856kiB  reps:4  perf err:  0.7%
[AUTO TUNE]   Diamond width:12  [wavefronts #: pefromance (MLUPS/s)]
OMP: Info #276: omp_set_nested routine deprecated, please use omp_set_max_active_levels instead.
[AUTO TUNE]     [002: 56246.95]  time:2.419331e-01  MLUPS:013608  cache block size:32832kiB  reps:1  perf err: 100.0%
OMP: Info #276: omp_set_nested routine deprecated, please use omp_set_max_active_levels instead.
[AUTO TUNE]     [002: 54855.40]  time:6.733339e-01  MLUPS:036936  cache block size:32832kiB  reps:2  perf err:  2.5%
OMP: Info #276: omp_set_nested routine deprecated, please use omp_set_max_active_levels instead.
[AUTO TUNE]     [002: 54242.33]  time:1.111014e+00  MLUPS:060264  cache block size:32832kiB  reps:3  perf err:  1.1%
OMP: Info #276: omp_set_nested routine deprecated, please use omp_set_max_active_levels instead.
[AUTO TUNE]     [004: 59029.87]  time:2.305274e-01  MLUPS:013608  cache block size:40736kiB  reps:1  perf err: 100.0%
OMP: Info #276: omp_set_nested routine deprecated, please use omp_set_max_active_levels instead.
[AUTO TUNE]     [004: 55863.14]  time:6.611874e-01  MLUPS:036936  cache block size:40736kiB  reps:2  perf err:  5.7%
OMP: Info #276: omp_set_nested routine deprecated, please use omp_set_max_active_levels instead.
[AUTO TUNE]     [004: 57339.37]  time:1.051006e+00  MLUPS:060264  cache block size:40736kiB  reps:3  perf err:  2.6%
OMP: Info #276: omp_set_nested routine deprecated, please use omp_set_max_active_levels instead.
[AUTO TUNE]     [004: 57695.54]  time:1.448847e+00  MLUPS:083592  cache block size:40736kiB  reps:4  perf err:  0.6%
OMP: Info #276: omp_set_nested routine deprecated, please use omp_set_max_active_levels instead.
[AUTO TUNE]     [006: 55993.39]  time:2.430287e-01  MLUPS:013608  cache block size:48640kiB  reps:1  perf err: 100.0%
OMP: Info #276: omp_set_nested routine deprecated, please use omp_set_max_active_levels instead.
[AUTO TUNE]     [006: 60941.69]  time:6.060876e-01  MLUPS:036936  cache block size:48640kiB  reps:2  perf err:  8.1%
OMP: Info #276: omp_set_nested routine deprecated, please use omp_set_max_active_levels instead.
[AUTO TUNE]     [006: 60559.49]  time:9.951206e-01  MLUPS:060264  cache block size:48640kiB  reps:3  perf err:  0.6%
OMP: Info #276: omp_set_nested routine deprecated, please use omp_set_max_active_levels instead.
[AUTO TUNE]     [008: 63350.27]  time:2.148057e-01  MLUPS:013608  cache block size:56544kiB  reps:1  perf err: 100.0%
OMP: Info #276: omp_set_nested routine deprecated, please use omp_set_max_active_levels instead.
[AUTO TUNE]     [008: 62794.69]  time:5.882026e-01  MLUPS:036936  cache block size:56544kiB  reps:2  perf err:  0.9%
OMP: Info #276: omp_set_nested routine deprecated, please use omp_set_max_active_levels instead.
[AUTO TUNE]     [010: 65839.30]  time:2.066851e-01  MLUPS:013608  cache block size:64448kiB  reps:1  perf err: 100.0%
OMP: Info #276: omp_set_nested routine deprecated, please use omp_set_max_active_levels instead.
[AUTO TUNE]     [010: 64412.40]  time:5.734300e-01  MLUPS:036936  cache block size:64448kiB  reps:2  perf err:  2.2%
OMP: Info #276: omp_set_nested routine deprecated, please use omp_set_max_active_levels instead.
[AUTO TUNE]     [012: 66784.72]  time:2.037592e-01  MLUPS:013608  cache block size:72352kiB  reps:1  perf err: 100.0%
OMP: Info #276: omp_set_nested routine deprecated, please use omp_set_max_active_levels instead.
[AUTO TUNE]     [012: 65105.57]  time:5.673247e-01  MLUPS:036936  cache block size:72352kiB  reps:2  perf err:  2.6%
OMP: Info #276: omp_set_nested routine deprecated, please use omp_set_max_active_levels instead.
[AUTO TUNE]     [012: 63492.72]  time:9.491483e-01  MLUPS:060264  cache block size:72352kiB  reps:3  perf err:  2.5%
OMP: Info #276: omp_set_nested routine deprecated, please use omp_set_max_active_levels instead.
[AUTO TUNE]     [012: 65129.47]  time:1.283474e+00  MLUPS:083592  cache block size:72352kiB  reps:4  perf err:  2.5%
OMP: Info #276: omp_set_nested routine deprecated, please use omp_set_max_active_levels instead.
[AUTO TUNE]     [012: 64703.71]  time:1.652455e+00  MLUPS:106920  cache block size:72352kiB  reps:5  perf err:  0.7%
OMP: Info #276: omp_set_nested routine deprecated, please use omp_set_max_active_levels instead.
[AUTO TUNE]     [014: 66867.98]  time:2.035055e-01  MLUPS:013608  cache block size:80256kiB  reps:1  perf err: 100.0%
OMP: Info #276: omp_set_nested routine deprecated, please use omp_set_max_active_levels instead.
[AUTO TUNE]     [014: 65273.35]  time:5.658664e-01  MLUPS:036936  cache block size:80256kiB  reps:2  perf err:  2.4%
OMP: Info #276: omp_set_nested routine deprecated, please use omp_set_max_active_levels instead.
[AUTO TUNE]     [016: 67636.87]  time:2.011920e-01  MLUPS:013608  cache block size:88160kiB  reps:1  perf err: 100.0%
OMP: Info #276: omp_set_nested routine deprecated, please use omp_set_max_active_levels instead.
[AUTO TUNE]     [016: 64238.82]  time:5.749794e-01  MLUPS:036936  cache block size:88160kiB  reps:2  perf err:  5.3%
OMP: Info #276: omp_set_nested routine deprecated, please use omp_set_max_active_levels instead.
[AUTO TUNE]     [016: 66150.09]  time:9.110191e-01  MLUPS:060264  cache block size:88160kiB  reps:3  perf err:  2.9%
OMP: Info #276: omp_set_nested routine deprecated, please use omp_set_max_active_levels instead.
[AUTO TUNE]     [016: 65201.42]  time:1.282058e+00  MLUPS:083592  cache block size:88160kiB  reps:4  perf err:  1.5%
[AUTO TUNE]   Diamond width:20  [wavefronts #: pefromance (MLUPS/s)]
OMP: Info #276: omp_set_nested routine deprecated, please use omp_set_max_active_levels instead.
[AUTO TUNE]     [002: 57187.03]  time:3.739310e-01  MLUPS:021384  cache block size:79040kiB  reps:1  perf err: 100.0%
OMP: Info #276: omp_set_nested routine deprecated, please use omp_set_max_active_levels instead.
[AUTO TUNE]     [002: 60716.56]  time:9.925463e-01  MLUPS:060264  cache block size:79040kiB  reps:2  perf err:  5.8%
OMP: Info #276: omp_set_nested routine deprecated, please use omp_set_max_active_levels instead.
[AUTO TUNE]     [002: 61814.12]  time:1.603905e+00  MLUPS:099144  cache block size:79040kiB  reps:3  perf err:  1.8%
OMP: Info #276: omp_set_nested routine deprecated, please use omp_set_max_active_levels instead.
[AUTO TUNE]     [004: 49519.43]  time:4.318305e-01  MLUPS:021384  cache block size:91808kiB  reps:1  perf err: 100.0%
OMP: Info #276: omp_set_nested routine deprecated, please use omp_set_max_active_levels instead.
[AUTO TUNE]     [004: 64519.67]  time:9.340407e-01  MLUPS:060264  cache block size:91808kiB  reps:2  perf err: 23.2%
OMP: Info #276: omp_set_nested routine deprecated, please use omp_set_max_active_levels instead.
[AUTO TUNE]     [004: 67078.80]  time:1.478023e+00  MLUPS:099144  cache block size:91808kiB  reps:3  perf err:  3.8%
OMP: Info #276: omp_set_nested routine deprecated, please use omp_set_max_active_levels instead.
[AUTO TUNE]     [004: 67195.17]  time:2.054076e+00  MLUPS:138024  cache block size:91808kiB  reps:4  perf err:  0.2%
OMP: Info #276: omp_set_nested routine deprecated, please use omp_set_max_active_levels instead.
[AUTO TUNE]     [006: 58176.88]  time:3.675687e-01  MLUPS:021384  cache block size:104576kiB  reps:1  perf err: 100.0%
OMP: Info #276: omp_set_nested routine deprecated, please use omp_set_max_active_levels instead.
[AUTO TUNE]     [006: 70364.46]  time:8.564551e-01  MLUPS:060264  cache block size:104576kiB  reps:2  perf err: 17.3%
OMP: Info #276: omp_set_nested routine deprecated, please use omp_set_max_active_levels instead.
[AUTO TUNE]     [006: 71328.92]  time:1.389955e+00  MLUPS:099144  cache block size:104576kiB  reps:3  perf err:  1.4%
OMP: Info #276: omp_set_nested routine deprecated, please use omp_set_max_active_levels instead.
[AUTO TUNE]     [008: 53019.56]  time:4.033229e-01  MLUPS:021384  cache block size:117344kiB  reps:1  perf err: 100.0%
OMP: Info #276: omp_set_nested routine deprecated, please use omp_set_max_active_levels instead.
[AUTO TUNE]     [008: 70414.39]  time:8.558478e-01  MLUPS:060264  cache block size:117344kiB  reps:2  perf err: 24.7%
OMP: Info #276: omp_set_nested routine deprecated, please use omp_set_max_active_levels instead.
[AUTO TUNE]     [008: 74626.80]  time:1.328531e+00  MLUPS:099144  cache block size:117344kiB  reps:3  perf err:  5.6%
OMP: Info #276: omp_set_nested routine deprecated, please use omp_set_max_active_levels instead.
[AUTO TUNE]     [008: 75145.38]  time:1.836760e+00  MLUPS:138024  cache block size:117344kiB  reps:4  perf err:  0.7%
OMP: Info #276: omp_set_nested routine deprecated, please use omp_set_max_active_levels instead.
[AUTO TUNE]     [010: 63241.11]  time:3.381345e-01  MLUPS:021384  cache block size:130112kiB  reps:1  perf err: 100.0%
OMP: Info #276: omp_set_nested routine deprecated, please use omp_set_max_active_levels instead.
[AUTO TUNE]     [010: 72768.07]  time:8.281655e-01  MLUPS:060264  cache block size:130112kiB  reps:2  perf err: 13.1%
OMP: Info #276: omp_set_nested routine deprecated, please use omp_set_max_active_levels instead.
[AUTO TUNE]     [010: 75935.59]  time:1.305633e+00  MLUPS:099144  cache block size:130112kiB  reps:3  perf err:  4.2%
OMP: Info #276: omp_set_nested routine deprecated, please use omp_set_max_active_levels instead.
[AUTO TUNE]     [010: 76225.91]  time:1.810723e+00  MLUPS:138024  cache block size:130112kiB  reps:4  perf err:  0.4%
OMP: Info #276: omp_set_nested routine deprecated, please use omp_set_max_active_levels instead.
[AUTO TUNE]     [012: 71934.21]  time:2.972716e-01  MLUPS:021384  cache block size:142880kiB  reps:1  perf err: 100.0%
OMP: Info #276: omp_set_nested routine deprecated, please use omp_set_max_active_levels instead.
[AUTO TUNE]     [012: 75481.72]  time:7.983920e-01  MLUPS:060264  cache block size:142880kiB  reps:2  perf err:  4.7%
OMP: Info #276: omp_set_nested routine deprecated, please use omp_set_max_active_levels instead.
[AUTO TUNE]     [012: 76942.04]  time:1.288554e+00  MLUPS:099144  cache block size:142880kiB  reps:3  perf err:  1.9%
OMP: Info #276: omp_set_nested routine deprecated, please use omp_set_max_active_levels instead.
[AUTO TUNE]     [014: 69440.81]  time:3.079457e-01  MLUPS:021384  cache block size:155648kiB  reps:1  perf err: 100.0%
OMP: Info #276: omp_set_nested routine deprecated, please use omp_set_max_active_levels instead.
[AUTO TUNE]     [014: 76541.94]  time:7.873331e-01  MLUPS:060264  cache block size:155648kiB  reps:2  perf err:  9.3%
OMP: Info #276: omp_set_nested routine deprecated, please use omp_set_max_active_levels instead.
[AUTO TUNE]     [014: 78193.29]  time:1.267935e+00  MLUPS:099144  cache block size:155648kiB  reps:3  perf err:  2.1%
OMP: Info #276: omp_set_nested routine deprecated, please use omp_set_max_active_levels instead.
[AUTO TUNE]     [016: 77760.18]  time:2.749994e-01  MLUPS:021384  cache block size:168416kiB  reps:1  perf err: 100.0%
OMP: Info #276: omp_set_nested routine deprecated, please use omp_set_max_active_levels instead.
[AUTO TUNE]     [016: 77319.95]  time:7.794107e-01  MLUPS:060264  cache block size:168416kiB  reps:2  perf err:  0.6%
[AUTO TUNE] COMPLETE tune case #06: Thread group size:04  thc:01  thx:01  thy:02  thz:02  t_dim:09  bs_z:14  perf:78193.29 MLUP/s

[AUTO TUNE] START tune case #07: Thread group size:04  thc:01  thx:01  thy:01  thz:04  Possilbe diam width: 4 8 12 20
[AUTO TUNE]   Diamond width:04  [wavefronts #: pefromance (MLUPS/s)]
OMP: Info #276: omp_set_nested routine deprecated, please use omp_set_max_active_levels instead.
[AUTO TUNE]     [004: 33418.73]  time:1.745129e-01  MLUPS:005832  cache block size:9120kiB  reps:1  perf err: 100.0%
OMP: Info #276: omp_set_nested routine deprecated, please use omp_set_max_active_levels instead.
[AUTO TUNE]     [004: 27934.60]  time:4.871379e-01  MLUPS:013608  cache block size:9120kiB  reps:2  perf err: 19.6%
OMP: Info #276: omp_set_nested routine deprecated, please use omp_set_max_active_levels instead.
[AUTO TUNE]     [004: 27379.24]  time:7.810298e-01  MLUPS:021384  cache block size:9120kiB  reps:3  perf err:  2.0%
OMP: Info #276: omp_set_nested routine deprecated, please use omp_set_max_active_levels instead.
[AUTO TUNE]     [008: 32625.56]  time:1.787555e-01  MLUPS:005832  cache block size:15200kiB  reps:1  perf err: 100.0%
OMP: Info #276: omp_set_nested routine deprecated, please use omp_set_max_active_levels instead.
[AUTO TUNE]     [008: 28090.65]  time:4.844316e-01  MLUPS:013608  cache block size:15200kiB  reps:2  perf err: 16.1%
OMP: Info #276: omp_set_nested routine deprecated, please use omp_set_max_active_levels instead.
[AUTO TUNE]     [008: 27474.45]  time:7.783232e-01  MLUPS:021384  cache block size:15200kiB  reps:3  perf err:  2.2%
OMP: Info #276: omp_set_nested routine deprecated, please use omp_set_max_active_levels instead.
[AUTO TUNE]     [012: 32661.21]  time:1.785605e-01  MLUPS:005832  cache block size:21280kiB  reps:1  perf err: 100.0%
OMP: Info #276: omp_set_nested routine deprecated, please use omp_set_max_active_levels instead.
[AUTO TUNE]     [012: 27282.63]  time:4.987789e-01  MLUPS:013608  cache block size:21280kiB  reps:2  perf err: 19.7%
OMP: Info #276: omp_set_nested routine deprecated, please use omp_set_max_active_levels instead.
[AUTO TUNE]     [012: 26815.35]  time:7.974537e-01  MLUPS:021384  cache block size:21280kiB  reps:3  perf err:  1.7%
[AUTO TUNE]   Diamond width:08  [wavefronts #: pefromance (MLUPS/s)]
OMP: Info #276: omp_set_nested routine deprecated, please use omp_set_max_active_levels instead.
[AUTO TUNE]     [004: 52845.66]  time:1.839318e-01  MLUPS:009720  cache block size:22496kiB  reps:1  perf err: 100.0%
OMP: Info #276: omp_set_nested routine deprecated, please use omp_set_max_active_levels instead.
[AUTO TUNE]     [004: 47518.96]  time:5.318298e-01  MLUPS:025272  cache block size:22496kiB  reps:2  perf err: 11.2%
OMP: Info #276: omp_set_nested routine deprecated, please use omp_set_max_active_levels instead.
[AUTO TUNE]     [004: 47358.86]  time:8.620140e-01  MLUPS:040824  cache block size:22496kiB  reps:3  perf err:  0.3%
OMP: Info #276: omp_set_nested routine deprecated, please use omp_set_max_active_levels instead.
[AUTO TUNE]     [008: 57623.06]  time:1.686825e-01  MLUPS:009720  cache block size:33440kiB  reps:1  perf err: 100.0%
OMP: Info #276: omp_set_nested routine deprecated, please use omp_set_max_active_levels instead.
[AUTO TUNE]     [008: 50629.53]  time:4.991553e-01  MLUPS:025272  cache block size:33440kiB  reps:2  perf err: 13.8%
OMP: Info #276: omp_set_nested routine deprecated, please use omp_set_max_active_levels instead.
[AUTO TUNE]     [008: 49693.56]  time:8.215149e-01  MLUPS:040824  cache block size:33440kiB  reps:3  perf err:  1.9%
OMP: Info #276: omp_set_nested routine deprecated, please use omp_set_max_active_levels instead.
[AUTO TUNE]     [012: 60486.00]  time:1.606983e-01  MLUPS:009720  cache block size:44384kiB  reps:1  perf err: 100.0%
OMP: Info #276: omp_set_nested routine deprecated, please use omp_set_max_active_levels instead.
[AUTO TUNE]     [012: 54707.96]  time:4.619438e-01  MLUPS:025272  cache block size:44384kiB  reps:2  perf err: 10.6%
OMP: Info #276: omp_set_nested routine deprecated, please use omp_set_max_active_levels instead.
[AUTO TUNE]     [012: 53236.04]  time:7.668490e-01  MLUPS:040824  cache block size:44384kiB  reps:3  perf err:  2.8%
OMP: Info #276: omp_set_nested routine deprecated, please use omp_set_max_active_levels instead.
[AUTO TUNE]     [012: 53227.03]  time:1.059161e+00  MLUPS:056376  cache block size:44384kiB  reps:4  perf err:  0.0%
OMP: Info #276: omp_set_nested routine deprecated, please use omp_set_max_active_levels instead.
[AUTO TUNE]     [016: 62827.98]  time:1.547081e-01  MLUPS:009720  cache block size:55328kiB  reps:1  perf err: 100.0%
OMP: Info #276: omp_set_nested routine deprecated, please use omp_set_max_active_levels instead.
[AUTO TUNE]     [016: 56295.98]  time:4.489131e-01  MLUPS:025272  cache block size:55328kiB  reps:2  perf err: 11.6%
OMP: Info #276: omp_set_nested routine deprecated, please use omp_set_max_active_levels instead.
[AUTO TUNE]     [016: 54941.64]  time:7.430430e-01  MLUPS:040824  cache block size:55328kiB  reps:3  perf err:  2.5%
OMP: Info #276: omp_set_nested routine deprecated, please use omp_set_max_active_levels instead.
[AUTO TUNE]     [020: 63046.84]  time:1.541711e-01  MLUPS:009720  cache block size:66272kiB  reps:1  perf err: 100.0%
OMP: Info #276: omp_set_nested routine deprecated, please use omp_set_max_active_levels instead.
[AUTO TUNE]     [020: 57752.70]  time:4.375899e-01  MLUPS:025272  cache block size:66272kiB  reps:2  perf err:  9.2%
OMP: Info #276: omp_set_nested routine deprecated, please use omp_set_max_active_levels instead.
[AUTO TUNE]     [020: 56175.25]  time:7.267257e-01  MLUPS:040824  cache block size:66272kiB  reps:3  perf err:  2.8%
OMP: Info #276: omp_set_nested routine deprecated, please use omp_set_max_active_levels instead.
[AUTO TUNE]     [020: 56271.42]  time:1.001858e+00  MLUPS:056376  cache block size:66272kiB  reps:4  perf err:  0.2%
OMP: Info #276: omp_set_nested routine deprecated, please use omp_set_max_active_levels instead.
[AUTO TUNE]     [024: 62934.32]  time:1.544467e-01  MLUPS:009720  cache block size:77216kiB  reps:1  perf err: 100.0%
OMP: Info #276: omp_set_nested routine deprecated, please use omp_set_max_active_levels instead.
[AUTO TUNE]     [024: 58570.40]  time:4.314807e-01  MLUPS:025272  cache block size:77216kiB  reps:2  perf err:  7.5%
OMP: Info #276: omp_set_nested routine deprecated, please use omp_set_max_active_levels instead.
[AUTO TUNE]     [024: 57481.01]  time:7.102171e-01  MLUPS:040824  cache block size:77216kiB  reps:3  perf err:  1.9%
OMP: Info #276: omp_set_nested routine deprecated, please use omp_set_max_active_levels instead.
[AUTO TUNE]     [028: 64543.89]  time:1.505952e-01  MLUPS:009720  cache block size:88160kiB  reps:1  perf err: 100.0%
OMP: Info #276: omp_set_nested routine deprecated, please use omp_set_max_active_levels instead.
[AUTO TUNE]     [028: 58634.57]  time:4.310085e-01  MLUPS:025272  cache block size:88160kiB  reps:2  perf err: 10.1%
OMP: Info #276: omp_set_nested routine deprecated, please use omp_set_max_active_levels instead.
[AUTO TUNE]     [028: 57732.36]  time:7.071251e-01  MLUPS:040824  cache block size:88160kiB  reps:3  perf err:  1.6%
OMP: Info #276: omp_set_nested routine deprecated, please use omp_set_max_active_levels instead.
[AUTO TUNE]     [032: 63916.66]  time:1.520730e-01  MLUPS:009720  cache block size:99104kiB  reps:1  perf err: 100.0%
OMP: Info #276: omp_set_nested routine deprecated, please use omp_set_max_active_levels instead.
[AUTO TUNE]     [032: 58959.85]  time:4.286307e-01  MLUPS:025272  cache block size:99104kiB  reps:2  perf err:  8.4%
OMP: Info #276: omp_set_nested routine deprecated, please use omp_set_max_active_levels instead.
[AUTO TUNE]     [032: 57629.29]  time:7.083898e-01  MLUPS:040824  cache block size:99104kiB  reps:3  perf err:  2.3%
[AUTO TUNE]   Diamond width:12  [wavefronts #: pefromance (MLUPS/s)]
OMP: Info #276: omp_set_nested routine deprecated, please use omp_set_max_active_levels instead.
[AUTO TUNE]     [004: 60368.55]  time:2.254154e-01  MLUPS:013608  cache block size:40736kiB  reps:1  perf err: 100.0%
OMP: Info #276: omp_set_nested routine deprecated, please use omp_set_max_active_levels instead.
[AUTO TUNE]     [004: 58367.82]  time:6.328144e-01  MLUPS:036936  cache block size:40736kiB  reps:2  perf err:  3.4%
OMP: Info #276: omp_set_nested routine deprecated, please use omp_set_max_active_levels instead.
[AUTO TUNE]     [004: 58061.67]  time:1.037931e+00  MLUPS:060264  cache block size:40736kiB  reps:3  perf err:  0.5%
OMP: Info #276: omp_set_nested routine deprecated, please use omp_set_max_active_levels instead.
[AUTO TUNE]     [008: 58451.09]  time:2.328100e-01  MLUPS:013608  cache block size:56544kiB  reps:1  perf err: 100.0%
OMP: Info #276: omp_set_nested routine deprecated, please use omp_set_max_active_levels instead.
[AUTO TUNE]     [008: 60985.66]  time:6.056505e-01  MLUPS:036936  cache block size:56544kiB  reps:2  perf err:  4.2%
OMP: Info #276: omp_set_nested routine deprecated, please use omp_set_max_active_levels instead.
[AUTO TUNE]     [008: 60231.53]  time:1.000539e+00  MLUPS:060264  cache block size:56544kiB  reps:3  perf err:  1.3%
OMP: Info #276: omp_set_nested routine deprecated, please use omp_set_max_active_levels instead.
[AUTO TUNE]     [012: 62349.44]  time:2.182538e-01  MLUPS:013608  cache block size:72352kiB  reps:1  perf err: 100.0%
OMP: Info #276: omp_set_nested routine deprecated, please use omp_set_max_active_levels instead.
[AUTO TUNE]     [012: 65028.23]  time:5.679995e-01  MLUPS:036936  cache block size:72352kiB  reps:2  perf err:  4.1%
OMP: Info #276: omp_set_nested routine deprecated, please use omp_set_max_active_levels instead.
[AUTO TUNE]     [012: 64532.13]  time:9.338604e-01  MLUPS:060264  cache block size:72352kiB  reps:3  perf err:  0.8%
OMP: Info #276: omp_set_nested routine deprecated, please use omp_set_max_active_levels instead.
[AUTO TUNE]     [016: 70166.03]  time:1.939400e-01  MLUPS:013608  cache block size:88160kiB  reps:1  perf err: 100.0%
OMP: Info #276: omp_set_nested routine deprecated, please use omp_set_max_active_levels instead.
[AUTO TUNE]     [016: 66676.76]  time:5.539562e-01  MLUPS:036936  cache block size:88160kiB  reps:2  perf err:  5.2%
OMP: Info #276: omp_set_nested routine deprecated, please use omp_set_max_active_levels instead.
[AUTO TUNE]     [016: 66872.15]  time:9.011823e-01  MLUPS:060264  cache block size:88160kiB  reps:3  perf err:  0.3%
OMP: Info #276: omp_set_nested routine deprecated, please use omp_set_max_active_levels instead.
[AUTO TUNE]     [020: 71304.23]  time:1.908442e-01  MLUPS:013608  cache block size:103968kiB  reps:1  perf err: 100.0%
OMP: Info #276: omp_set_nested routine deprecated, please use omp_set_max_active_levels instead.
[AUTO TUNE]     [020: 67117.77]  time:5.503162e-01  MLUPS:036936  cache block size:103968kiB  reps:2  perf err:  6.2%
OMP: Info #276: omp_set_nested routine deprecated, please use omp_set_max_active_levels instead.
[AUTO TUNE]     [020: 67776.46]  time:8.891583e-01  MLUPS:060264  cache block size:103968kiB  reps:3  perf err:  1.0%
OMP: Info #276: omp_set_nested routine deprecated, please use omp_set_max_active_levels instead.
[AUTO TUNE]     [024: 72758.04]  time:1.870309e-01  MLUPS:013608  cache block size:119776kiB  reps:1  perf err: 100.0%
OMP: Info #276: omp_set_nested routine deprecated, please use omp_set_max_active_levels instead.
[AUTO TUNE]     [024: 68201.65]  time:5.415705e-01  MLUPS:036936  cache block size:119776kiB  reps:2  perf err:  6.7%
OMP: Info #276: omp_set_nested routine deprecated, please use omp_set_max_active_levels instead.
[AUTO TUNE]     [024: 68106.86]  time:8.848448e-01  MLUPS:060264  cache block size:119776kiB  reps:3  perf err:  0.1%
OMP: Info #276: omp_set_nested routine deprecated, please use omp_set_max_active_levels instead.
[AUTO TUNE]     [028: 72620.44]  time:1.873853e-01  MLUPS:013608  cache block size:135584kiB  reps:1  perf err: 100.0%
OMP: Info #276: omp_set_nested routine deprecated, please use omp_set_max_active_levels instead.
[AUTO TUNE]     [028: 69498.33]  time:5.314660e-01  MLUPS:036936  cache block size:135584kiB  reps:2  perf err:  4.5%
OMP: Info #276: omp_set_nested routine deprecated, please use omp_set_max_active_levels instead.
[AUTO TUNE]     [028: 69111.11]  time:8.719872e-01  MLUPS:060264  cache block size:135584kiB  reps:3  perf err:  0.6%
OMP: Info #276: omp_set_nested routine deprecated, please use omp_set_max_active_levels instead.
[AUTO TUNE]     [032: 72358.94]  time:1.880625e-01  MLUPS:013608  cache block size:151392kiB  reps:1  perf err: 100.0%
OMP: Info #276: omp_set_nested routine deprecated, please use omp_set_max_active_levels instead.
[AUTO TUNE]     [032: 70161.42]  time:5.264432e-01  MLUPS:036936  cache block size:151392kiB  reps:2  perf err:  3.1%
OMP: Info #276: omp_set_nested routine deprecated, please use omp_set_max_active_levels instead.
[AUTO TUNE]     [032: 69284.57]  time:8.698041e-01  MLUPS:060264  cache block size:151392kiB  reps:3  perf err:  1.3%
OMP: Info #276: omp_set_nested routine deprecated, please use omp_set_max_active_levels instead.
[AUTO TUNE]     [036: 67749.88]  time:2.008564e-01  MLUPS:013608  cache block size:167200kiB  reps:1  perf err: 100.0%
OMP: Info #276: omp_set_nested routine deprecated, please use omp_set_max_active_levels instead.
[AUTO TUNE]     [036: 70208.83]  time:5.260877e-01  MLUPS:036936  cache block size:167200kiB  reps:2  perf err:  3.5%
OMP: Info #276: omp_set_nested routine deprecated, please use omp_set_max_active_levels instead.
[AUTO TUNE]     [036: 69129.23]  time:8.717586e-01  MLUPS:060264  cache block size:167200kiB  reps:3  perf err:  1.6%
[AUTO TUNE]   Diamond width:20  [wavefronts #: pefromance (MLUPS/s)]
OMP: Info #276: omp_set_nested routine deprecated, please use omp_set_max_active_levels instead.
[AUTO TUNE]     [004: 53684.04]  time:3.983307e-01  MLUPS:021384  cache block size:91808kiB  reps:1  perf err: 100.0%
OMP: Info #276: omp_set_nested routine deprecated, please use omp_set_max_active_levels instead.
[AUTO TUNE]     [004: 64219.49]  time:9.384067e-01  MLUPS:060264  cache block size:91808kiB  reps:2  perf err: 16.4%
OMP: Info #276: omp_set_nested routine deprecated, please use omp_set_max_active_levels instead.
[AUTO TUNE]     [004: 65693.54]  time:1.509189e+00  MLUPS:099144  cache block size:91808kiB  reps:3  perf err:  2.2%
OMP: Info #276: omp_set_nested routine deprecated, please use omp_set_max_active_levels instead.
[AUTO TUNE]     [008: 67647.73]  time:3.161081e-01  MLUPS:021384  cache block size:117344kiB  reps:1  perf err: 100.0%
OMP: Info #276: omp_set_nested routine deprecated, please use omp_set_max_active_levels instead.
[AUTO TUNE]     [008: 68445.76]  time:8.804636e-01  MLUPS:060264  cache block size:117344kiB  reps:2  perf err:  1.2%
OMP: Info #276: omp_set_nested routine deprecated, please use omp_set_max_active_levels instead.
[AUTO TUNE]     [012: 60295.75]  time:3.546519e-01  MLUPS:021384  cache block size:142880kiB  reps:1  perf err: 100.0%
OMP: Info #276: omp_set_nested routine deprecated, please use omp_set_max_active_levels instead.
[AUTO TUNE]     [012: 73442.60]  time:8.205592e-01  MLUPS:060264  cache block size:142880kiB  reps:2  perf err: 17.9%
OMP: Info #276: omp_set_nested routine deprecated, please use omp_set_max_active_levels instead.
[AUTO TUNE]     [012: 74844.07]  time:1.324674e+00  MLUPS:099144  cache block size:142880kiB  reps:3  perf err:  1.9%
OMP: Info #276: omp_set_nested routine deprecated, please use omp_set_max_active_levels instead.
[AUTO TUNE]     [016: 76566.44]  time:2.792869e-01  MLUPS:021384  cache block size:168416kiB  reps:1  perf err: 100.0%
OMP: Info #276: omp_set_nested routine deprecated, please use omp_set_max_active_levels instead.
[AUTO TUNE]     [016: 74606.19]  time:8.077614e-01  MLUPS:060264  cache block size:168416kiB  reps:2  perf err:  2.6%
OMP: Info #276: omp_set_nested routine deprecated, please use omp_set_max_active_levels instead.
[AUTO TUNE]     [016: 78198.84]  time:1.267845e+00  MLUPS:099144  cache block size:168416kiB  reps:3  perf err:  4.6%
OMP: Info #276: omp_set_nested routine deprecated, please use omp_set_max_active_levels instead.
[AUTO TUNE]     [016: 78580.19]  time:1.756473e+00  MLUPS:138024  cache block size:168416kiB  reps:4  perf err:  0.5%
OMP: Info #276: omp_set_nested routine deprecated, please use omp_set_max_active_levels instead.
[AUTO TUNE]     [020: 77502.21]  time:2.759147e-01  MLUPS:021384  cache block size:193952kiB  reps:1  perf err: 100.0%
OMP: Info #276: omp_set_nested routine deprecated, please use omp_set_max_active_levels instead.
[AUTO TUNE]     [020: 78215.89]  time:7.704828e-01  MLUPS:060264  cache block size:193952kiB  reps:2  perf err:  0.9%
[AUTO TUNE] COMPLETE tune case #07: Thread group size:04  thc:01  thx:01  thy:01  thz:04  t_dim:09  bs_z:16  perf:78580.19 MLUP/s

[AUTO TUNE] START tune case #08: Thread group size:08  thc:01  thx:02  thy:02  thz:02  Possilbe diam width: 4 8 12 20 24
[AUTO TUNE]   Diamond width:04  [wavefronts #: pefromance (MLUPS/s)]
OMP: Info #276: omp_set_nested routine deprecated, please use omp_set_max_active_levels instead.
[AUTO TUNE]     [002: 25511.30]  time:2.286046e-01  MLUPS:005832  cache block size:3040kiB  reps:1  perf err: 100.0%
OMP: Info #276: omp_set_nested routine deprecated, please use omp_set_max_active_levels instead.
[AUTO TUNE]     [002: 20359.47]  time:6.683868e-01  MLUPS:013608  cache block size:3040kiB  reps:2  perf err: 25.3%
OMP: Info #276: omp_set_nested routine deprecated, please use omp_set_max_active_levels instead.
[AUTO TUNE]     [002: 19301.59]  time:1.107888e+00  MLUPS:021384  cache block size:3040kiB  reps:3  perf err:  5.5%
OMP: Info #276: omp_set_nested routine deprecated, please use omp_set_max_active_levels instead.
[AUTO TUNE]     [002: 19017.25]  time:1.533345e+00  MLUPS:029160  cache block size:3040kiB  reps:4  perf err:  1.5%
OMP: Info #276: omp_set_nested routine deprecated, please use omp_set_max_active_levels instead.
[AUTO TUNE]     [004: 29479.63]  time:1.978315e-01  MLUPS:005832  cache block size:4560kiB  reps:1  perf err: 100.0%
OMP: Info #276: omp_set_nested routine deprecated, please use omp_set_max_active_levels instead.
[AUTO TUNE]     [004: 23341.95]  time:5.829848e-01  MLUPS:013608  cache block size:4560kiB  reps:2  perf err: 26.3%
OMP: Info #276: omp_set_nested routine deprecated, please use omp_set_max_active_levels instead.
[AUTO TUNE]     [004: 22019.85]  time:9.711239e-01  MLUPS:021384  cache block size:4560kiB  reps:3  perf err:  6.0%
OMP: Info #276: omp_set_nested routine deprecated, please use omp_set_max_active_levels instead.
[AUTO TUNE]     [004: 21419.78]  time:1.361358e+00  MLUPS:029160  cache block size:4560kiB  reps:4  perf err:  2.8%
OMP: Info #276: omp_set_nested routine deprecated, please use omp_set_max_active_levels instead.
[AUTO TUNE]     [004: 21210.54]  time:1.741398e+00  MLUPS:036936  cache block size:4560kiB  reps:5  perf err:  1.0%
OMP: Info #276: omp_set_nested routine deprecated, please use omp_set_max_active_levels instead.
[AUTO TUNE]     [006: 31222.12]  time:1.867906e-01  MLUPS:005832  cache block size:6080kiB  reps:1  perf err: 100.0%
OMP: Info #276: omp_set_nested routine deprecated, please use omp_set_max_active_levels instead.
[AUTO TUNE]     [006: 25532.31]  time:5.329718e-01  MLUPS:013608  cache block size:6080kiB  reps:2  perf err: 22.3%
OMP: Info #276: omp_set_nested routine deprecated, please use omp_set_max_active_levels instead.
[AUTO TUNE]     [006: 24293.64]  time:8.802303e-01  MLUPS:021384  cache block size:6080kiB  reps:3  perf err:  5.1%
OMP: Info #276: omp_set_nested routine deprecated, please use omp_set_max_active_levels instead.
[AUTO TUNE]     [006: 23757.72]  time:1.227391e+00  MLUPS:029160  cache block size:6080kiB  reps:4  perf err:  2.3%
OMP: Info #276: omp_set_nested routine deprecated, please use omp_set_max_active_levels instead.
[AUTO TUNE]     [008: 34314.02]  time:1.699597e-01  MLUPS:005832  cache block size:7600kiB  reps:1  perf err: 100.0%
OMP: Info #276: omp_set_nested routine deprecated, please use omp_set_max_active_levels instead.
[AUTO TUNE]     [008: 27397.39]  time:4.966897e-01  MLUPS:013608  cache block size:7600kiB  reps:2  perf err: 25.2%
OMP: Info #276: omp_set_nested routine deprecated, please use omp_set_max_active_levels instead.
[AUTO TUNE]     [008: 25765.93]  time:8.299331e-01  MLUPS:021384  cache block size:7600kiB  reps:3  perf err:  6.3%
OMP: Info #276: omp_set_nested routine deprecated, please use omp_set_max_active_levels instead.
[AUTO TUNE]     [008: 25260.20]  time:1.154385e+00  MLUPS:029160  cache block size:7600kiB  reps:4  perf err:  2.0%
OMP: Info #276: omp_set_nested routine deprecated, please use omp_set_max_active_levels instead.
[AUTO TUNE]     [010: 35656.88]  time:1.635589e-01  MLUPS:005832  cache block size:9120kiB  reps:1  perf err: 100.0%
OMP: Info #276: omp_set_nested routine deprecated, please use omp_set_max_active_levels instead.
[AUTO TUNE]     [010: 28258.12]  time:4.815608e-01  MLUPS:013608  cache block size:9120kiB  reps:2  perf err: 26.2%
OMP: Info #276: omp_set_nested routine deprecated, please use omp_set_max_active_levels instead.
[AUTO TUNE]     [010: 26776.78]  time:7.986025e-01  MLUPS:021384  cache block size:9120kiB  reps:3  perf err:  5.5%
OMP: Info #276: omp_set_nested routine deprecated, please use omp_set_max_active_levels instead.
[AUTO TUNE]     [010: 26109.17]  time:1.116849e+00  MLUPS:029160  cache block size:9120kiB  reps:4  perf err:  2.6%
OMP: Info #276: omp_set_nested routine deprecated, please use omp_set_max_active_levels instead.
[AUTO TUNE]     [010: 25805.71]  time:1.431311e+00  MLUPS:036936  cache block size:9120kiB  reps:5  perf err:  1.2%
OMP: Info #276: omp_set_nested routine deprecated, please use omp_set_max_active_levels instead.
[AUTO TUNE]     [012: 35918.87]  time:1.623659e-01  MLUPS:005832  cache block size:10640kiB  reps:1  perf err: 100.0%
OMP: Info #276: omp_set_nested routine deprecated, please use omp_set_max_active_levels instead.
[AUTO TUNE]     [012: 28758.31]  time:4.731849e-01  MLUPS:013608  cache block size:10640kiB  reps:2  perf err: 24.9%
OMP: Info #276: omp_set_nested routine deprecated, please use omp_set_max_active_levels instead.
[AUTO TUNE]     [012: 27257.54]  time:7.845169e-01  MLUPS:021384  cache block size:10640kiB  reps:3  perf err:  5.5%
OMP: Info #276: omp_set_nested routine deprecated, please use omp_set_max_active_levels instead.
[AUTO TUNE]     [012: 26585.37]  time:1.096844e+00  MLUPS:029160  cache block size:10640kiB  reps:4  perf err:  2.5%
OMP: Info #276: omp_set_nested routine deprecated, please use omp_set_max_active_levels instead.
[AUTO TUNE]     [012: 26114.29]  time:1.414398e+00  MLUPS:036936  cache block size:10640kiB  reps:5  perf err:  1.8%
OMP: Info #276: omp_set_nested routine deprecated, please use omp_set_max_active_levels instead.
[AUTO TUNE]     [014: 36764.28]  time:1.586322e-01  MLUPS:005832  cache block size:12160kiB  reps:1  perf err: 100.0%
OMP: Info #276: omp_set_nested routine deprecated, please use omp_set_max_active_levels instead.
[AUTO TUNE]     [014: 29091.10]  time:4.677719e-01  MLUPS:013608  cache block size:12160kiB  reps:2  perf err: 26.4%
OMP: Info #276: omp_set_nested routine deprecated, please use omp_set_max_active_levels instead.
[AUTO TUNE]     [014: 27360.72]  time:7.815583e-01  MLUPS:021384  cache block size:12160kiB  reps:3  perf err:  6.3%
OMP: Info #276: omp_set_nested routine deprecated, please use omp_set_max_active_levels instead.
[AUTO TUNE]     [014: 26810.27]  time:1.087643e+00  MLUPS:029160  cache block size:12160kiB  reps:4  perf err:  2.1%
OMP: Info #276: omp_set_nested routine deprecated, please use omp_set_max_active_levels instead.
[AUTO TUNE]     [016: 36760.66]  time:1.586479e-01  MLUPS:005832  cache block size:13680kiB  reps:1  perf err: 100.0%
OMP: Info #276: omp_set_nested routine deprecated, please use omp_set_max_active_levels instead.
[AUTO TUNE]     [016: 29207.42]  time:4.659091e-01  MLUPS:013608  cache block size:13680kiB  reps:2  perf err: 25.9%
OMP: Info #276: omp_set_nested routine deprecated, please use omp_set_max_active_levels instead.
[AUTO TUNE]     [016: 27674.86]  time:7.726869e-01  MLUPS:021384  cache block size:13680kiB  reps:3  perf err:  5.5%
OMP: Info #276: omp_set_nested routine deprecated, please use omp_set_max_active_levels instead.
[AUTO TUNE]     [016: 26978.19]  time:1.080873e+00  MLUPS:029160  cache block size:13680kiB  reps:4  perf err:  2.6%
OMP: Info #276: omp_set_nested routine deprecated, please use omp_set_max_active_levels instead.
[AUTO TUNE]     [016: 26576.85]  time:1.389781e+00  MLUPS:036936  cache block size:13680kiB  reps:5  perf err:  1.5%
[AUTO TUNE]   Diamond width:08  [wavefronts #: pefromance (MLUPS/s)]
OMP: Info #276: omp_set_nested routine deprecated, please use omp_set_max_active_levels instead.
[AUTO TUNE]     [002: 34799.79]  time:2.793120e-01  MLUPS:009720  cache block size:8512kiB  reps:1  perf err: 100.0%
OMP: Info #276: omp_set_nested routine deprecated, please use omp_set_max_active_levels instead.
[AUTO TUNE]     [002: 31079.68]  time:8.131359e-01  MLUPS:025272  cache block size:8512kiB  reps:2  perf err: 12.0%
OMP: Info #276: omp_set_nested routine deprecated, please use omp_set_max_active_levels instead.
[AUTO TUNE]     [002: 30185.68]  time:1.352429e+00  MLUPS:040824  cache block size:8512kiB  reps:3  perf err:  3.0%
OMP: Info #276: omp_set_nested routine deprecated, please use omp_set_max_active_levels instead.
[AUTO TUNE]     [002: 30085.46]  time:1.873862e+00  MLUPS:056376  cache block size:8512kiB  reps:4  perf err:  0.3%
OMP: Info #276: omp_set_nested routine deprecated, please use omp_set_max_active_levels instead.
[AUTO TUNE]     [004: 38888.47]  time:2.499455e-01  MLUPS:009720  cache block size:11248kiB  reps:1  perf err: 100.0%
OMP: Info #276: omp_set_nested routine deprecated, please use omp_set_max_active_levels instead.
[AUTO TUNE]     [004: 35055.14]  time:7.209214e-01  MLUPS:025272  cache block size:11248kiB  reps:2  perf err: 10.9%
OMP: Info #276: omp_set_nested routine deprecated, please use omp_set_max_active_levels instead.
[AUTO TUNE]     [004: 33207.39]  time:1.229365e+00  MLUPS:040824  cache block size:11248kiB  reps:3  perf err:  5.6%
OMP: Info #276: omp_set_nested routine deprecated, please use omp_set_max_active_levels instead.
[AUTO TUNE]     [004: 30776.26]  time:1.831802e+00  MLUPS:056376  cache block size:11248kiB  reps:4  perf err:  7.9%
OMP: Info #276: omp_set_nested routine deprecated, please use omp_set_max_active_levels instead.
[AUTO TUNE]     [004: 32140.36]  time:2.237934e+00  MLUPS:071928  cache block size:11248kiB  reps:5  perf err:  4.2%
OMP: Info #276: omp_set_nested routine deprecated, please use omp_set_max_active_levels instead.
[AUTO TUNE]     [004: 31268.74]  time:2.797682e+00  MLUPS:087480  cache block size:11248kiB  reps:6  perf err:  2.8%
OMP: Info #276: omp_set_nested routine deprecated, please use omp_set_max_active_levels instead.
[AUTO TUNE]     [004: 33096.98]  time:3.113033e+00  MLUPS:103032  cache block size:11248kiB  reps:7  perf err:  5.5%
OMP: Info #276: omp_set_nested routine deprecated, please use omp_set_max_active_levels instead.
[AUTO TUNE]     [004: 33841.18]  time:3.504133e+00  MLUPS:118584  cache block size:11248kiB  reps:8  perf err:  2.2%
OMP: Info #276: omp_set_nested routine deprecated, please use omp_set_max_active_levels instead.
[AUTO TUNE]     [006: 42599.06]  time:2.281740e-01  MLUPS:009720  cache block size:13984kiB  reps:1  perf err: 100.0%
OMP: Info #276: omp_set_nested routine deprecated, please use omp_set_max_active_levels instead.
[AUTO TUNE]     [006: 38223.00]  time:6.611726e-01  MLUPS:025272  cache block size:13984kiB  reps:2  perf err: 11.4%
OMP: Info #276: omp_set_nested routine deprecated, please use omp_set_max_active_levels instead.
[AUTO TUNE]     [006: 37675.42]  time:1.083571e+00  MLUPS:040824  cache block size:13984kiB  reps:3  perf err:  1.5%
OMP: Info #276: omp_set_nested routine deprecated, please use omp_set_max_active_levels instead.
[AUTO TUNE]     [008: 45126.58]  time:2.153941e-01  MLUPS:009720  cache block size:16720kiB  reps:1  perf err: 100.0%
OMP: Info #276: omp_set_nested routine deprecated, please use omp_set_max_active_levels instead.
[AUTO TUNE]     [008: 40368.60]  time:6.260311e-01  MLUPS:025272  cache block size:16720kiB  reps:2  perf err: 11.8%
OMP: Info #276: omp_set_nested routine deprecated, please use omp_set_max_active_levels instead.
[AUTO TUNE]     [008: 39517.30]  time:1.033066e+00  MLUPS:040824  cache block size:16720kiB  reps:3  perf err:  2.2%
OMP: Info #276: omp_set_nested routine deprecated, please use omp_set_max_active_levels instead.
[AUTO TUNE]     [010: 46759.61]  time:2.078717e-01  MLUPS:009720  cache block size:19456kiB  reps:1  perf err: 100.0%
OMP: Info #276: omp_set_nested routine deprecated, please use omp_set_max_active_levels instead.
[AUTO TUNE]     [010: 41773.75]  time:6.049733e-01  MLUPS:025272  cache block size:19456kiB  reps:2  perf err: 11.9%
OMP: Info #276: omp_set_nested routine deprecated, please use omp_set_max_active_levels instead.
[AUTO TUNE]     [010: 40857.10]  time:9.991898e-01  MLUPS:040824  cache block size:19456kiB  reps:3  perf err:  2.2%
OMP: Info #276: omp_set_nested routine deprecated, please use omp_set_max_active_levels instead.
[AUTO TUNE]     [012: 47356.95]  time:2.052497e-01  MLUPS:009720  cache block size:22192kiB  reps:1  perf err: 100.0%
OMP: Info #276: omp_set_nested routine deprecated, please use omp_set_max_active_levels instead.
[AUTO TUNE]     [012: 43010.65]  time:5.875755e-01  MLUPS:025272  cache block size:22192kiB  reps:2  perf err: 10.1%
OMP: Info #276: omp_set_nested routine deprecated, please use omp_set_max_active_levels instead.
[AUTO TUNE]     [012: 41754.90]  time:9.777055e-01  MLUPS:040824  cache block size:22192kiB  reps:3  perf err:  3.0%
OMP: Info #276: omp_set_nested routine deprecated, please use omp_set_max_active_levels instead.
[AUTO TUNE]     [012: 41568.59]  time:1.356216e+00  MLUPS:056376  cache block size:22192kiB  reps:4  perf err:  0.4%
OMP: Info #276: omp_set_nested routine deprecated, please use omp_set_max_active_levels instead.
[AUTO TUNE]     [014: 48624.56]  time:1.998990e-01  MLUPS:009720  cache block size:24928kiB  reps:1  perf err: 100.0%
OMP: Info #276: omp_set_nested routine deprecated, please use omp_set_max_active_levels instead.
[AUTO TUNE]     [014: 43225.04]  time:5.846612e-01  MLUPS:025272  cache block size:24928kiB  reps:2  perf err: 12.5%
OMP: Info #276: omp_set_nested routine deprecated, please use omp_set_max_active_levels instead.
[AUTO TUNE]     [014: 42632.73]  time:9.575741e-01  MLUPS:040824  cache block size:24928kiB  reps:3  perf err:  1.4%
OMP: Info #276: omp_set_nested routine deprecated, please use omp_set_max_active_levels instead.
[AUTO TUNE]     [016: 49453.08]  time:1.965499e-01  MLUPS:009720  cache block size:27664kiB  reps:1  perf err: 100.0%
OMP: Info #276: omp_set_nested routine deprecated, please use omp_set_max_active_levels instead.
[AUTO TUNE]     [016: 44561.54]  time:5.671258e-01  MLUPS:025272  cache block size:27664kiB  reps:2  perf err: 11.0%
OMP: Info #276: omp_set_nested routine deprecated, please use omp_set_max_active_levels instead.
[AUTO TUNE]     [016: 43384.92]  time:9.409721e-01  MLUPS:040824  cache block size:27664kiB  reps:3  perf err:  2.7%
OMP: Info #276: omp_set_nested routine deprecated, please use omp_set_max_active_levels instead.
[AUTO TUNE]     [016: 43106.32]  time:1.307836e+00  MLUPS:056376  cache block size:27664kiB  reps:4  perf err:  0.6%
OMP: Info #276: omp_set_nested routine deprecated, please use omp_set_max_active_levels instead.
[AUTO TUNE]     [018: 50518.82]  time:1.924036e-01  MLUPS:009720  cache block size:30400kiB  reps:1  perf err: 100.0%
OMP: Info #276: omp_set_nested routine deprecated, please use omp_set_max_active_levels instead.
[AUTO TUNE]     [018: 45151.92]  time:5.597104e-01  MLUPS:025272  cache block size:30400kiB  reps:2  perf err: 11.9%
OMP: Info #276: omp_set_nested routine deprecated, please use omp_set_max_active_levels instead.
[AUTO TUNE]     [018: 44021.00]  time:9.273756e-01  MLUPS:040824  cache block size:30400kiB  reps:3  perf err:  2.6%
OMP: Info #276: omp_set_nested routine deprecated, please use omp_set_max_active_levels instead.
[AUTO TUNE]     [018: 43600.88]  time:1.293001e+00  MLUPS:056376  cache block size:30400kiB  reps:4  perf err:  1.0%
OMP: Info #276: omp_set_nested routine deprecated, please use omp_set_max_active_levels instead.
[AUTO TUNE]     [020: 50666.65]  time:1.918422e-01  MLUPS:009720  cache block size:33136kiB  reps:1  perf err: 100.0%
OMP: Info #276: omp_set_nested routine deprecated, please use omp_set_max_active_levels instead.
[AUTO TUNE]     [020: 46083.22]  time:5.483992e-01  MLUPS:025272  cache block size:33136kiB  reps:2  perf err:  9.9%
OMP: Info #276: omp_set_nested routine deprecated, please use omp_set_max_active_levels instead.
[AUTO TUNE]     [020: 44677.28]  time:9.137531e-01  MLUPS:040824  cache block size:33136kiB  reps:3  perf err:  3.1%
OMP: Info #276: omp_set_nested routine deprecated, please use omp_set_max_active_levels instead.
[AUTO TUNE]     [020: 44295.79]  time:1.272717e+00  MLUPS:056376  cache block size:33136kiB  reps:4  perf err:  0.9%
OMP: Info #276: omp_set_nested routine deprecated, please use omp_set_max_active_levels instead.
[AUTO TUNE]     [022: 51350.18]  time:1.892885e-01  MLUPS:009720  cache block size:35872kiB  reps:1  perf err: 100.0%
OMP: Info #276: omp_set_nested routine deprecated, please use omp_set_max_active_levels instead.
[AUTO TUNE]     [022: 45740.87]  time:5.525037e-01  MLUPS:025272  cache block size:35872kiB  reps:2  perf err: 12.3%
OMP: Info #276: omp_set_nested routine deprecated, please use omp_set_max_active_levels instead.
[AUTO TUNE]     [022: 44861.59]  time:9.099990e-01  MLUPS:040824  cache block size:35872kiB  reps:3  perf err:  2.0%
OMP: Info #276: omp_set_nested routine deprecated, please use omp_set_max_active_levels instead.
[AUTO TUNE]     [024: 51230.48]  time:1.897308e-01  MLUPS:009720  cache block size:38608kiB  reps:1  perf err: 100.0%
OMP: Info #276: omp_set_nested routine deprecated, please use omp_set_max_active_levels instead.
[AUTO TUNE]     [024: 45917.50]  time:5.503784e-01  MLUPS:025272  cache block size:38608kiB  reps:2  perf err: 11.6%
OMP: Info #276: omp_set_nested routine deprecated, please use omp_set_max_active_levels instead.
[AUTO TUNE]     [024: 45110.42]  time:9.049793e-01  MLUPS:040824  cache block size:38608kiB  reps:3  perf err:  1.8%
OMP: Info #276: omp_set_nested routine deprecated, please use omp_set_max_active_levels instead.
[AUTO TUNE]     [026: 51623.45]  time:1.882865e-01  MLUPS:009720  cache block size:41344kiB  reps:1  perf err: 100.0%
OMP: Info #276: omp_set_nested routine deprecated, please use omp_set_max_active_levels instead.
[AUTO TUNE]     [026: 46489.29]  time:5.436090e-01  MLUPS:025272  cache block size:41344kiB  reps:2  perf err: 11.0%
OMP: Info #276: omp_set_nested routine deprecated, please use omp_set_max_active_levels instead.
[AUTO TUNE]     [026: 44679.55]  time:9.137065e-01  MLUPS:040824  cache block size:41344kiB  reps:3  perf err:  4.1%
OMP: Info #276: omp_set_nested routine deprecated, please use omp_set_max_active_levels instead.
[AUTO TUNE]     [026: 44773.96]  time:1.259125e+00  MLUPS:056376  cache block size:41344kiB  reps:4  perf err:  0.2%
[AUTO TUNE]   Diamond width:12  [wavefronts #: pefromance (MLUPS/s)]
OMP: Info #276: omp_set_nested routine deprecated, please use omp_set_max_active_levels instead.
[AUTO TUNE]     [002: 40213.29]  time:3.383956e-01  MLUPS:013608  cache block size:16416kiB  reps:1  perf err: 100.0%
OMP: Info #276: omp_set_nested routine deprecated, please use omp_set_max_active_levels instead.
[AUTO TUNE]     [002: 38348.03]  time:9.631786e-01  MLUPS:036936  cache block size:16416kiB  reps:2  perf err:  4.9%
OMP: Info #276: omp_set_nested routine deprecated, please use omp_set_max_active_levels instead.
[AUTO TUNE]     [002: 37905.94]  time:1.589830e+00  MLUPS:060264  cache block size:16416kiB  reps:3  perf err:  1.2%
OMP: Info #276: omp_set_nested routine deprecated, please use omp_set_max_active_levels instead.
[AUTO TUNE]     [004: 44858.36]  time:3.033548e-01  MLUPS:013608  cache block size:20368kiB  reps:1  perf err: 100.0%
OMP: Info #276: omp_set_nested routine deprecated, please use omp_set_max_active_levels instead.
[AUTO TUNE]     [004: 42626.15]  time:8.665102e-01  MLUPS:036936  cache block size:20368kiB  reps:2  perf err:  5.2%
OMP: Info #276: omp_set_nested routine deprecated, please use omp_set_max_active_levels instead.
[AUTO TUNE]     [004: 41808.96]  time:1.441413e+00  MLUPS:060264  cache block size:20368kiB  reps:3  perf err:  2.0%
OMP: Info #276: omp_set_nested routine deprecated, please use omp_set_max_active_levels instead.
[AUTO TUNE]     [006: 49011.15]  time:2.776511e-01  MLUPS:013608  cache block size:24320kiB  reps:1  perf err: 100.0%
OMP: Info #276: omp_set_nested routine deprecated, please use omp_set_max_active_levels instead.
[AUTO TUNE]     [006: 46775.55]  time:7.896433e-01  MLUPS:036936  cache block size:24320kiB  reps:2  perf err:  4.8%
OMP: Info #276: omp_set_nested routine deprecated, please use omp_set_max_active_levels instead.
[AUTO TUNE]     [006: 46403.11]  time:1.298706e+00  MLUPS:060264  cache block size:24320kiB  reps:3  perf err:  0.8%
OMP: Info #276: omp_set_nested routine deprecated, please use omp_set_max_active_levels instead.
[AUTO TUNE]     [008: 51761.06]  time:2.629003e-01  MLUPS:013608  cache block size:28272kiB  reps:1  perf err: 100.0%
OMP: Info #276: omp_set_nested routine deprecated, please use omp_set_max_active_levels instead.
[AUTO TUNE]     [008: 48987.86]  time:7.539828e-01  MLUPS:036936  cache block size:28272kiB  reps:2  perf err:  5.7%
OMP: Info #276: omp_set_nested routine deprecated, please use omp_set_max_active_levels instead.
[AUTO TUNE]     [008: 48794.74]  time:1.235051e+00  MLUPS:060264  cache block size:28272kiB  reps:3  perf err:  0.4%
OMP: Info #276: omp_set_nested routine deprecated, please use omp_set_max_active_levels instead.
[AUTO TUNE]     [010: 53911.67]  time:2.524129e-01  MLUPS:013608  cache block size:32224kiB  reps:1  perf err: 100.0%
OMP: Info #276: omp_set_nested routine deprecated, please use omp_set_max_active_levels instead.
[AUTO TUNE]     [010: 50659.23]  time:7.291070e-01  MLUPS:036936  cache block size:32224kiB  reps:2  perf err:  6.4%
OMP: Info #276: omp_set_nested routine deprecated, please use omp_set_max_active_levels instead.
[AUTO TUNE]     [010: 50111.27]  time:1.202604e+00  MLUPS:060264  cache block size:32224kiB  reps:3  perf err:  1.1%
OMP: Info #276: omp_set_nested routine deprecated, please use omp_set_max_active_levels instead.
[AUTO TUNE]     [012: 54808.93]  time:2.482807e-01  MLUPS:013608  cache block size:36176kiB  reps:1  perf err: 100.0%
OMP: Info #276: omp_set_nested routine deprecated, please use omp_set_max_active_levels instead.
[AUTO TUNE]     [012: 51687.23]  time:7.146059e-01  MLUPS:036936  cache block size:36176kiB  reps:2  perf err:  6.0%
OMP: Info #276: omp_set_nested routine deprecated, please use omp_set_max_active_levels instead.
[AUTO TUNE]     [012: 51120.06]  time:1.178872e+00  MLUPS:060264  cache block size:36176kiB  reps:3  perf err:  1.1%
OMP: Info #276: omp_set_nested routine deprecated, please use omp_set_max_active_levels instead.
[AUTO TUNE]     [014: 54479.54]  time:2.497818e-01  MLUPS:013608  cache block size:40128kiB  reps:1  perf err: 100.0%
OMP: Info #276: omp_set_nested routine deprecated, please use omp_set_max_active_levels instead.
[AUTO TUNE]     [014: 52243.30]  time:7.069998e-01  MLUPS:036936  cache block size:40128kiB  reps:2  perf err:  4.3%
OMP: Info #276: omp_set_nested routine deprecated, please use omp_set_max_active_levels instead.
[AUTO TUNE]     [014: 52032.03]  time:1.158210e+00  MLUPS:060264  cache block size:40128kiB  reps:3  perf err:  0.4%
OMP: Info #276: omp_set_nested routine deprecated, please use omp_set_max_active_levels instead.
[AUTO TUNE]     [016: 55510.27]  time:2.451438e-01  MLUPS:013608  cache block size:44080kiB  reps:1  perf err: 100.0%
OMP: Info #276: omp_set_nested routine deprecated, please use omp_set_max_active_levels instead.
[AUTO TUNE]     [016: 52967.66]  time:6.973311e-01  MLUPS:036936  cache block size:44080kiB  reps:2  perf err:  4.8%
OMP: Info #276: omp_set_nested routine deprecated, please use omp_set_max_active_levels instead.
[AUTO TUNE]     [016: 52344.01]  time:1.151306e+00  MLUPS:060264  cache block size:44080kiB  reps:3  perf err:  1.2%
OMP: Info #276: omp_set_nested routine deprecated, please use omp_set_max_active_levels instead.
[AUTO TUNE]     [018: 56119.25]  time:2.424837e-01  MLUPS:013608  cache block size:48032kiB  reps:1  perf err: 100.0%
OMP: Info #276: omp_set_nested routine deprecated, please use omp_set_max_active_levels instead.
[AUTO TUNE]     [018: 53085.75]  time:6.957799e-01  MLUPS:036936  cache block size:48032kiB  reps:2  perf err:  5.7%
OMP: Info #276: omp_set_nested routine deprecated, please use omp_set_max_active_levels instead.
[AUTO TUNE]     [018: 52799.25]  time:1.141380e+00  MLUPS:060264  cache block size:48032kiB  reps:3  perf err:  0.5%
OMP: Info #276: omp_set_nested routine deprecated, please use omp_set_max_active_levels instead.
[AUTO TUNE]     [020: 56834.73]  time:2.394311e-01  MLUPS:013608  cache block size:51984kiB  reps:1  perf err: 100.0%
OMP: Info #276: omp_set_nested routine deprecated, please use omp_set_max_active_levels instead.
[AUTO TUNE]     [020: 53674.10]  time:6.881531e-01  MLUPS:036936  cache block size:51984kiB  reps:2  perf err:  5.9%
OMP: Info #276: omp_set_nested routine deprecated, please use omp_set_max_active_levels instead.
[AUTO TUNE]     [020: 53171.98]  time:1.133379e+00  MLUPS:060264  cache block size:51984kiB  reps:3  perf err:  0.9%
OMP: Info #276: omp_set_nested routine deprecated, please use omp_set_max_active_levels instead.
[AUTO TUNE]     [022: 57370.95]  time:2.371932e-01  MLUPS:013608  cache block size:55936kiB  reps:1  perf err: 100.0%
OMP: Info #276: omp_set_nested routine deprecated, please use omp_set_max_active_levels instead.
[AUTO TUNE]     [022: 54088.56]  time:6.828801e-01  MLUPS:036936  cache block size:55936kiB  reps:2  perf err:  6.1%
OMP: Info #276: omp_set_nested routine deprecated, please use omp_set_max_active_levels instead.
[AUTO TUNE]     [022: 53467.45]  time:1.127116e+00  MLUPS:060264  cache block size:55936kiB  reps:3  perf err:  1.2%
OMP: Info #276: omp_set_nested routine deprecated, please use omp_set_max_active_levels instead.
[AUTO TUNE]     [024: 56797.46]  time:2.395882e-01  MLUPS:013608  cache block size:59888kiB  reps:1  perf err: 100.0%
OMP: Info #276: omp_set_nested routine deprecated, please use omp_set_max_active_levels instead.
[AUTO TUNE]     [024: 54126.60]  time:6.824001e-01  MLUPS:036936  cache block size:59888kiB  reps:2  perf err:  4.9%
OMP: Info #276: omp_set_nested routine deprecated, please use omp_set_max_active_levels instead.
[AUTO TUNE]     [024: 52850.89]  time:1.140265e+00  MLUPS:060264  cache block size:59888kiB  reps:3  perf err:  2.4%
[AUTO TUNE]   Diamond width:20  [wavefronts #: pefromance (MLUPS/s)]
OMP: Info #276: omp_set_nested routine deprecated, please use omp_set_max_active_levels instead.
[AUTO TUNE]     [002: 46368.97]  time:4.611705e-01  MLUPS:021384  cache block size:39520kiB  reps:1  perf err: 100.0%
OMP: Info #276: omp_set_nested routine deprecated, please use omp_set_max_active_levels instead.
[AUTO TUNE]     [002: 46156.21]  time:1.305653e+00  MLUPS:060264  cache block size:39520kiB  reps:2  perf err:  0.5%
OMP: Info #276: omp_set_nested routine deprecated, please use omp_set_max_active_levels instead.
[AUTO TUNE]     [004: 50415.03]  time:4.241592e-01  MLUPS:021384  cache block size:45904kiB  reps:1  perf err: 100.0%
OMP: Info #276: omp_set_nested routine deprecated, please use omp_set_max_active_levels instead.
[AUTO TUNE]     [004: 48912.19]  time:1.232086e+00  MLUPS:060264  cache block size:45904kiB  reps:2  perf err:  3.1%
OMP: Info #276: omp_set_nested routine deprecated, please use omp_set_max_active_levels instead.
[AUTO TUNE]     [004: 50724.85]  time:1.954545e+00  MLUPS:099144  cache block size:45904kiB  reps:3  perf err:  3.6%
OMP: Info #276: omp_set_nested routine deprecated, please use omp_set_max_active_levels instead.
[AUTO TUNE]     [004: 50148.00]  time:2.752333e+00  MLUPS:138024  cache block size:45904kiB  reps:4  perf err:  1.2%
OMP: Info #276: omp_set_nested routine deprecated, please use omp_set_max_active_levels instead.
[AUTO TUNE]     [006: 53673.50]  time:3.984089e-01  MLUPS:021384  cache block size:52288kiB  reps:1  perf err: 100.0%
OMP: Info #276: omp_set_nested routine deprecated, please use omp_set_max_active_levels instead.
[AUTO TUNE]     [006: 54253.08]  time:1.110794e+00  MLUPS:060264  cache block size:52288kiB  reps:2  perf err:  1.1%
OMP: Info #276: omp_set_nested routine deprecated, please use omp_set_max_active_levels instead.
[AUTO TUNE]     [008: 56096.61]  time:3.811995e-01  MLUPS:021384  cache block size:58672kiB  reps:1  perf err: 100.0%
OMP: Info #276: omp_set_nested routine deprecated, please use omp_set_max_active_levels instead.
[AUTO TUNE]     [008: 56621.47]  time:1.064331e+00  MLUPS:060264  cache block size:58672kiB  reps:2  perf err:  0.9%
OMP: Info #276: omp_set_nested routine deprecated, please use omp_set_max_active_levels instead.
[AUTO TUNE]     [010: 57614.19]  time:3.711585e-01  MLUPS:021384  cache block size:65056kiB  reps:1  perf err: 100.0%
OMP: Info #276: omp_set_nested routine deprecated, please use omp_set_max_active_levels instead.
[AUTO TUNE]     [010: 58679.76]  time:1.026998e+00  MLUPS:060264  cache block size:65056kiB  reps:2  perf err:  1.8%
OMP: Info #276: omp_set_nested routine deprecated, please use omp_set_max_active_levels instead.
[AUTO TUNE]     [012: 59596.74]  time:3.588116e-01  MLUPS:021384  cache block size:71440kiB  reps:1  perf err: 100.0%
OMP: Info #276: omp_set_nested routine deprecated, please use omp_set_max_active_levels instead.
[AUTO TUNE]     [012: 59673.36]  time:1.009898e+00  MLUPS:060264  cache block size:71440kiB  reps:2  perf err:  0.1%
OMP: Info #276: omp_set_nested routine deprecated, please use omp_set_max_active_levels instead.
[AUTO TUNE]     [014: 59039.02]  time:3.622012e-01  MLUPS:021384  cache block size:77824kiB  reps:1  perf err: 100.0%
OMP: Info #276: omp_set_nested routine deprecated, please use omp_set_max_active_levels instead.
[AUTO TUNE]     [014: 59922.88]  time:1.005693e+00  MLUPS:060264  cache block size:77824kiB  reps:2  perf err:  1.5%
OMP: Info #276: omp_set_nested routine deprecated, please use omp_set_max_active_levels instead.
[AUTO TUNE]     [016: 59555.86]  time:3.590579e-01  MLUPS:021384  cache block size:84208kiB  reps:1  perf err: 100.0%
OMP: Info #276: omp_set_nested routine deprecated, please use omp_set_max_active_levels instead.
[AUTO TUNE]     [016: 60225.92]  time:1.000632e+00  MLUPS:060264  cache block size:84208kiB  reps:2  perf err:  1.1%
OMP: Info #276: omp_set_nested routine deprecated, please use omp_set_max_active_levels instead.
[AUTO TUNE]     [018: 59977.30]  time:3.565349e-01  MLUPS:021384  cache block size:90592kiB  reps:1  perf err: 100.0%
OMP: Info #276: omp_set_nested routine deprecated, please use omp_set_max_active_levels instead.
[AUTO TUNE]     [018: 61149.29]  time:9.855225e-01  MLUPS:060264  cache block size:90592kiB  reps:2  perf err:  1.9%
OMP: Info #276: omp_set_nested routine deprecated, please use omp_set_max_active_levels instead.
[AUTO TUNE]     [020: 61361.70]  time:3.484910e-01  MLUPS:021384  cache block size:96976kiB  reps:1  perf err: 100.0%
OMP: Info #276: omp_set_nested routine deprecated, please use omp_set_max_active_levels instead.
[AUTO TUNE]     [020: 61946.87]  time:9.728336e-01  MLUPS:060264  cache block size:96976kiB  reps:2  perf err:  0.9%
OMP: Info #276: omp_set_nested routine deprecated, please use omp_set_max_active_levels instead.
[AUTO TUNE]     [022: 61144.03]  time:3.497316e-01  MLUPS:021384  cache block size:103360kiB  reps:1  perf err: 100.0%
OMP: Info #276: omp_set_nested routine deprecated, please use omp_set_max_active_levels instead.
[AUTO TUNE]     [022: 62332.76]  time:9.668110e-01  MLUPS:060264  cache block size:103360kiB  reps:2  perf err:  1.9%
OMP: Info #276: omp_set_nested routine deprecated, please use omp_set_max_active_levels instead.
[AUTO TUNE]     [024: 61475.55]  time:3.478456e-01  MLUPS:021384  cache block size:109744kiB  reps:1  perf err: 100.0%
OMP: Info #276: omp_set_nested routine deprecated, please use omp_set_max_active_levels instead.
[AUTO TUNE]     [024: 62368.34]  time:9.662595e-01  MLUPS:060264  cache block size:109744kiB  reps:2  perf err:  1.4%
OMP: Info #276: omp_set_nested routine deprecated, please use omp_set_max_active_levels instead.
[AUTO TUNE]     [026: 60977.22]  time:3.506883e-01  MLUPS:021384  cache block size:116128kiB  reps:1  perf err: 100.0%
OMP: Info #276: omp_set_nested routine deprecated, please use omp_set_max_active_levels instead.
[AUTO TUNE]     [026: 62345.96]  time:9.666063e-01  MLUPS:060264  cache block size:116128kiB  reps:2  perf err:  2.2%
[AUTO TUNE]   Diamond width:24  [wavefronts #: pefromance (MLUPS/s)]
OMP: Info #276: omp_set_nested routine deprecated, please use omp_set_max_active_levels instead.
[AUTO TUNE]     [002: 48554.89]  time:5.204832e-01  MLUPS:025272  cache block size:54720kiB  reps:1  perf err: 100.0%
OMP: Info #276: omp_set_nested routine deprecated, please use omp_set_max_active_levels instead.
[AUTO TUNE]     [002: 48171.21]  time:1.493174e+00  MLUPS:071928  cache block size:54720kiB  reps:2  perf err:  0.8%
OMP: Info #276: omp_set_nested routine deprecated, please use omp_set_max_active_levels instead.
[AUTO TUNE]     [004: 51889.21]  time:4.870377e-01  MLUPS:025272  cache block size:62320kiB  reps:1  perf err: 100.0%
OMP: Info #276: omp_set_nested routine deprecated, please use omp_set_max_active_levels instead.
[AUTO TUNE]     [004: 53278.36]  time:1.350042e+00  MLUPS:071928  cache block size:62320kiB  reps:2  perf err:  2.6%
OMP: Info #276: omp_set_nested routine deprecated, please use omp_set_max_active_levels instead.
[AUTO TUNE]     [004: 53495.76]  time:2.216699e+00  MLUPS:118584  cache block size:62320kiB  reps:3  perf err:  0.4%
OMP: Info #276: omp_set_nested routine deprecated, please use omp_set_max_active_levels instead.
[AUTO TUNE]     [006: 55351.82]  time:4.565703e-01  MLUPS:025272  cache block size:69920kiB  reps:1  perf err: 100.0%
OMP: Info #276: omp_set_nested routine deprecated, please use omp_set_max_active_levels instead.
[AUTO TUNE]     [006: 56030.57]  time:1.283728e+00  MLUPS:071928  cache block size:69920kiB  reps:2  perf err:  1.2%
OMP: Info #276: omp_set_nested routine deprecated, please use omp_set_max_active_levels instead.
[AUTO TUNE]     [008: 58002.49]  time:4.357054e-01  MLUPS:025272  cache block size:77520kiB  reps:1  perf err: 100.0%
OMP: Info #276: omp_set_nested routine deprecated, please use omp_set_max_active_levels instead.
[AUTO TUNE]     [008: 58546.41]  time:1.228564e+00  MLUPS:071928  cache block size:77520kiB  reps:2  perf err:  0.9%
OMP: Info #276: omp_set_nested routine deprecated, please use omp_set_max_active_levels instead.
[AUTO TUNE]     [010: 51671.50]  time:4.890898e-01  MLUPS:025272  cache block size:85120kiB  reps:1  perf err: 100.0%
OMP: Info #276: omp_set_nested routine deprecated, please use omp_set_max_active_levels instead.
[AUTO TUNE]     [010: 60474.52]  time:1.189393e+00  MLUPS:071928  cache block size:85120kiB  reps:2  perf err: 14.6%
OMP: Info #276: omp_set_nested routine deprecated, please use omp_set_max_active_levels instead.
[AUTO TUNE]     [010: 60743.11]  time:1.952222e+00  MLUPS:118584  cache block size:85120kiB  reps:3  perf err:  0.4%
OMP: Info #276: omp_set_nested routine deprecated, please use omp_set_max_active_levels instead.
[AUTO TUNE]     [012: 60290.29]  time:4.191720e-01  MLUPS:025272  cache block size:92720kiB  reps:1  perf err: 100.0%
OMP: Info #276: omp_set_nested routine deprecated, please use omp_set_max_active_levels instead.
[AUTO TUNE]     [012: 61268.05]  time:1.173989e+00  MLUPS:071928  cache block size:92720kiB  reps:2  perf err:  1.6%
OMP: Info #276: omp_set_nested routine deprecated, please use omp_set_max_active_levels instead.
[AUTO TUNE]     [014: 61549.02]  time:4.105995e-01  MLUPS:025272  cache block size:100320kiB  reps:1  perf err: 100.0%
OMP: Info #276: omp_set_nested routine deprecated, please use omp_set_max_active_levels instead.
[AUTO TUNE]     [014: 61959.81]  time:1.160882e+00  MLUPS:071928  cache block size:100320kiB  reps:2  perf err:  0.7%
OMP: Info #276: omp_set_nested routine deprecated, please use omp_set_max_active_levels instead.
[AUTO TUNE]     [016: 61394.23]  time:4.116347e-01  MLUPS:025272  cache block size:107920kiB  reps:1  perf err: 100.0%
OMP: Info #276: omp_set_nested routine deprecated, please use omp_set_max_active_levels instead.
[AUTO TUNE]     [016: 62709.65]  time:1.147001e+00  MLUPS:071928  cache block size:107920kiB  reps:2  perf err:  2.1%
OMP: Info #276: omp_set_nested routine deprecated, please use omp_set_max_active_levels instead.
[AUTO TUNE]     [018: 59427.88]  time:4.252549e-01  MLUPS:025272  cache block size:115520kiB  reps:1  perf err: 100.0%
OMP: Info #276: omp_set_nested routine deprecated, please use omp_set_max_active_levels instead.
[AUTO TUNE]     [018: 62853.09]  time:1.144383e+00  MLUPS:071928  cache block size:115520kiB  reps:2  perf err:  5.4%
OMP: Info #276: omp_set_nested routine deprecated, please use omp_set_max_active_levels instead.
[AUTO TUNE]     [018: 63433.24]  time:1.869430e+00  MLUPS:118584  cache block size:115520kiB  reps:3  perf err:  0.9%
OMP: Info #276: omp_set_nested routine deprecated, please use omp_set_max_active_levels instead.
[AUTO TUNE]     [020: 62938.72]  time:4.015334e-01  MLUPS:025272  cache block size:123120kiB  reps:1  perf err: 100.0%
OMP: Info #276: omp_set_nested routine deprecated, please use omp_set_max_active_levels instead.
[AUTO TUNE]     [020: 63532.95]  time:1.132137e+00  MLUPS:071928  cache block size:123120kiB  reps:2  perf err:  0.9%
OMP: Info #276: omp_set_nested routine deprecated, please use omp_set_max_active_levels instead.
[AUTO TUNE]     [022: 63358.67]  time:3.988720e-01  MLUPS:025272  cache block size:130720kiB  reps:1  perf err: 100.0%
OMP: Info #276: omp_set_nested routine deprecated, please use omp_set_max_active_levels instead.
[AUTO TUNE]     [022: 63284.87]  time:1.136575e+00  MLUPS:071928  cache block size:130720kiB  reps:2  perf err:  0.1%
[AUTO TUNE] COMPLETE tune case #08: Thread group size:08  thc:01  thx:02  thy:02  thz:02  t_dim:11  bs_z:20  perf:63532.95 MLUP/s

[AUTO TUNE] START tune case #09: Thread group size:08  thc:01  thx:02  thy:01  thz:04  Possilbe diam width: 4 8 12 20 24
[AUTO TUNE]   Diamond width:04  [wavefronts #: pefromance (MLUPS/s)]
OMP: Info #276: omp_set_nested routine deprecated, please use omp_set_max_active_levels instead.
[AUTO TUNE]     [004: 28882.61]  time:2.019208e-01  MLUPS:005832  cache block size:4560kiB  reps:1  perf err: 100.0%
OMP: Info #276: omp_set_nested routine deprecated, please use omp_set_max_active_levels instead.
[AUTO TUNE]     [004: 23459.89]  time:5.800539e-01  MLUPS:013608  cache block size:4560kiB  reps:2  perf err: 23.1%
OMP: Info #276: omp_set_nested routine deprecated, please use omp_set_max_active_levels instead.
[AUTO TUNE]     [004: 22109.02]  time:9.672070e-01  MLUPS:021384  cache block size:4560kiB  reps:3  perf err:  6.1%
OMP: Info #276: omp_set_nested routine deprecated, please use omp_set_max_active_levels instead.
[AUTO TUNE]     [004: 21605.29]  time:1.349670e+00  MLUPS:029160  cache block size:4560kiB  reps:4  perf err:  2.3%
OMP: Info #276: omp_set_nested routine deprecated, please use omp_set_max_active_levels instead.
[AUTO TUNE]     [008: 32598.70]  time:1.789028e-01  MLUPS:005832  cache block size:7600kiB  reps:1  perf err: 100.0%
OMP: Info #276: omp_set_nested routine deprecated, please use omp_set_max_active_levels instead.
[AUTO TUNE]     [008: 26354.61]  time:5.163422e-01  MLUPS:013608  cache block size:7600kiB  reps:2  perf err: 23.7%
OMP: Info #276: omp_set_nested routine deprecated, please use omp_set_max_active_levels instead.
[AUTO TUNE]     [008: 25048.69]  time:8.536973e-01  MLUPS:021384  cache block size:7600kiB  reps:3  perf err:  5.2%
OMP: Info #276: omp_set_nested routine deprecated, please use omp_set_max_active_levels instead.
[AUTO TUNE]     [008: 24391.33]  time:1.195507e+00  MLUPS:029160  cache block size:7600kiB  reps:4  perf err:  2.7%
OMP: Info #276: omp_set_nested routine deprecated, please use omp_set_max_active_levels instead.
[AUTO TUNE]     [008: 24002.20]  time:1.538859e+00  MLUPS:036936  cache block size:7600kiB  reps:5  perf err:  1.6%
OMP: Info #276: omp_set_nested routine deprecated, please use omp_set_max_active_levels instead.
[AUTO TUNE]     [012: 36099.33]  time:1.615542e-01  MLUPS:005832  cache block size:10640kiB  reps:1  perf err: 100.0%
OMP: Info #276: omp_set_nested routine deprecated, please use omp_set_max_active_levels instead.
[AUTO TUNE]     [012: 28592.42]  time:4.759304e-01  MLUPS:013608  cache block size:10640kiB  reps:2  perf err: 26.3%
OMP: Info #276: omp_set_nested routine deprecated, please use omp_set_max_active_levels instead.
[AUTO TUNE]     [012: 27245.26]  time:7.848706e-01  MLUPS:021384  cache block size:10640kiB  reps:3  perf err:  4.9%
OMP: Info #276: omp_set_nested routine deprecated, please use omp_set_max_active_levels instead.
[AUTO TUNE]     [012: 26632.92]  time:1.094886e+00  MLUPS:029160  cache block size:10640kiB  reps:4  perf err:  2.3%
OMP: Info #276: omp_set_nested routine deprecated, please use omp_set_max_active_levels instead.
[AUTO TUNE]     [016: 38561.09]  time:1.512406e-01  MLUPS:005832  cache block size:13680kiB  reps:1  perf err: 100.0%
OMP: Info #276: omp_set_nested routine deprecated, please use omp_set_max_active_levels instead.
[AUTO TUNE]     [016: 30129.02]  time:4.516576e-01  MLUPS:013608  cache block size:13680kiB  reps:2  perf err: 28.0%
OMP: Info #276: omp_set_nested routine deprecated, please use omp_set_max_active_levels instead.
[AUTO TUNE]     [016: 28671.62]  time:7.458246e-01  MLUPS:021384  cache block size:13680kiB  reps:3  perf err:  5.1%
OMP: Info #276: omp_set_nested routine deprecated, please use omp_set_max_active_levels instead.
[AUTO TUNE]     [016: 28081.24]  time:1.038416e+00  MLUPS:029160  cache block size:13680kiB  reps:4  perf err:  2.1%
OMP: Info #276: omp_set_nested routine deprecated, please use omp_set_max_active_levels instead.
[AUTO TUNE]     [020: 39626.80]  time:1.471731e-01  MLUPS:005832  cache block size:16720kiB  reps:1  perf err: 100.0%
OMP: Info #276: omp_set_nested routine deprecated, please use omp_set_max_active_levels instead.
[AUTO TUNE]     [020: 31463.49]  time:4.325012e-01  MLUPS:013608  cache block size:16720kiB  reps:2  perf err: 25.9%
OMP: Info #276: omp_set_nested routine deprecated, please use omp_set_max_active_levels instead.
[AUTO TUNE]     [020: 29413.85]  time:7.270044e-01  MLUPS:021384  cache block size:16720kiB  reps:3  perf err:  7.0%
OMP: Info #276: omp_set_nested routine deprecated, please use omp_set_max_active_levels instead.
[AUTO TUNE]     [020: 28665.72]  time:1.017243e+00  MLUPS:029160  cache block size:16720kiB  reps:4  perf err:  2.6%
OMP: Info #276: omp_set_nested routine deprecated, please use omp_set_max_active_levels instead.
[AUTO TUNE]     [020: 28429.30]  time:1.299223e+00  MLUPS:036936  cache block size:16720kiB  reps:5  perf err:  0.8%
OMP: Info #276: omp_set_nested routine deprecated, please use omp_set_max_active_levels instead.
[AUTO TUNE]     [024: 39654.23]  time:1.470713e-01  MLUPS:005832  cache block size:19760kiB  reps:1  perf err: 100.0%
OMP: Info #276: omp_set_nested routine deprecated, please use omp_set_max_active_levels instead.
[AUTO TUNE]     [024: 31064.84]  time:4.380514e-01  MLUPS:013608  cache block size:19760kiB  reps:2  perf err: 27.6%
OMP: Info #276: omp_set_nested routine deprecated, please use omp_set_max_active_levels instead.
[AUTO TUNE]     [024: 29911.21]  time:7.149160e-01  MLUPS:021384  cache block size:19760kiB  reps:3  perf err:  3.9%
OMP: Info #276: omp_set_nested routine deprecated, please use omp_set_max_active_levels instead.
[AUTO TUNE]     [024: 29044.35]  time:1.003982e+00  MLUPS:029160  cache block size:19760kiB  reps:4  perf err:  3.0%
OMP: Info #276: omp_set_nested routine deprecated, please use omp_set_max_active_levels instead.
[AUTO TUNE]     [024: 28410.68]  time:1.300074e+00  MLUPS:036936  cache block size:19760kiB  reps:5  perf err:  2.2%
[AUTO TUNE]   Diamond width:08  [wavefronts #: pefromance (MLUPS/s)]
OMP: Info #276: omp_set_nested routine deprecated, please use omp_set_max_active_levels instead.
[AUTO TUNE]     [004: 38572.43]  time:2.519935e-01  MLUPS:009720  cache block size:11248kiB  reps:1  perf err: 100.0%
OMP: Info #276: omp_set_nested routine deprecated, please use omp_set_max_active_levels instead.
[AUTO TUNE]     [004: 34209.93]  time:7.387328e-01  MLUPS:025272  cache block size:11248kiB  reps:2  perf err: 12.8%
OMP: Info #276: omp_set_nested routine deprecated, please use omp_set_max_active_levels instead.
[AUTO TUNE]     [004: 33648.93]  time:1.213233e+00  MLUPS:040824  cache block size:11248kiB  reps:3  perf err:  1.7%
OMP: Info #276: omp_set_nested routine deprecated, please use omp_set_max_active_levels instead.
[AUTO TUNE]     [008: 43607.02]  time:2.228999e-01  MLUPS:009720  cache block size:16720kiB  reps:1  perf err: 100.0%
OMP: Info #276: omp_set_nested routine deprecated, please use omp_set_max_active_levels instead.
[AUTO TUNE]     [008: 38873.30]  time:6.501121e-01  MLUPS:025272  cache block size:16720kiB  reps:2  perf err: 12.2%
OMP: Info #276: omp_set_nested routine deprecated, please use omp_set_max_active_levels instead.
[AUTO TUNE]     [008: 37816.64]  time:1.079525e+00  MLUPS:040824  cache block size:16720kiB  reps:3  perf err:  2.8%
OMP: Info #276: omp_set_nested routine deprecated, please use omp_set_max_active_levels instead.
[AUTO TUNE]     [008: 37820.02]  time:1.490639e+00  MLUPS:056376  cache block size:16720kiB  reps:4  perf err:  0.0%
OMP: Info #276: omp_set_nested routine deprecated, please use omp_set_max_active_levels instead.
[AUTO TUNE]     [012: 47683.54]  time:2.038439e-01  MLUPS:009720  cache block size:22192kiB  reps:1  perf err: 100.0%
OMP: Info #276: omp_set_nested routine deprecated, please use omp_set_max_active_levels instead.
[AUTO TUNE]     [012: 43143.56]  time:5.857653e-01  MLUPS:025272  cache block size:22192kiB  reps:2  perf err: 10.5%
OMP: Info #276: omp_set_nested routine deprecated, please use omp_set_max_active_levels instead.
[AUTO TUNE]     [012: 42006.72]  time:9.718446e-01  MLUPS:040824  cache block size:22192kiB  reps:3  perf err:  2.7%
OMP: Info #276: omp_set_nested routine deprecated, please use omp_set_max_active_levels instead.
[AUTO TUNE]     [012: 41946.89]  time:1.343985e+00  MLUPS:056376  cache block size:22192kiB  reps:4  perf err:  0.1%
OMP: Info #276: omp_set_nested routine deprecated, please use omp_set_max_active_levels instead.
[AUTO TUNE]     [016: 50280.61]  time:1.933151e-01  MLUPS:009720  cache block size:27664kiB  reps:1  perf err: 100.0%
OMP: Info #276: omp_set_nested routine deprecated, please use omp_set_max_active_levels instead.
[AUTO TUNE]     [016: 45318.78]  time:5.576496e-01  MLUPS:025272  cache block size:27664kiB  reps:2  perf err: 10.9%
OMP: Info #276: omp_set_nested routine deprecated, please use omp_set_max_active_levels instead.
[AUTO TUNE]     [016: 44102.49]  time:9.256620e-01  MLUPS:040824  cache block size:27664kiB  reps:3  perf err:  2.8%
OMP: Info #276: omp_set_nested routine deprecated, please use omp_set_max_active_levels instead.
[AUTO TUNE]     [016: 44013.37]  time:1.280884e+00  MLUPS:056376  cache block size:27664kiB  reps:4  perf err:  0.2%
OMP: Info #276: omp_set_nested routine deprecated, please use omp_set_max_active_levels instead.
[AUTO TUNE]     [020: 51729.54]  time:1.879004e-01  MLUPS:009720  cache block size:33136kiB  reps:1  perf err: 100.0%
OMP: Info #276: omp_set_nested routine deprecated, please use omp_set_max_active_levels instead.
[AUTO TUNE]     [020: 46387.13]  time:5.448062e-01  MLUPS:025272  cache block size:33136kiB  reps:2  perf err: 11.5%
OMP: Info #276: omp_set_nested routine deprecated, please use omp_set_max_active_levels instead.
[AUTO TUNE]     [020: 45506.19]  time:8.971086e-01  MLUPS:040824  cache block size:33136kiB  reps:3  perf err:  1.9%
OMP: Info #276: omp_set_nested routine deprecated, please use omp_set_max_active_levels instead.
[AUTO TUNE]     [024: 52828.64]  time:1.839911e-01  MLUPS:009720  cache block size:38608kiB  reps:1  perf err: 100.0%
OMP: Info #276: omp_set_nested routine deprecated, please use omp_set_max_active_levels instead.
[AUTO TUNE]     [024: 47556.39]  time:5.314112e-01  MLUPS:025272  cache block size:38608kiB  reps:2  perf err: 11.1%
OMP: Info #276: omp_set_nested routine deprecated, please use omp_set_max_active_levels instead.
[AUTO TUNE]     [024: 46547.00]  time:8.770489e-01  MLUPS:040824  cache block size:38608kiB  reps:3  perf err:  2.2%
OMP: Info #276: omp_set_nested routine deprecated, please use omp_set_max_active_levels instead.
[AUTO TUNE]     [028: 52697.07]  time:1.844505e-01  MLUPS:009720  cache block size:44080kiB  reps:1  perf err: 100.0%
OMP: Info #276: omp_set_nested routine deprecated, please use omp_set_max_active_levels instead.
[AUTO TUNE]     [028: 48126.10]  time:5.251205e-01  MLUPS:025272  cache block size:44080kiB  reps:2  perf err:  9.5%
OMP: Info #276: omp_set_nested routine deprecated, please use omp_set_max_active_levels instead.
[AUTO TUNE]     [028: 47194.32]  time:8.650193e-01  MLUPS:040824  cache block size:44080kiB  reps:3  perf err:  2.0%
OMP: Info #276: omp_set_nested routine deprecated, please use omp_set_max_active_levels instead.
[AUTO TUNE]     [032: 53653.92]  time:1.811610e-01  MLUPS:009720  cache block size:49552kiB  reps:1  perf err: 100.0%
OMP: Info #276: omp_set_nested routine deprecated, please use omp_set_max_active_levels instead.
[AUTO TUNE]     [032: 48622.85]  time:5.197556e-01  MLUPS:025272  cache block size:49552kiB  reps:2  perf err: 10.3%
OMP: Info #276: omp_set_nested routine deprecated, please use omp_set_max_active_levels instead.
[AUTO TUNE]     [032: 47955.59]  time:8.512876e-01  MLUPS:040824  cache block size:49552kiB  reps:3  perf err:  1.4%
OMP: Info #276: omp_set_nested routine deprecated, please use omp_set_max_active_levels instead.
[AUTO TUNE]     [036: 53544.38]  time:1.815316e-01  MLUPS:009720  cache block size:55024kiB  reps:1  perf err: 100.0%
OMP: Info #276: omp_set_nested routine deprecated, please use omp_set_max_active_levels instead.
[AUTO TUNE]     [036: 49021.01]  time:5.155340e-01  MLUPS:025272  cache block size:55024kiB  reps:2  perf err:  9.2%
OMP: Info #276: omp_set_nested routine deprecated, please use omp_set_max_active_levels instead.
[AUTO TUNE]     [036: 48057.52]  time:8.494820e-01  MLUPS:040824  cache block size:55024kiB  reps:3  perf err:  2.0%
OMP: Info #276: omp_set_nested routine deprecated, please use omp_set_max_active_levels instead.
[AUTO TUNE]     [040: 54747.36]  time:1.775428e-01  MLUPS:009720  cache block size:60496kiB  reps:1  perf err: 100.0%
OMP: Info #276: omp_set_nested routine deprecated, please use omp_set_max_active_levels instead.
[AUTO TUNE]     [040: 49366.88]  time:5.119222e-01  MLUPS:025272  cache block size:60496kiB  reps:2  perf err: 10.9%
OMP: Info #276: omp_set_nested routine deprecated, please use omp_set_max_active_levels instead.
[AUTO TUNE]     [040: 48411.65]  time:8.432681e-01  MLUPS:040824  cache block size:60496kiB  reps:3  perf err:  2.0%
OMP: Info #276: omp_set_nested routine deprecated, please use omp_set_max_active_levels instead.
[AUTO TUNE]     [044: 54734.28]  time:1.775852e-01  MLUPS:009720  cache block size:65968kiB  reps:1  perf err: 100.0%
OMP: Info #276: omp_set_nested routine deprecated, please use omp_set_max_active_levels instead.
[AUTO TUNE]     [044: 49752.79]  time:5.079514e-01  MLUPS:025272  cache block size:65968kiB  reps:2  perf err: 10.0%
OMP: Info #276: omp_set_nested routine deprecated, please use omp_set_max_active_levels instead.
[AUTO TUNE]     [044: 48404.60]  time:8.433909e-01  MLUPS:040824  cache block size:65968kiB  reps:3  perf err:  2.8%
OMP: Info #276: omp_set_nested routine deprecated, please use omp_set_max_active_levels instead.
[AUTO TUNE]     [044: 48357.98]  time:1.165806e+00  MLUPS:056376  cache block size:65968kiB  reps:4  perf err:  0.1%
[AUTO TUNE]   Diamond width:12  [wavefronts #: pefromance (MLUPS/s)]
OMP: Info #276: omp_set_nested routine deprecated, please use omp_set_max_active_levels instead.
[AUTO TUNE]     [004: 43182.82]  time:3.151253e-01  MLUPS:013608  cache block size:20368kiB  reps:1  perf err: 100.0%
OMP: Info #276: omp_set_nested routine deprecated, please use omp_set_max_active_levels instead.
[AUTO TUNE]     [004: 40684.80]  time:9.078574e-01  MLUPS:036936  cache block size:20368kiB  reps:2  perf err:  6.1%
OMP: Info #276: omp_set_nested routine deprecated, please use omp_set_max_active_levels instead.
[AUTO TUNE]     [004: 40425.64]  time:1.490737e+00  MLUPS:060264  cache block size:20368kiB  reps:3  perf err:  0.6%
OMP: Info #276: omp_set_nested routine deprecated, please use omp_set_max_active_levels instead.
[AUTO TUNE]     [008: 48869.24]  time:2.784574e-01  MLUPS:013608  cache block size:28272kiB  reps:1  perf err: 100.0%
OMP: Info #276: omp_set_nested routine deprecated, please use omp_set_max_active_levels instead.
[AUTO TUNE]     [008: 46553.79]  time:7.934047e-01  MLUPS:036936  cache block size:28272kiB  reps:2  perf err:  5.0%
OMP: Info #276: omp_set_nested routine deprecated, please use omp_set_max_active_levels instead.
[AUTO TUNE]     [008: 45915.75]  time:1.312491e+00  MLUPS:060264  cache block size:28272kiB  reps:3  perf err:  1.4%
OMP: Info #276: omp_set_nested routine deprecated, please use omp_set_max_active_levels instead.
[AUTO TUNE]     [012: 53009.57]  time:2.567084e-01  MLUPS:013608  cache block size:36176kiB  reps:1  perf err: 100.0%
OMP: Info #276: omp_set_nested routine deprecated, please use omp_set_max_active_levels instead.
[AUTO TUNE]     [012: 50951.83]  time:7.249199e-01  MLUPS:036936  cache block size:36176kiB  reps:2  perf err:  4.0%
OMP: Info #276: omp_set_nested routine deprecated, please use omp_set_max_active_levels instead.
[AUTO TUNE]     [012: 50630.54]  time:1.190270e+00  MLUPS:060264  cache block size:36176kiB  reps:3  perf err:  0.6%
OMP: Info #276: omp_set_nested routine deprecated, please use omp_set_max_active_levels instead.
[AUTO TUNE]     [016: 56232.27]  time:2.419963e-01  MLUPS:013608  cache block size:44080kiB  reps:1  perf err: 100.0%
OMP: Info #276: omp_set_nested routine deprecated, please use omp_set_max_active_levels instead.
[AUTO TUNE]     [016: 53717.71]  time:6.875945e-01  MLUPS:036936  cache block size:44080kiB  reps:2  perf err:  4.7%
OMP: Info #276: omp_set_nested routine deprecated, please use omp_set_max_active_levels instead.
[AUTO TUNE]     [016: 53382.63]  time:1.128907e+00  MLUPS:060264  cache block size:44080kiB  reps:3  perf err:  0.6%
OMP: Info #276: omp_set_nested routine deprecated, please use omp_set_max_active_levels instead.
[AUTO TUNE]     [020: 54620.31]  time:2.491381e-01  MLUPS:013608  cache block size:51984kiB  reps:1  perf err: 100.0%
OMP: Info #276: omp_set_nested routine deprecated, please use omp_set_max_active_levels instead.
[AUTO TUNE]     [020: 55340.40]  time:6.674328e-01  MLUPS:036936  cache block size:51984kiB  reps:2  perf err:  1.3%
OMP: Info #276: omp_set_nested routine deprecated, please use omp_set_max_active_levels instead.
[AUTO TUNE]     [024: 59062.69]  time:2.303993e-01  MLUPS:013608  cache block size:59888kiB  reps:1  perf err: 100.0%
OMP: Info #276: omp_set_nested routine deprecated, please use omp_set_max_active_levels instead.
[AUTO TUNE]     [024: 56202.01]  time:6.572007e-01  MLUPS:036936  cache block size:59888kiB  reps:2  perf err:  5.1%
OMP: Info #276: omp_set_nested routine deprecated, please use omp_set_max_active_levels instead.
[AUTO TUNE]     [024: 55891.23]  time:1.078237e+00  MLUPS:060264  cache block size:59888kiB  reps:3  perf err:  0.6%
OMP: Info #276: omp_set_nested routine deprecated, please use omp_set_max_active_levels instead.
[AUTO TUNE]     [028: 59212.27]  time:2.298172e-01  MLUPS:013608  cache block size:67792kiB  reps:1  perf err: 100.0%
OMP: Info #276: omp_set_nested routine deprecated, please use omp_set_max_active_levels instead.
[AUTO TUNE]     [028: 56023.97]  time:6.592893e-01  MLUPS:036936  cache block size:67792kiB  reps:2  perf err:  5.7%
OMP: Info #276: omp_set_nested routine deprecated, please use omp_set_max_active_levels instead.
[AUTO TUNE]     [028: 55684.07]  time:1.082249e+00  MLUPS:060264  cache block size:67792kiB  reps:3  perf err:  0.6%
[AUTO TUNE]   Diamond width:20  [wavefronts #: pefromance (MLUPS/s)]
OMP: Info #276: omp_set_nested routine deprecated, please use omp_set_max_active_levels instead.
[AUTO TUNE]     [004: 47255.73]  time:4.525165e-01  MLUPS:021384  cache block size:45904kiB  reps:1  perf err: 100.0%
OMP: Info #276: omp_set_nested routine deprecated, please use omp_set_max_active_levels instead.
[AUTO TUNE]     [004: 47899.55]  time:1.258133e+00  MLUPS:060264  cache block size:45904kiB  reps:2  perf err:  1.3%
OMP: Info #276: omp_set_nested routine deprecated, please use omp_set_max_active_levels instead.
[AUTO TUNE]     [008: 54118.35]  time:3.951340e-01  MLUPS:021384  cache block size:58672kiB  reps:1  perf err: 100.0%
OMP: Info #276: omp_set_nested routine deprecated, please use omp_set_max_active_levels instead.
[AUTO TUNE]     [008: 54356.84]  time:1.108674e+00  MLUPS:060264  cache block size:58672kiB  reps:2  perf err:  0.4%
OMP: Info #276: omp_set_nested routine deprecated, please use omp_set_max_active_levels instead.
[AUTO TUNE]     [012: 57884.71]  time:3.694240e-01  MLUPS:021384  cache block size:71440kiB  reps:1  perf err: 100.0%
OMP: Info #276: omp_set_nested routine deprecated, please use omp_set_max_active_levels instead.
[AUTO TUNE]     [012: 58319.30]  time:1.033346e+00  MLUPS:060264  cache block size:71440kiB  reps:2  perf err:  0.7%
OMP: Info #276: omp_set_nested routine deprecated, please use omp_set_max_active_levels instead.
[AUTO TUNE]     [016: 53286.92]  time:4.012992e-01  MLUPS:021384  cache block size:84208kiB  reps:1  perf err: 100.0%
OMP: Info #276: omp_set_nested routine deprecated, please use omp_set_max_active_levels instead.
[AUTO TUNE]     [016: 60850.46]  time:9.903624e-01  MLUPS:060264  cache block size:84208kiB  reps:2  perf err: 12.4%
OMP: Info #276: omp_set_nested routine deprecated, please use omp_set_max_active_levels instead.
[AUTO TUNE]     [016: 60844.81]  time:1.629457e+00  MLUPS:099144  cache block size:84208kiB  reps:3  perf err:  0.0%
OMP: Info #276: omp_set_nested routine deprecated, please use omp_set_max_active_levels instead.
[AUTO TUNE]     [020: 61063.91]  time:3.501905e-01  MLUPS:021384  cache block size:96976kiB  reps:1  perf err: 100.0%
OMP: Info #276: omp_set_nested routine deprecated, please use omp_set_max_active_levels instead.
[AUTO TUNE]     [020: 61658.26]  time:9.773873e-01  MLUPS:060264  cache block size:96976kiB  reps:2  perf err:  1.0%
OMP: Info #276: omp_set_nested routine deprecated, please use omp_set_max_active_levels instead.
[AUTO TUNE]     [024: 60903.05]  time:3.511154e-01  MLUPS:021384  cache block size:109744kiB  reps:1  perf err: 100.0%
OMP: Info #276: omp_set_nested routine deprecated, please use omp_set_max_active_levels instead.
[AUTO TUNE]     [024: 62055.82]  time:9.711257e-01  MLUPS:060264  cache block size:109744kiB  reps:2  perf err:  1.9%
OMP: Info #276: omp_set_nested routine deprecated, please use omp_set_max_active_levels instead.
[AUTO TUNE]     [028: 61181.49]  time:3.495175e-01  MLUPS:021384  cache block size:122512kiB  reps:1  perf err: 100.0%
OMP: Info #276: omp_set_nested routine deprecated, please use omp_set_max_active_levels instead.
[AUTO TUNE]     [028: 62512.07]  time:9.640378e-01  MLUPS:060264  cache block size:122512kiB  reps:2  perf err:  2.1%
OMP: Info #276: omp_set_nested routine deprecated, please use omp_set_max_active_levels instead.
[AUTO TUNE]     [032: 62049.34]  time:3.446290e-01  MLUPS:021384  cache block size:135280kiB  reps:1  perf err: 100.0%
OMP: Info #276: omp_set_nested routine deprecated, please use omp_set_max_active_levels instead.
[AUTO TUNE]     [032: 62440.62]  time:9.651410e-01  MLUPS:060264  cache block size:135280kiB  reps:2  perf err:  0.6%
[AUTO TUNE]   Diamond width:24  [wavefronts #: pefromance (MLUPS/s)]
OMP: Info #276: omp_set_nested routine deprecated, please use omp_set_max_active_levels instead.
[AUTO TUNE]     [004: 49249.14]  time:5.131460e-01  MLUPS:025272  cache block size:62320kiB  reps:1  perf err: 100.0%
OMP: Info #276: omp_set_nested routine deprecated, please use omp_set_max_active_levels instead.
[AUTO TUNE]     [004: 50025.89]  time:1.437815e+00  MLUPS:071928  cache block size:62320kiB  reps:2  perf err:  1.6%
OMP: Info #276: omp_set_nested routine deprecated, please use omp_set_max_active_levels instead.
[AUTO TUNE]     [008: 53686.51]  time:4.707328e-01  MLUPS:025272  cache block size:77520kiB  reps:1  perf err: 100.0%
OMP: Info #276: omp_set_nested routine deprecated, please use omp_set_max_active_levels instead.
[AUTO TUNE]     [008: 56033.38]  time:1.283663e+00  MLUPS:071928  cache block size:77520kiB  reps:2  perf err:  4.2%
OMP: Info #276: omp_set_nested routine deprecated, please use omp_set_max_active_levels instead.
[AUTO TUNE]     [008: 55955.88]  time:2.119241e+00  MLUPS:118584  cache block size:77520kiB  reps:3  perf err:  0.1%
OMP: Info #276: omp_set_nested routine deprecated, please use omp_set_max_active_levels instead.
[AUTO TUNE]     [012: 58972.40]  time:4.285394e-01  MLUPS:025272  cache block size:92720kiB  reps:1  perf err: 100.0%
OMP: Info #276: omp_set_nested routine deprecated, please use omp_set_max_active_levels instead.
[AUTO TUNE]     [012: 60027.33]  time:1.198254e+00  MLUPS:071928  cache block size:92720kiB  reps:2  perf err:  1.8%
OMP: Info #276: omp_set_nested routine deprecated, please use omp_set_max_active_levels instead.
[AUTO TUNE]     [016: 60514.43]  time:4.176194e-01  MLUPS:025272  cache block size:107920kiB  reps:1  perf err: 100.0%
OMP: Info #276: omp_set_nested routine deprecated, please use omp_set_max_active_levels instead.
[AUTO TUNE]     [016: 62305.30]  time:1.154444e+00  MLUPS:071928  cache block size:107920kiB  reps:2  perf err:  2.9%
OMP: Info #276: omp_set_nested routine deprecated, please use omp_set_max_active_levels instead.
[AUTO TUNE]     [016: 62358.16]  time:1.901660e+00  MLUPS:118584  cache block size:107920kiB  reps:3  perf err:  0.1%
OMP: Info #276: omp_set_nested routine deprecated, please use omp_set_max_active_levels instead.
[AUTO TUNE]     [020: 55393.43]  time:4.562274e-01  MLUPS:025272  cache block size:123120kiB  reps:1  perf err: 100.0%
OMP: Info #276: omp_set_nested routine deprecated, please use omp_set_max_active_levels instead.
[AUTO TUNE]     [020: 63297.81]  time:1.136343e+00  MLUPS:071928  cache block size:123120kiB  reps:2  perf err: 12.5%
OMP: Info #276: omp_set_nested routine deprecated, please use omp_set_max_active_levels instead.
[AUTO TUNE]     [020: 63599.31]  time:1.864549e+00  MLUPS:118584  cache block size:123120kiB  reps:3  perf err:  0.5%
OMP: Info #276: omp_set_nested routine deprecated, please use omp_set_max_active_levels instead.
[AUTO TUNE]     [024: 62049.44]  time:4.072881e-01  MLUPS:025272  cache block size:138320kiB  reps:1  perf err: 100.0%
OMP: Info #276: omp_set_nested routine deprecated, please use omp_set_max_active_levels instead.
[AUTO TUNE]     [024: 63057.60]  time:1.140671e+00  MLUPS:071928  cache block size:138320kiB  reps:2  perf err:  1.6%
[AUTO TUNE] COMPLETE tune case #09: Thread group size:08  thc:01  thx:02  thy:01  thz:04  t_dim:11  bs_z:20  perf:63599.31 MLUP/s

[AUTO TUNE] START tune case #10: Thread group size:08  thc:01  thx:01  thy:02  thz:04  Possilbe diam width: 4 8 12 20 24
[AUTO TUNE]   Diamond width:04  [wavefronts #: pefromance (MLUPS/s)]
OMP: Info #276: omp_set_nested routine deprecated, please use omp_set_max_active_levels instead.
[AUTO TUNE]     [004: 28059.39]  time:2.078448e-01  MLUPS:005832  cache block size:4560kiB  reps:1  perf err: 100.0%
OMP: Info #276: omp_set_nested routine deprecated, please use omp_set_max_active_levels instead.
[AUTO TUNE]     [004: 22666.14]  time:6.003668e-01  MLUPS:013608  cache block size:4560kiB  reps:2  perf err: 23.8%
OMP: Info #276: omp_set_nested routine deprecated, please use omp_set_max_active_levels instead.
[AUTO TUNE]     [004: 21427.52]  time:9.979688e-01  MLUPS:021384  cache block size:4560kiB  reps:3  perf err:  5.8%
OMP: Info #276: omp_set_nested routine deprecated, please use omp_set_max_active_levels instead.
[AUTO TUNE]     [004: 21607.94]  time:1.349504e+00  MLUPS:029160  cache block size:4560kiB  reps:4  perf err:  0.8%
OMP: Info #276: omp_set_nested routine deprecated, please use omp_set_max_active_levels instead.
[AUTO TUNE]     [008: 29062.03]  time:2.006742e-01  MLUPS:005832  cache block size:7600kiB  reps:1  perf err: 100.0%
OMP: Info #276: omp_set_nested routine deprecated, please use omp_set_max_active_levels instead.
[AUTO TUNE]     [008: 23495.06]  time:5.791855e-01  MLUPS:013608  cache block size:7600kiB  reps:2  perf err: 23.7%
OMP: Info #276: omp_set_nested routine deprecated, please use omp_set_max_active_levels instead.
[AUTO TUNE]     [008: 22535.77]  time:9.488913e-01  MLUPS:021384  cache block size:7600kiB  reps:3  perf err:  4.3%
OMP: Info #276: omp_set_nested routine deprecated, please use omp_set_max_active_levels instead.
[AUTO TUNE]     [008: 22590.51]  time:1.290808e+00  MLUPS:029160  cache block size:7600kiB  reps:4  perf err:  0.2%
OMP: Info #276: omp_set_nested routine deprecated, please use omp_set_max_active_levels instead.
[AUTO TUNE]     [012: 29028.67]  time:2.009049e-01  MLUPS:005832  cache block size:10640kiB  reps:1  perf err: 100.0%
OMP: Info #276: omp_set_nested routine deprecated, please use omp_set_max_active_levels instead.
[AUTO TUNE]     [012: 24878.92]  time:5.469690e-01  MLUPS:013608  cache block size:10640kiB  reps:2  perf err: 16.7%
OMP: Info #276: omp_set_nested routine deprecated, please use omp_set_max_active_levels instead.
[AUTO TUNE]     [012: 23229.42]  time:9.205569e-01  MLUPS:021384  cache block size:10640kiB  reps:3  perf err:  7.1%
OMP: Info #276: omp_set_nested routine deprecated, please use omp_set_max_active_levels instead.
[AUTO TUNE]     [012: 23162.74]  time:1.258918e+00  MLUPS:029160  cache block size:10640kiB  reps:4  perf err:  0.3%
OMP: Info #276: omp_set_nested routine deprecated, please use omp_set_max_active_levels instead.
[AUTO TUNE]     [016: 32362.38]  time:1.802093e-01  MLUPS:005832  cache block size:13680kiB  reps:1  perf err: 100.0%
OMP: Info #276: omp_set_nested routine deprecated, please use omp_set_max_active_levels instead.
[AUTO TUNE]     [016: 25524.72]  time:5.331302e-01  MLUPS:013608  cache block size:13680kiB  reps:2  perf err: 26.8%
OMP: Info #276: omp_set_nested routine deprecated, please use omp_set_max_active_levels instead.
[AUTO TUNE]     [016: 24018.14]  time:8.903270e-01  MLUPS:021384  cache block size:13680kiB  reps:3  perf err:  6.3%
OMP: Info #276: omp_set_nested routine deprecated, please use omp_set_max_active_levels instead.
[AUTO TUNE]     [016: 23494.01]  time:1.241168e+00  MLUPS:029160  cache block size:13680kiB  reps:4  perf err:  2.2%
OMP: Info #276: omp_set_nested routine deprecated, please use omp_set_max_active_levels instead.
[AUTO TUNE]     [020: 32078.85]  time:1.818021e-01  MLUPS:005832  cache block size:16720kiB  reps:1  perf err: 100.0%
OMP: Info #276: omp_set_nested routine deprecated, please use omp_set_max_active_levels instead.
[AUTO TUNE]     [020: 26214.97]  time:5.190927e-01  MLUPS:013608  cache block size:16720kiB  reps:2  perf err: 22.4%
OMP: Info #276: omp_set_nested routine deprecated, please use omp_set_max_active_levels instead.
[AUTO TUNE]     [020: 25163.53]  time:8.498014e-01  MLUPS:021384  cache block size:16720kiB  reps:3  perf err:  4.2%
OMP: Info #276: omp_set_nested routine deprecated, please use omp_set_max_active_levels instead.
[AUTO TUNE]     [020: 23777.54]  time:1.226367e+00  MLUPS:029160  cache block size:16720kiB  reps:4  perf err:  5.8%
OMP: Info #276: omp_set_nested routine deprecated, please use omp_set_max_active_levels instead.
[AUTO TUNE]     [020: 23789.14]  time:1.552641e+00  MLUPS:036936  cache block size:16720kiB  reps:5  perf err:  0.0%
OMP: Info #276: omp_set_nested routine deprecated, please use omp_set_max_active_levels instead.
[AUTO TUNE]     [024: 31156.76]  time:1.871825e-01  MLUPS:005832  cache block size:19760kiB  reps:1  perf err: 100.0%
OMP: Info #276: omp_set_nested routine deprecated, please use omp_set_max_active_levels instead.
[AUTO TUNE]     [024: 27256.54]  time:4.992562e-01  MLUPS:013608  cache block size:19760kiB  reps:2  perf err: 14.3%
OMP: Info #276: omp_set_nested routine deprecated, please use omp_set_max_active_levels instead.
[AUTO TUNE]     [024: 25115.84]  time:8.514149e-01  MLUPS:021384  cache block size:19760kiB  reps:3  perf err:  8.5%
OMP: Info #276: omp_set_nested routine deprecated, please use omp_set_max_active_levels instead.
[AUTO TUNE]     [024: 24481.60]  time:1.191099e+00  MLUPS:029160  cache block size:19760kiB  reps:4  perf err:  2.6%
OMP: Info #276: omp_set_nested routine deprecated, please use omp_set_max_active_levels instead.
[AUTO TUNE]     [024: 24079.96]  time:1.533890e+00  MLUPS:036936  cache block size:19760kiB  reps:5  perf err:  1.7%
OMP: Info #276: omp_set_nested routine deprecated, please use omp_set_max_active_levels instead.
[AUTO TUNE]     [028: 32983.68]  time:1.768147e-01  MLUPS:005832  cache block size:22800kiB  reps:1  perf err: 100.0%
OMP: Info #276: omp_set_nested routine deprecated, please use omp_set_max_active_levels instead.
[AUTO TUNE]     [028: 26019.39]  time:5.229945e-01  MLUPS:013608  cache block size:22800kiB  reps:2  perf err: 26.8%
OMP: Info #276: omp_set_nested routine deprecated, please use omp_set_max_active_levels instead.
[AUTO TUNE]     [028: 25158.94]  time:8.499562e-01  MLUPS:021384  cache block size:22800kiB  reps:3  perf err:  3.4%
OMP: Info #276: omp_set_nested routine deprecated, please use omp_set_max_active_levels instead.
[AUTO TUNE]     [028: 24249.25]  time:1.202512e+00  MLUPS:029160  cache block size:22800kiB  reps:4  perf err:  3.8%
OMP: Info #276: omp_set_nested routine deprecated, please use omp_set_max_active_levels instead.
[AUTO TUNE]     [028: 24252.83]  time:1.522956e+00  MLUPS:036936  cache block size:22800kiB  reps:5  perf err:  0.0%
OMP: Info #276: omp_set_nested routine deprecated, please use omp_set_max_active_levels instead.
[AUTO TUNE]     [032: 34522.38]  time:1.689339e-01  MLUPS:005832  cache block size:25840kiB  reps:1  perf err: 100.0%
OMP: Info #276: omp_set_nested routine deprecated, please use omp_set_max_active_levels instead.
[AUTO TUNE]     [032: 26783.09]  time:5.080817e-01  MLUPS:013608  cache block size:25840kiB  reps:2  perf err: 28.9%
OMP: Info #276: omp_set_nested routine deprecated, please use omp_set_max_active_levels instead.
[AUTO TUNE]     [032: 25331.30]  time:8.441731e-01  MLUPS:021384  cache block size:25840kiB  reps:3  perf err:  5.7%
OMP: Info #276: omp_set_nested routine deprecated, please use omp_set_max_active_levels instead.
[AUTO TUNE]     [032: 24542.49]  time:1.188143e+00  MLUPS:029160  cache block size:25840kiB  reps:4  perf err:  3.2%
OMP: Info #276: omp_set_nested routine deprecated, please use omp_set_max_active_levels instead.
[AUTO TUNE]     [032: 24238.47]  time:1.523859e+00  MLUPS:036936  cache block size:25840kiB  reps:5  perf err:  1.3%
[AUTO TUNE]   Diamond width:08  [wavefronts #: pefromance (MLUPS/s)]
OMP: Info #276: omp_set_nested routine deprecated, please use omp_set_max_active_levels instead.
[AUTO TUNE]     [004: 40729.03]  time:2.386504e-01  MLUPS:009720  cache block size:11248kiB  reps:1  perf err: 100.0%
OMP: Info #276: omp_set_nested routine deprecated, please use omp_set_max_active_levels instead.
[AUTO TUNE]     [004: 36847.00]  time:6.858631e-01  MLUPS:025272  cache block size:11248kiB  reps:2  perf err: 10.5%
OMP: Info #276: omp_set_nested routine deprecated, please use omp_set_max_active_levels instead.
[AUTO TUNE]     [004: 35926.85]  time:1.136309e+00  MLUPS:040824  cache block size:11248kiB  reps:3  perf err:  2.6%
OMP: Info #276: omp_set_nested routine deprecated, please use omp_set_max_active_levels instead.
[AUTO TUNE]     [004: 35839.16]  time:1.573028e+00  MLUPS:056376  cache block size:11248kiB  reps:4  perf err:  0.2%
OMP: Info #276: omp_set_nested routine deprecated, please use omp_set_max_active_levels instead.
[AUTO TUNE]     [008: 46259.23]  time:2.101202e-01  MLUPS:009720  cache block size:16720kiB  reps:1  perf err: 100.0%
OMP: Info #276: omp_set_nested routine deprecated, please use omp_set_max_active_levels instead.
[AUTO TUNE]     [008: 42139.56]  time:5.997216e-01  MLUPS:025272  cache block size:16720kiB  reps:2  perf err:  9.8%
OMP: Info #276: omp_set_nested routine deprecated, please use omp_set_max_active_levels instead.
[AUTO TUNE]     [008: 41903.19]  time:9.742457e-01  MLUPS:040824  cache block size:16720kiB  reps:3  perf err:  0.6%
OMP: Info #276: omp_set_nested routine deprecated, please use omp_set_max_active_levels instead.
[AUTO TUNE]     [012: 50357.98]  time:1.930181e-01  MLUPS:009720  cache block size:22192kiB  reps:1  perf err: 100.0%
OMP: Info #276: omp_set_nested routine deprecated, please use omp_set_max_active_levels instead.
[AUTO TUNE]     [012: 45084.02]  time:5.605534e-01  MLUPS:025272  cache block size:22192kiB  reps:2  perf err: 11.7%
OMP: Info #276: omp_set_nested routine deprecated, please use omp_set_max_active_levels instead.
[AUTO TUNE]     [012: 44049.00]  time:9.267860e-01  MLUPS:040824  cache block size:22192kiB  reps:3  perf err:  2.3%
OMP: Info #276: omp_set_nested routine deprecated, please use omp_set_max_active_levels instead.
[AUTO TUNE]     [016: 52453.09]  time:1.853084e-01  MLUPS:009720  cache block size:27664kiB  reps:1  perf err: 100.0%
OMP: Info #276: omp_set_nested routine deprecated, please use omp_set_max_active_levels instead.
[AUTO TUNE]     [016: 47642.76]  time:5.304479e-01  MLUPS:025272  cache block size:27664kiB  reps:2  perf err: 10.1%
OMP: Info #276: omp_set_nested routine deprecated, please use omp_set_max_active_levels instead.
[AUTO TUNE]     [016: 46662.57]  time:8.748768e-01  MLUPS:040824  cache block size:27664kiB  reps:3  perf err:  2.1%
OMP: Info #276: omp_set_nested routine deprecated, please use omp_set_max_active_levels instead.
[AUTO TUNE]     [020: 53984.73]  time:1.800509e-01  MLUPS:009720  cache block size:33136kiB  reps:1  perf err: 100.0%
OMP: Info #276: omp_set_nested routine deprecated, please use omp_set_max_active_levels instead.
[AUTO TUNE]     [020: 48486.81]  time:5.212139e-01  MLUPS:025272  cache block size:33136kiB  reps:2  perf err: 11.3%
OMP: Info #276: omp_set_nested routine deprecated, please use omp_set_max_active_levels instead.
[AUTO TUNE]     [020: 48000.27]  time:8.504952e-01  MLUPS:040824  cache block size:33136kiB  reps:3  perf err:  1.0%
OMP: Info #276: omp_set_nested routine deprecated, please use omp_set_max_active_levels instead.
[AUTO TUNE]     [024: 56005.78]  time:1.735535e-01  MLUPS:009720  cache block size:38608kiB  reps:1  perf err: 100.0%
OMP: Info #276: omp_set_nested routine deprecated, please use omp_set_max_active_levels instead.
[AUTO TUNE]     [024: 49176.56]  time:5.139034e-01  MLUPS:025272  cache block size:38608kiB  reps:2  perf err: 13.9%
OMP: Info #276: omp_set_nested routine deprecated, please use omp_set_max_active_levels instead.
[AUTO TUNE]     [024: 48946.55]  time:8.340526e-01  MLUPS:040824  cache block size:38608kiB  reps:3  perf err:  0.5%
OMP: Info #276: omp_set_nested routine deprecated, please use omp_set_max_active_levels instead.
[AUTO TUNE]     [028: 54715.42]  time:1.776465e-01  MLUPS:009720  cache block size:44080kiB  reps:1  perf err: 100.0%
OMP: Info #276: omp_set_nested routine deprecated, please use omp_set_max_active_levels instead.
[AUTO TUNE]     [028: 50451.31]  time:5.009186e-01  MLUPS:025272  cache block size:44080kiB  reps:2  perf err:  8.5%
OMP: Info #276: omp_set_nested routine deprecated, please use omp_set_max_active_levels instead.
[AUTO TUNE]     [028: 49444.32]  time:8.256560e-01  MLUPS:040824  cache block size:44080kiB  reps:3  perf err:  2.0%
OMP: Info #276: omp_set_nested routine deprecated, please use omp_set_max_active_levels instead.
[AUTO TUNE]     [032: 56385.77]  time:1.723839e-01  MLUPS:009720  cache block size:49552kiB  reps:1  perf err: 100.0%
OMP: Info #276: omp_set_nested routine deprecated, please use omp_set_max_active_levels instead.
[AUTO TUNE]     [032: 51707.02]  time:4.887537e-01  MLUPS:025272  cache block size:49552kiB  reps:2  perf err:  9.0%
OMP: Info #276: omp_set_nested routine deprecated, please use omp_set_max_active_levels instead.
[AUTO TUNE]     [032: 50828.04]  time:8.031787e-01  MLUPS:040824  cache block size:49552kiB  reps:3  perf err:  1.7%
OMP: Info #276: omp_set_nested routine deprecated, please use omp_set_max_active_levels instead.
[AUTO TUNE]     [036: 56783.46]  time:1.711766e-01  MLUPS:009720  cache block size:55024kiB  reps:1  perf err: 100.0%
OMP: Info #276: omp_set_nested routine deprecated, please use omp_set_max_active_levels instead.
[AUTO TUNE]     [036: 51732.68]  time:4.885113e-01  MLUPS:025272  cache block size:55024kiB  reps:2  perf err:  9.8%
OMP: Info #276: omp_set_nested routine deprecated, please use omp_set_max_active_levels instead.
[AUTO TUNE]     [036: 50223.09]  time:8.128532e-01  MLUPS:040824  cache block size:55024kiB  reps:3  perf err:  3.0%
OMP: Info #276: omp_set_nested routine deprecated, please use omp_set_max_active_levels instead.
[AUTO TUNE]     [036: 50403.96]  time:1.118484e+00  MLUPS:056376  cache block size:55024kiB  reps:4  perf err:  0.4%
[AUTO TUNE]   Diamond width:12  [wavefronts #: pefromance (MLUPS/s)]
OMP: Info #276: omp_set_nested routine deprecated, please use omp_set_max_active_levels instead.
[AUTO TUNE]     [004: 48319.48]  time:2.816255e-01  MLUPS:013608  cache block size:20368kiB  reps:1  perf err: 100.0%
OMP: Info #276: omp_set_nested routine deprecated, please use omp_set_max_active_levels instead.
[AUTO TUNE]     [004: 45779.09]  time:8.068312e-01  MLUPS:036936  cache block size:20368kiB  reps:2  perf err:  5.5%
OMP: Info #276: omp_set_nested routine deprecated, please use omp_set_max_active_levels instead.
[AUTO TUNE]     [004: 45187.30]  time:1.333649e+00  MLUPS:060264  cache block size:20368kiB  reps:3  perf err:  1.3%
OMP: Info #276: omp_set_nested routine deprecated, please use omp_set_max_active_levels instead.
[AUTO TUNE]     [008: 54995.65]  time:2.474378e-01  MLUPS:013608  cache block size:28272kiB  reps:1  perf err: 100.0%
OMP: Info #276: omp_set_nested routine deprecated, please use omp_set_max_active_levels instead.
[AUTO TUNE]     [008: 52246.87]  time:7.069514e-01  MLUPS:036936  cache block size:28272kiB  reps:2  perf err:  5.3%
OMP: Info #276: omp_set_nested routine deprecated, please use omp_set_max_active_levels instead.
[AUTO TUNE]     [008: 51691.17]  time:1.165847e+00  MLUPS:060264  cache block size:28272kiB  reps:3  perf err:  1.1%
OMP: Info #276: omp_set_nested routine deprecated, please use omp_set_max_active_levels instead.
[AUTO TUNE]     [012: 59683.70]  time:2.280020e-01  MLUPS:013608  cache block size:36176kiB  reps:1  perf err: 100.0%
OMP: Info #276: omp_set_nested routine deprecated, please use omp_set_max_active_levels instead.
[AUTO TUNE]     [012: 57234.41]  time:6.453461e-01  MLUPS:036936  cache block size:36176kiB  reps:2  perf err:  4.3%
OMP: Info #276: omp_set_nested routine deprecated, please use omp_set_max_active_levels instead.
[AUTO TUNE]     [012: 56199.95]  time:1.072314e+00  MLUPS:060264  cache block size:36176kiB  reps:3  perf err:  1.8%
OMP: Info #276: omp_set_nested routine deprecated, please use omp_set_max_active_levels instead.
[AUTO TUNE]     [016: 62171.84]  time:2.188772e-01  MLUPS:013608  cache block size:44080kiB  reps:1  perf err: 100.0%
OMP: Info #276: omp_set_nested routine deprecated, please use omp_set_max_active_levels instead.
[AUTO TUNE]     [016: 59236.15]  time:6.235381e-01  MLUPS:036936  cache block size:44080kiB  reps:2  perf err:  5.0%
OMP: Info #276: omp_set_nested routine deprecated, please use omp_set_max_active_levels instead.
[AUTO TUNE]     [016: 58525.20]  time:1.029710e+00  MLUPS:060264  cache block size:44080kiB  reps:3  perf err:  1.2%
OMP: Info #276: omp_set_nested routine deprecated, please use omp_set_max_active_levels instead.
[AUTO TUNE]     [020: 64024.49]  time:2.125437e-01  MLUPS:013608  cache block size:51984kiB  reps:1  perf err: 100.0%
OMP: Info #276: omp_set_nested routine deprecated, please use omp_set_max_active_levels instead.
[AUTO TUNE]     [020: 60442.44]  time:6.110938e-01  MLUPS:036936  cache block size:51984kiB  reps:2  perf err:  5.9%
OMP: Info #276: omp_set_nested routine deprecated, please use omp_set_max_active_levels instead.
[AUTO TUNE]     [020: 59564.17]  time:1.011749e+00  MLUPS:060264  cache block size:51984kiB  reps:3  perf err:  1.5%
OMP: Info #276: omp_set_nested routine deprecated, please use omp_set_max_active_levels instead.
[AUTO TUNE]     [024: 64647.79]  time:2.104944e-01  MLUPS:013608  cache block size:59888kiB  reps:1  perf err: 100.0%
OMP: Info #276: omp_set_nested routine deprecated, please use omp_set_max_active_levels instead.
[AUTO TUNE]     [024: 61273.86]  time:6.028019e-01  MLUPS:036936  cache block size:59888kiB  reps:2  perf err:  5.5%
OMP: Info #276: omp_set_nested routine deprecated, please use omp_set_max_active_levels instead.
[AUTO TUNE]     [024: 60046.56]  time:1.003621e+00  MLUPS:060264  cache block size:59888kiB  reps:3  perf err:  2.0%
OMP: Info #276: omp_set_nested routine deprecated, please use omp_set_max_active_levels instead.
[AUTO TUNE]     [028: 64693.33]  time:2.103463e-01  MLUPS:013608  cache block size:67792kiB  reps:1  perf err: 100.0%
OMP: Info #276: omp_set_nested routine deprecated, please use omp_set_max_active_levels instead.
[AUTO TUNE]     [028: 61520.82]  time:6.003822e-01  MLUPS:036936  cache block size:67792kiB  reps:2  perf err:  5.2%
OMP: Info #276: omp_set_nested routine deprecated, please use omp_set_max_active_levels instead.
[AUTO TUNE]     [028: 60854.15]  time:9.903022e-01  MLUPS:060264  cache block size:67792kiB  reps:3  perf err:  1.1%
OMP: Info #276: omp_set_nested routine deprecated, please use omp_set_max_active_levels instead.
[AUTO TUNE]     [032: 64819.89]  time:2.099355e-01  MLUPS:013608  cache block size:75696kiB  reps:1  perf err: 100.0%
OMP: Info #276: omp_set_nested routine deprecated, please use omp_set_max_active_levels instead.
[AUTO TUNE]     [032: 62019.41]  time:5.955555e-01  MLUPS:036936  cache block size:75696kiB  reps:2  perf err:  4.5%
OMP: Info #276: omp_set_nested routine deprecated, please use omp_set_max_active_levels instead.
[AUTO TUNE]     [032: 61115.92]  time:9.860606e-01  MLUPS:060264  cache block size:75696kiB  reps:3  perf err:  1.5%
OMP: Info #276: omp_set_nested routine deprecated, please use omp_set_max_active_levels instead.
[AUTO TUNE]     [036: 65408.39]  time:2.080467e-01  MLUPS:013608  cache block size:83600kiB  reps:1  perf err: 100.0%
OMP: Info #276: omp_set_nested routine deprecated, please use omp_set_max_active_levels instead.
[AUTO TUNE]     [036: 61494.49]  time:6.006392e-01  MLUPS:036936  cache block size:83600kiB  reps:2  perf err:  6.4%
OMP: Info #276: omp_set_nested routine deprecated, please use omp_set_max_active_levels instead.
[AUTO TUNE]     [036: 61677.09]  time:9.770890e-01  MLUPS:060264  cache block size:83600kiB  reps:3  perf err:  0.3%
OMP: Info #276: omp_set_nested routine deprecated, please use omp_set_max_active_levels instead.
[AUTO TUNE]     [040: 65351.10]  time:2.082291e-01  MLUPS:013608  cache block size:91504kiB  reps:1  perf err: 100.0%
OMP: Info #276: omp_set_nested routine deprecated, please use omp_set_max_active_levels instead.
[AUTO TUNE]     [040: 61757.12]  time:5.980849e-01  MLUPS:036936  cache block size:91504kiB  reps:2  perf err:  5.8%
OMP: Info #276: omp_set_nested routine deprecated, please use omp_set_max_active_levels instead.
[AUTO TUNE]     [040: 61300.72]  time:9.830880e-01  MLUPS:060264  cache block size:91504kiB  reps:3  perf err:  0.7%
[AUTO TUNE]   Diamond width:20  [wavefronts #: pefromance (MLUPS/s)]
OMP: Info #276: omp_set_nested routine deprecated, please use omp_set_max_active_levels instead.
[AUTO TUNE]     [004: 54745.19]  time:3.906096e-01  MLUPS:021384  cache block size:45904kiB  reps:1  perf err: 100.0%
OMP: Info #276: omp_set_nested routine deprecated, please use omp_set_max_active_levels instead.
[AUTO TUNE]     [004: 55594.81]  time:1.083986e+00  MLUPS:060264  cache block size:45904kiB  reps:2  perf err:  1.5%
OMP: Info #276: omp_set_nested routine deprecated, please use omp_set_max_active_levels instead.
[AUTO TUNE]     [008: 60687.30]  time:3.523637e-01  MLUPS:021384  cache block size:58672kiB  reps:1  perf err: 100.0%
OMP: Info #276: omp_set_nested routine deprecated, please use omp_set_max_active_levels instead.
[AUTO TUNE]     [008: 61907.20]  time:9.734570e-01  MLUPS:060264  cache block size:58672kiB  reps:2  perf err:  2.0%
OMP: Info #276: omp_set_nested routine deprecated, please use omp_set_max_active_levels instead.
[AUTO TUNE]     [012: 65739.22]  time:3.252853e-01  MLUPS:021384  cache block size:71440kiB  reps:1  perf err: 100.0%
OMP: Info #276: omp_set_nested routine deprecated, please use omp_set_max_active_levels instead.
[AUTO TUNE]     [012: 67525.88]  time:8.924578e-01  MLUPS:060264  cache block size:71440kiB  reps:2  perf err:  2.6%
OMP: Info #276: omp_set_nested routine deprecated, please use omp_set_max_active_levels instead.
[AUTO TUNE]     [012: 67630.81]  time:1.465959e+00  MLUPS:099144  cache block size:71440kiB  reps:3  perf err:  0.2%
OMP: Info #276: omp_set_nested routine deprecated, please use omp_set_max_active_levels instead.
[AUTO TUNE]     [016: 68285.88]  time:3.131540e-01  MLUPS:021384  cache block size:84208kiB  reps:1  perf err: 100.0%
OMP: Info #276: omp_set_nested routine deprecated, please use omp_set_max_active_levels instead.
[AUTO TUNE]     [016: 69436.75]  time:8.678978e-01  MLUPS:060264  cache block size:84208kiB  reps:2  perf err:  1.7%
OMP: Info #276: omp_set_nested routine deprecated, please use omp_set_max_active_levels instead.
[AUTO TUNE]     [020: 69524.07]  time:3.075769e-01  MLUPS:021384  cache block size:96976kiB  reps:1  perf err: 100.0%
OMP: Info #276: omp_set_nested routine deprecated, please use omp_set_max_active_levels instead.
[AUTO TUNE]     [020: 71711.01]  time:8.403731e-01  MLUPS:060264  cache block size:96976kiB  reps:2  perf err:  3.0%
OMP: Info #276: omp_set_nested routine deprecated, please use omp_set_max_active_levels instead.
[AUTO TUNE]     [020: 72279.04]  time:1.371684e+00  MLUPS:099144  cache block size:96976kiB  reps:3  perf err:  0.8%
OMP: Info #276: omp_set_nested routine deprecated, please use omp_set_max_active_levels instead.
[AUTO TUNE]     [024: 71563.37]  time:2.988121e-01  MLUPS:021384  cache block size:109744kiB  reps:1  perf err: 100.0%
OMP: Info #276: omp_set_nested routine deprecated, please use omp_set_max_active_levels instead.
[AUTO TUNE]     [024: 73185.11]  time:8.234462e-01  MLUPS:060264  cache block size:109744kiB  reps:2  perf err:  2.2%
OMP: Info #276: omp_set_nested routine deprecated, please use omp_set_max_active_levels instead.
[AUTO TUNE]     [028: 72112.31]  time:2.965374e-01  MLUPS:021384  cache block size:122512kiB  reps:1  perf err: 100.0%
OMP: Info #276: omp_set_nested routine deprecated, please use omp_set_max_active_levels instead.
[AUTO TUNE]     [028: 73773.24]  time:8.168815e-01  MLUPS:060264  cache block size:122512kiB  reps:2  perf err:  2.3%
OMP: Info #276: omp_set_nested routine deprecated, please use omp_set_max_active_levels instead.
[AUTO TUNE]     [032: 74129.71]  time:2.884673e-01  MLUPS:021384  cache block size:135280kiB  reps:1  perf err: 100.0%
OMP: Info #276: omp_set_nested routine deprecated, please use omp_set_max_active_levels instead.
[AUTO TUNE]     [032: 73340.72]  time:8.216990e-01  MLUPS:060264  cache block size:135280kiB  reps:2  perf err:  1.1%
[AUTO TUNE]   Diamond width:24  [wavefronts #: pefromance (MLUPS/s)]
OMP: Info #276: omp_set_nested routine deprecated, please use omp_set_max_active_levels instead.
[AUTO TUNE]     [004: 57098.73]  time:4.426018e-01  MLUPS:025272  cache block size:62320kiB  reps:1  perf err: 100.0%
OMP: Info #276: omp_set_nested routine deprecated, please use omp_set_max_active_levels instead.
[AUTO TUNE]     [004: 58431.35]  time:1.230983e+00  MLUPS:071928  cache block size:62320kiB  reps:2  perf err:  2.3%
OMP: Info #276: omp_set_nested routine deprecated, please use omp_set_max_active_levels instead.
[AUTO TUNE]     [008: 62482.47]  time:4.044654e-01  MLUPS:025272  cache block size:77520kiB  reps:1  perf err: 100.0%
OMP: Info #276: omp_set_nested routine deprecated, please use omp_set_max_active_levels instead.
[AUTO TUNE]     [008: 64077.45]  time:1.122517e+00  MLUPS:071928  cache block size:77520kiB  reps:2  perf err:  2.5%
OMP: Info #276: omp_set_nested routine deprecated, please use omp_set_max_active_levels instead.
[AUTO TUNE]     [012: 68295.59]  time:3.700386e-01  MLUPS:025272  cache block size:92720kiB  reps:1  perf err: 100.0%
OMP: Info #276: omp_set_nested routine deprecated, please use omp_set_max_active_levels instead.
[AUTO TUNE]     [012: 69374.05]  time:1.036814e+00  MLUPS:071928  cache block size:92720kiB  reps:2  perf err:  1.6%
OMP: Info #276: omp_set_nested routine deprecated, please use omp_set_max_active_levels instead.
[AUTO TUNE]     [016: 70347.83]  time:3.592435e-01  MLUPS:025272  cache block size:107920kiB  reps:1  perf err: 100.0%
OMP: Info #276: omp_set_nested routine deprecated, please use omp_set_max_active_levels instead.
[AUTO TUNE]     [016: 73091.67]  time:9.840793e-01  MLUPS:071928  cache block size:107920kiB  reps:2  perf err:  3.8%
OMP: Info #276: omp_set_nested routine deprecated, please use omp_set_max_active_levels instead.
[AUTO TUNE]     [016: 73456.71]  time:1.614339e+00  MLUPS:118584  cache block size:107920kiB  reps:3  perf err:  0.5%
OMP: Info #276: omp_set_nested routine deprecated, please use omp_set_max_active_levels instead.
[AUTO TUNE]     [020: 66910.40]  time:3.776991e-01  MLUPS:025272  cache block size:123120kiB  reps:1  perf err: 100.0%
OMP: Info #276: omp_set_nested routine deprecated, please use omp_set_max_active_levels instead.
[AUTO TUNE]     [020: 74308.99]  time:9.679582e-01  MLUPS:071928  cache block size:123120kiB  reps:2  perf err: 10.0%
OMP: Info #276: omp_set_nested routine deprecated, please use omp_set_max_active_levels instead.
[AUTO TUNE]     [020: 75115.11]  time:1.578697e+00  MLUPS:118584  cache block size:123120kiB  reps:3  perf err:  1.1%
OMP: Info #276: omp_set_nested routine deprecated, please use omp_set_max_active_levels instead.
[AUTO TUNE]     [024: 74290.57]  time:3.401777e-01  MLUPS:025272  cache block size:138320kiB  reps:1  perf err: 100.0%
OMP: Info #276: omp_set_nested routine deprecated, please use omp_set_max_active_levels instead.
[AUTO TUNE]     [024: 76367.35]  time:9.418684e-01  MLUPS:071928  cache block size:138320kiB  reps:2  perf err:  2.7%
OMP: Info #276: omp_set_nested routine deprecated, please use omp_set_max_active_levels instead.
[AUTO TUNE]     [024: 76735.04]  time:1.545370e+00  MLUPS:118584  cache block size:138320kiB  reps:3  perf err:  0.5%
OMP: Info #276: omp_set_nested routine deprecated, please use omp_set_max_active_levels instead.
[AUTO TUNE]     [028: 72960.49]  time:3.463793e-01  MLUPS:025272  cache block size:153520kiB  reps:1  perf err: 100.0%
OMP: Info #276: omp_set_nested routine deprecated, please use omp_set_max_active_levels instead.
[AUTO TUNE]     [028: 75693.17]  time:9.502575e-01  MLUPS:071928  cache block size:153520kiB  reps:2  perf err:  3.6%
OMP: Info #276: omp_set_nested routine deprecated, please use omp_set_max_active_levels instead.
[AUTO TUNE]     [028: 76399.34]  time:1.552160e+00  MLUPS:118584  cache block size:153520kiB  reps:3  perf err:  0.9%
[AUTO TUNE] COMPLETE tune case #10: Thread group size:08  thc:01  thx:01  thy:02  thz:04  t_dim:11  bs_z:24  perf:76735.04 MLUP/s

[AUTO TUNE] START tune case #11: Thread group size:08  thc:01  thx:01  thy:01  thz:08  Possilbe diam width: 4 8 12 20 24
[AUTO TUNE]   Diamond width:04  [wavefronts #: pefromance (MLUPS/s)]
OMP: Info #276: omp_set_nested routine deprecated, please use omp_set_max_active_levels instead.
[AUTO TUNE]     [008: 30189.72]  time:1.931783e-01  MLUPS:005832  cache block size:7600kiB  reps:1  perf err: 100.0%
OMP: Info #276: omp_set_nested routine deprecated, please use omp_set_max_active_levels instead.
[AUTO TUNE]     [008: 24888.13]  time:5.467667e-01  MLUPS:013608  cache block size:7600kiB  reps:2  perf err: 21.3%
OMP: Info #276: omp_set_nested routine deprecated, please use omp_set_max_active_levels instead.
[AUTO TUNE]     [008: 23939.95]  time:8.932349e-01  MLUPS:021384  cache block size:7600kiB  reps:3  perf err:  4.0%
OMP: Info #276: omp_set_nested routine deprecated, please use omp_set_max_active_levels instead.
[AUTO TUNE]     [008: 23928.65]  time:1.218623e+00  MLUPS:029160  cache block size:7600kiB  reps:4  perf err:  0.0%
OMP: Info #276: omp_set_nested routine deprecated, please use omp_set_max_active_levels instead.
[AUTO TUNE]     [016: 32931.32]  time:1.770959e-01  MLUPS:005832  cache block size:13680kiB  reps:1  perf err: 100.0%
OMP: Info #276: omp_set_nested routine deprecated, please use omp_set_max_active_levels instead.
[AUTO TUNE]     [016: 25128.85]  time:5.415289e-01  MLUPS:013608  cache block size:13680kiB  reps:2  perf err: 31.0%
OMP: Info #276: omp_set_nested routine deprecated, please use omp_set_max_active_levels instead.
[AUTO TUNE]     [016: 24418.47]  time:8.757304e-01  MLUPS:021384  cache block size:13680kiB  reps:3  perf err:  2.9%
OMP: Info #276: omp_set_nested routine deprecated, please use omp_set_max_active_levels instead.
[AUTO TUNE]     [016: 24026.46]  time:1.213662e+00  MLUPS:029160  cache block size:13680kiB  reps:4  perf err:  1.6%
OMP: Info #276: omp_set_nested routine deprecated, please use omp_set_max_active_levels instead.
[AUTO TUNE]     [024: 32578.23]  time:1.790153e-01  MLUPS:005832  cache block size:19760kiB  reps:1  perf err: 100.0%
OMP: Info #276: omp_set_nested routine deprecated, please use omp_set_max_active_levels instead.
[AUTO TUNE]     [024: 25764.86]  time:5.281611e-01  MLUPS:013608  cache block size:19760kiB  reps:2  perf err: 26.4%
OMP: Info #276: omp_set_nested routine deprecated, please use omp_set_max_active_levels instead.
[AUTO TUNE]     [024: 24744.36]  time:8.641969e-01  MLUPS:021384  cache block size:19760kiB  reps:3  perf err:  4.1%
OMP: Info #276: omp_set_nested routine deprecated, please use omp_set_max_active_levels instead.
[AUTO TUNE]     [024: 24141.22]  time:1.207893e+00  MLUPS:029160  cache block size:19760kiB  reps:4  perf err:  2.5%
OMP: Info #276: omp_set_nested routine deprecated, please use omp_set_max_active_levels instead.
[AUTO TUNE]     [032: 32449.44]  time:1.797258e-01  MLUPS:005832  cache block size:25840kiB  reps:1  perf err: 100.0%
OMP: Info #276: omp_set_nested routine deprecated, please use omp_set_max_active_levels instead.
[AUTO TUNE]     [032: 25998.29]  time:5.234191e-01  MLUPS:013608  cache block size:25840kiB  reps:2  perf err: 24.8%
OMP: Info #276: omp_set_nested routine deprecated, please use omp_set_max_active_levels instead.
[AUTO TUNE]     [032: 25508.61]  time:8.383051e-01  MLUPS:021384  cache block size:25840kiB  reps:3  perf err:  1.9%
OMP: Info #276: omp_set_nested routine deprecated, please use omp_set_max_active_levels instead.
[AUTO TUNE]     [040: 35396.31]  time:1.647629e-01  MLUPS:005832  cache block size:31920kiB  reps:1  perf err: 100.0%
OMP: Info #276: omp_set_nested routine deprecated, please use omp_set_max_active_levels instead.
[AUTO TUNE]     [040: 26090.59]  time:5.215673e-01  MLUPS:013608  cache block size:31920kiB  reps:2  perf err: 35.7%
OMP: Info #276: omp_set_nested routine deprecated, please use omp_set_max_active_levels instead.
[AUTO TUNE]     [040: 25569.76]  time:8.363003e-01  MLUPS:021384  cache block size:31920kiB  reps:3  perf err:  2.0%
OMP: Info #276: omp_set_nested routine deprecated, please use omp_set_max_active_levels instead.
[AUTO TUNE]     [048: 33142.90]  time:1.759653e-01  MLUPS:005832  cache block size:38000kiB  reps:1  perf err: 100.0%
OMP: Info #276: omp_set_nested routine deprecated, please use omp_set_max_active_levels instead.
[AUTO TUNE]     [048: 26939.18]  time:5.051378e-01  MLUPS:013608  cache block size:38000kiB  reps:2  perf err: 23.0%
OMP: Info #276: omp_set_nested routine deprecated, please use omp_set_max_active_levels instead.
[AUTO TUNE]     [048: 25304.13]  time:8.450794e-01  MLUPS:021384  cache block size:38000kiB  reps:3  perf err:  6.5%
OMP: Info #276: omp_set_nested routine deprecated, please use omp_set_max_active_levels instead.
[AUTO TUNE]     [048: 25074.55]  time:1.162932e+00  MLUPS:029160  cache block size:38000kiB  reps:4  perf err:  0.9%
[AUTO TUNE]   Diamond width:08  [wavefronts #: pefromance (MLUPS/s)]
OMP: Info #276: omp_set_nested routine deprecated, please use omp_set_max_active_levels instead.
[AUTO TUNE]     [008: 48914.05]  time:1.987159e-01  MLUPS:009720  cache block size:16720kiB  reps:1  perf err: 100.0%
OMP: Info #276: omp_set_nested routine deprecated, please use omp_set_max_active_levels instead.
[AUTO TUNE]     [008: 44521.95]  time:5.676301e-01  MLUPS:025272  cache block size:16720kiB  reps:2  perf err:  9.9%
OMP: Info #276: omp_set_nested routine deprecated, please use omp_set_max_active_levels instead.
[AUTO TUNE]     [008: 43877.66]  time:9.304052e-01  MLUPS:040824  cache block size:16720kiB  reps:3  perf err:  1.5%
OMP: Info #276: omp_set_nested routine deprecated, please use omp_set_max_active_levels instead.
[AUTO TUNE]     [016: 52044.21]  time:1.867643e-01  MLUPS:009720  cache block size:27664kiB  reps:1  perf err: 100.0%
OMP: Info #276: omp_set_nested routine deprecated, please use omp_set_max_active_levels instead.
[AUTO TUNE]     [016: 46886.36]  time:5.390054e-01  MLUPS:025272  cache block size:27664kiB  reps:2  perf err: 11.0%
OMP: Info #276: omp_set_nested routine deprecated, please use omp_set_max_active_levels instead.
[AUTO TUNE]     [016: 46313.96]  time:8.814620e-01  MLUPS:040824  cache block size:27664kiB  reps:3  perf err:  1.2%
OMP: Info #276: omp_set_nested routine deprecated, please use omp_set_max_active_levels instead.
[AUTO TUNE]     [024: 55432.93]  time:1.753470e-01  MLUPS:009720  cache block size:38608kiB  reps:1  perf err: 100.0%
OMP: Info #276: omp_set_nested routine deprecated, please use omp_set_max_active_levels instead.
[AUTO TUNE]     [024: 50294.08]  time:5.024846e-01  MLUPS:025272  cache block size:38608kiB  reps:2  perf err: 10.2%
OMP: Info #276: omp_set_nested routine deprecated, please use omp_set_max_active_levels instead.
[AUTO TUNE]     [024: 48834.43]  time:8.359676e-01  MLUPS:040824  cache block size:38608kiB  reps:3  perf err:  3.0%
OMP: Info #276: omp_set_nested routine deprecated, please use omp_set_max_active_levels instead.
[AUTO TUNE]     [024: 48977.15]  time:1.151067e+00  MLUPS:056376  cache block size:38608kiB  reps:4  perf err:  0.3%
OMP: Info #276: omp_set_nested routine deprecated, please use omp_set_max_active_levels instead.
[AUTO TUNE]     [032: 57925.80]  time:1.678009e-01  MLUPS:009720  cache block size:49552kiB  reps:1  perf err: 100.0%
OMP: Info #276: omp_set_nested routine deprecated, please use omp_set_max_active_levels instead.
[AUTO TUNE]     [032: 52018.51]  time:4.858270e-01  MLUPS:025272  cache block size:49552kiB  reps:2  perf err: 11.4%
OMP: Info #276: omp_set_nested routine deprecated, please use omp_set_max_active_levels instead.
[AUTO TUNE]     [032: 51491.51]  time:7.928298e-01  MLUPS:040824  cache block size:49552kiB  reps:3  perf err:  1.0%
OMP: Info #276: omp_set_nested routine deprecated, please use omp_set_max_active_levels instead.
[AUTO TUNE]     [040: 59227.31]  time:1.641135e-01  MLUPS:009720  cache block size:60496kiB  reps:1  perf err: 100.0%
OMP: Info #276: omp_set_nested routine deprecated, please use omp_set_max_active_levels instead.
[AUTO TUNE]     [040: 54198.91]  time:4.662825e-01  MLUPS:025272  cache block size:60496kiB  reps:2  perf err:  9.3%
OMP: Info #276: omp_set_nested routine deprecated, please use omp_set_max_active_levels instead.
[AUTO TUNE]     [040: 52181.85]  time:7.823410e-01  MLUPS:040824  cache block size:60496kiB  reps:3  perf err:  3.9%
OMP: Info #276: omp_set_nested routine deprecated, please use omp_set_max_active_levels instead.
[AUTO TUNE]     [040: 52194.56]  time:1.080113e+00  MLUPS:056376  cache block size:60496kiB  reps:4  perf err:  0.0%
OMP: Info #276: omp_set_nested routine deprecated, please use omp_set_max_active_levels instead.
[AUTO TUNE]     [048: 60319.09]  time:1.611430e-01  MLUPS:009720  cache block size:71440kiB  reps:1  perf err: 100.0%
OMP: Info #276: omp_set_nested routine deprecated, please use omp_set_max_active_levels instead.
[AUTO TUNE]     [048: 55080.25]  time:4.588215e-01  MLUPS:025272  cache block size:71440kiB  reps:2  perf err:  9.5%
OMP: Info #276: omp_set_nested routine deprecated, please use omp_set_max_active_levels instead.
[AUTO TUNE]     [048: 53150.63]  time:7.680813e-01  MLUPS:040824  cache block size:71440kiB  reps:3  perf err:  3.6%
OMP: Info #276: omp_set_nested routine deprecated, please use omp_set_max_active_levels instead.
[AUTO TUNE]     [048: 52745.95]  time:1.068821e+00  MLUPS:056376  cache block size:71440kiB  reps:4  perf err:  0.8%
OMP: Info #276: omp_set_nested routine deprecated, please use omp_set_max_active_levels instead.
[AUTO TUNE]     [056: 61294.19]  time:1.585795e-01  MLUPS:009720  cache block size:82384kiB  reps:1  perf err: 100.0%
OMP: Info #276: omp_set_nested routine deprecated, please use omp_set_max_active_levels instead.
[AUTO TUNE]     [056: 55543.38]  time:4.549957e-01  MLUPS:025272  cache block size:82384kiB  reps:2  perf err: 10.4%
OMP: Info #276: omp_set_nested routine deprecated, please use omp_set_max_active_levels instead.
[AUTO TUNE]     [056: 54167.17]  time:7.536668e-01  MLUPS:040824  cache block size:82384kiB  reps:3  perf err:  2.5%
OMP: Info #276: omp_set_nested routine deprecated, please use omp_set_max_active_levels instead.
[AUTO TUNE]     [056: 53069.49]  time:1.062305e+00  MLUPS:056376  cache block size:82384kiB  reps:4  perf err:  2.1%
OMP: Info #276: omp_set_nested routine deprecated, please use omp_set_max_active_levels instead.
[AUTO TUNE]     [064: 61776.12]  time:1.573423e-01  MLUPS:009720  cache block size:93328kiB  reps:1  perf err: 100.0%
OMP: Info #276: omp_set_nested routine deprecated, please use omp_set_max_active_levels instead.
[AUTO TUNE]     [064: 54949.97]  time:4.599093e-01  MLUPS:025272  cache block size:93328kiB  reps:2  perf err: 12.4%
OMP: Info #276: omp_set_nested routine deprecated, please use omp_set_max_active_levels instead.
[AUTO TUNE]     [064: 53637.17]  time:7.611140e-01  MLUPS:040824  cache block size:93328kiB  reps:3  perf err:  2.4%
OMP: Info #276: omp_set_nested routine deprecated, please use omp_set_max_active_levels instead.
[AUTO TUNE]     [072: 61722.44]  time:1.574792e-01  MLUPS:009720  cache block size:104272kiB  reps:1  perf err: 100.0%
OMP: Info #276: omp_set_nested routine deprecated, please use omp_set_max_active_levels instead.
[AUTO TUNE]     [072: 55235.11]  time:4.575351e-01  MLUPS:025272  cache block size:104272kiB  reps:2  perf err: 11.7%
OMP: Info #276: omp_set_nested routine deprecated, please use omp_set_max_active_levels instead.
[AUTO TUNE]     [072: 53905.48]  time:7.573256e-01  MLUPS:040824  cache block size:104272kiB  reps:3  perf err:  2.5%
OMP: Info #276: omp_set_nested routine deprecated, please use omp_set_max_active_levels instead.
[AUTO TUNE]     [080: 60180.80]  time:1.615133e-01  MLUPS:009720  cache block size:115216kiB  reps:1  perf err: 100.0%
OMP: Info #276: omp_set_nested routine deprecated, please use omp_set_max_active_levels instead.
[AUTO TUNE]     [080: 56205.33]  time:4.496370e-01  MLUPS:025272  cache block size:115216kiB  reps:2  perf err:  7.1%
OMP: Info #276: omp_set_nested routine deprecated, please use omp_set_max_active_levels instead.
[AUTO TUNE]     [080: 53890.74]  time:7.575327e-01  MLUPS:040824  cache block size:115216kiB  reps:3  perf err:  4.3%
OMP: Info #276: omp_set_nested routine deprecated, please use omp_set_max_active_levels instead.
[AUTO TUNE]     [080: 53702.01]  time:1.049793e+00  MLUPS:056376  cache block size:115216kiB  reps:4  perf err:  0.4%
[AUTO TUNE]   Diamond width:12  [wavefronts #: pefromance (MLUPS/s)]
OMP: Info #276: omp_set_nested routine deprecated, please use omp_set_max_active_levels instead.
[AUTO TUNE]     [008: 55771.55]  time:2.439954e-01  MLUPS:013608  cache block size:28272kiB  reps:1  perf err: 100.0%
OMP: Info #276: omp_set_nested routine deprecated, please use omp_set_max_active_levels instead.
[AUTO TUNE]     [008: 52919.34]  time:6.979679e-01  MLUPS:036936  cache block size:28272kiB  reps:2  perf err:  5.4%
OMP: Info #276: omp_set_nested routine deprecated, please use omp_set_max_active_levels instead.
[AUTO TUNE]     [008: 51996.25]  time:1.159007e+00  MLUPS:060264  cache block size:28272kiB  reps:3  perf err:  1.8%
OMP: Info #276: omp_set_nested routine deprecated, please use omp_set_max_active_levels instead.
[AUTO TUNE]     [016: 59251.56]  time:2.296648e-01  MLUPS:013608  cache block size:44080kiB  reps:1  perf err: 100.0%
OMP: Info #276: omp_set_nested routine deprecated, please use omp_set_max_active_levels instead.
[AUTO TUNE]     [016: 54866.17]  time:6.732017e-01  MLUPS:036936  cache block size:44080kiB  reps:2  perf err:  8.0%
OMP: Info #276: omp_set_nested routine deprecated, please use omp_set_max_active_levels instead.
[AUTO TUNE]     [016: 55418.85]  time:1.087428e+00  MLUPS:060264  cache block size:44080kiB  reps:3  perf err:  1.0%
OMP: Info #276: omp_set_nested routine deprecated, please use omp_set_max_active_levels instead.
[AUTO TUNE]     [024: 63775.91]  time:2.133721e-01  MLUPS:013608  cache block size:59888kiB  reps:1  perf err: 100.0%
OMP: Info #276: omp_set_nested routine deprecated, please use omp_set_max_active_levels instead.
[AUTO TUNE]     [024: 61169.38]  time:6.038316e-01  MLUPS:036936  cache block size:59888kiB  reps:2  perf err:  4.3%
OMP: Info #276: omp_set_nested routine deprecated, please use omp_set_max_active_levels instead.
[AUTO TUNE]     [024: 60439.35]  time:9.970988e-01  MLUPS:060264  cache block size:59888kiB  reps:3  perf err:  1.2%
OMP: Info #276: omp_set_nested routine deprecated, please use omp_set_max_active_levels instead.
[AUTO TUNE]     [032: 64509.20]  time:2.109466e-01  MLUPS:013608  cache block size:75696kiB  reps:1  perf err: 100.0%
OMP: Info #276: omp_set_nested routine deprecated, please use omp_set_max_active_levels instead.
[AUTO TUNE]     [032: 63620.65]  time:5.805662e-01  MLUPS:036936  cache block size:75696kiB  reps:2  perf err:  1.4%
OMP: Info #276: omp_set_nested routine deprecated, please use omp_set_max_active_levels instead.
[AUTO TUNE]     [040: 67369.78]  time:2.019897e-01  MLUPS:013608  cache block size:91504kiB  reps:1  perf err: 100.0%
OMP: Info #276: omp_set_nested routine deprecated, please use omp_set_max_active_levels instead.
[AUTO TUNE]     [040: 64629.10]  time:5.715073e-01  MLUPS:036936  cache block size:91504kiB  reps:2  perf err:  4.2%
OMP: Info #276: omp_set_nested routine deprecated, please use omp_set_max_active_levels instead.
[AUTO TUNE]     [040: 63631.64]  time:9.470761e-01  MLUPS:060264  cache block size:91504kiB  reps:3  perf err:  1.6%
OMP: Info #276: omp_set_nested routine deprecated, please use omp_set_max_active_levels instead.
[AUTO TUNE]     [048: 66585.25]  time:2.043696e-01  MLUPS:013608  cache block size:107312kiB  reps:1  perf err: 100.0%
OMP: Info #276: omp_set_nested routine deprecated, please use omp_set_max_active_levels instead.
[AUTO TUNE]     [048: 64486.33]  time:5.727726e-01  MLUPS:036936  cache block size:107312kiB  reps:2  perf err:  3.3%
OMP: Info #276: omp_set_nested routine deprecated, please use omp_set_max_active_levels instead.
[AUTO TUNE]     [048: 63793.45]  time:9.446738e-01  MLUPS:060264  cache block size:107312kiB  reps:3  perf err:  1.1%
OMP: Info #276: omp_set_nested routine deprecated, please use omp_set_max_active_levels instead.
[AUTO TUNE]     [056: 68802.29]  time:1.977841e-01  MLUPS:013608  cache block size:123120kiB  reps:1  perf err: 100.0%
OMP: Info #276: omp_set_nested routine deprecated, please use omp_set_max_active_levels instead.
[AUTO TUNE]     [056: 65681.36]  time:5.623513e-01  MLUPS:036936  cache block size:123120kiB  reps:2  perf err:  4.8%
OMP: Info #276: omp_set_nested routine deprecated, please use omp_set_max_active_levels instead.
[AUTO TUNE]     [056: 64824.12]  time:9.296539e-01  MLUPS:060264  cache block size:123120kiB  reps:3  perf err:  1.3%
OMP: Info #276: omp_set_nested routine deprecated, please use omp_set_max_active_levels instead.
[AUTO TUNE]     [064: 67671.00]  time:2.010906e-01  MLUPS:013608  cache block size:138928kiB  reps:1  perf err: 100.0%
OMP: Info #276: omp_set_nested routine deprecated, please use omp_set_max_active_levels instead.
[AUTO TUNE]     [064: 66091.68]  time:5.588601e-01  MLUPS:036936  cache block size:138928kiB  reps:2  perf err:  2.4%
OMP: Info #276: omp_set_nested routine deprecated, please use omp_set_max_active_levels instead.
[AUTO TUNE]     [072: 70448.56]  time:1.931622e-01  MLUPS:013608  cache block size:154736kiB  reps:1  perf err: 100.0%
OMP: Info #276: omp_set_nested routine deprecated, please use omp_set_max_active_levels instead.
[AUTO TUNE]     [072: 66857.94]  time:5.524549e-01  MLUPS:036936  cache block size:154736kiB  reps:2  perf err:  5.4%
OMP: Info #276: omp_set_nested routine deprecated, please use omp_set_max_active_levels instead.
[AUTO TUNE]     [072: 65782.13]  time:9.161150e-01  MLUPS:060264  cache block size:154736kiB  reps:3  perf err:  1.6%
[AUTO TUNE]   Diamond width:20  [wavefronts #: pefromance (MLUPS/s)]
OMP: Info #276: omp_set_nested routine deprecated, please use omp_set_max_active_levels instead.
[AUTO TUNE]     [008: 60928.32]  time:3.509698e-01  MLUPS:021384  cache block size:58672kiB  reps:1  perf err: 100.0%
OMP: Info #276: omp_set_nested routine deprecated, please use omp_set_max_active_levels instead.
[AUTO TUNE]     [008: 61606.38]  time:9.782104e-01  MLUPS:060264  cache block size:58672kiB  reps:2  perf err:  1.1%
OMP: Info #276: omp_set_nested routine deprecated, please use omp_set_max_active_levels instead.
[AUTO TUNE]     [016: 63633.93]  time:3.360471e-01  MLUPS:021384  cache block size:84208kiB  reps:1  perf err: 100.0%
OMP: Info #276: omp_set_nested routine deprecated, please use omp_set_max_active_levels instead.
[AUTO TUNE]     [016: 64897.60]  time:9.286014e-01  MLUPS:060264  cache block size:84208kiB  reps:2  perf err:  1.9%
OMP: Info #276: omp_set_nested routine deprecated, please use omp_set_max_active_levels instead.
[AUTO TUNE]     [024: 68926.22]  time:3.102448e-01  MLUPS:021384  cache block size:109744kiB  reps:1  perf err: 100.0%
OMP: Info #276: omp_set_nested routine deprecated, please use omp_set_max_active_levels instead.
[AUTO TUNE]     [024: 70139.83]  time:8.591980e-01  MLUPS:060264  cache block size:109744kiB  reps:2  perf err:  1.7%
OMP: Info #276: omp_set_nested routine deprecated, please use omp_set_max_active_levels instead.
[AUTO TUNE]     [032: 71507.35]  time:2.990462e-01  MLUPS:021384  cache block size:135280kiB  reps:1  perf err: 100.0%
OMP: Info #276: omp_set_nested routine deprecated, please use omp_set_max_active_levels instead.
[AUTO TUNE]     [032: 72789.13]  time:8.279259e-01  MLUPS:060264  cache block size:135280kiB  reps:2  perf err:  1.8%
OMP: Info #276: omp_set_nested routine deprecated, please use omp_set_max_active_levels instead.
[AUTO TUNE]     [040: 71713.03]  time:2.981885e-01  MLUPS:021384  cache block size:160816kiB  reps:1  perf err: 100.0%
OMP: Info #276: omp_set_nested routine deprecated, please use omp_set_max_active_levels instead.
[AUTO TUNE]     [040: 74989.05]  time:8.036373e-01  MLUPS:060264  cache block size:160816kiB  reps:2  perf err:  4.4%
OMP: Info #276: omp_set_nested routine deprecated, please use omp_set_max_active_levels instead.
[AUTO TUNE]     [040: 75272.61]  time:1.317132e+00  MLUPS:099144  cache block size:160816kiB  reps:3  perf err:  0.4%
OMP: Info #276: omp_set_nested routine deprecated, please use omp_set_max_active_levels instead.
[AUTO TUNE]     [048: 73689.42]  time:2.901909e-01  MLUPS:021384  cache block size:186352kiB  reps:1  perf err: 100.0%
OMP: Info #276: omp_set_nested routine deprecated, please use omp_set_max_active_levels instead.
[AUTO TUNE]     [048: 75023.75]  time:8.032656e-01  MLUPS:060264  cache block size:186352kiB  reps:2  perf err:  1.8%
[AUTO TUNE]   Diamond width:24  [wavefronts #: pefromance (MLUPS/s)]
OMP: Info #276: omp_set_nested routine deprecated, please use omp_set_max_active_levels instead.
[AUTO TUNE]     [008: 61683.57]  time:4.097039e-01  MLUPS:025272  cache block size:77520kiB  reps:1  perf err: 100.0%
OMP: Info #276: omp_set_nested routine deprecated, please use omp_set_max_active_levels instead.
[AUTO TUNE]     [008: 63739.39]  time:1.128470e+00  MLUPS:071928  cache block size:77520kiB  reps:2  perf err:  3.2%
OMP: Info #276: omp_set_nested routine deprecated, please use omp_set_max_active_levels instead.
[AUTO TUNE]     [008: 63702.72]  time:1.861522e+00  MLUPS:118584  cache block size:77520kiB  reps:3  perf err:  0.1%
OMP: Info #276: omp_set_nested routine deprecated, please use omp_set_max_active_levels instead.
[AUTO TUNE]     [016: 64311.98]  time:3.929594e-01  MLUPS:025272  cache block size:107920kiB  reps:1  perf err: 100.0%
OMP: Info #276: omp_set_nested routine deprecated, please use omp_set_max_active_levels instead.
[AUTO TUNE]     [016: 66877.83]  time:1.075513e+00  MLUPS:071928  cache block size:107920kiB  reps:2  perf err:  3.8%
OMP: Info #276: omp_set_nested routine deprecated, please use omp_set_max_active_levels instead.
[AUTO TUNE]     [016: 67234.70]  time:1.763732e+00  MLUPS:118584  cache block size:107920kiB  reps:3  perf err:  0.5%
OMP: Info #276: omp_set_nested routine deprecated, please use omp_set_max_active_levels instead.
[AUTO TUNE]     [024: 70841.68]  time:3.567392e-01  MLUPS:025272  cache block size:138320kiB  reps:1  perf err: 100.0%
OMP: Info #276: omp_set_nested routine deprecated, please use omp_set_max_active_levels instead.
[AUTO TUNE]     [024: 72288.86]  time:9.950081e-01  MLUPS:071928  cache block size:138320kiB  reps:2  perf err:  2.0%
OMP: Info #276: omp_set_nested routine deprecated, please use omp_set_max_active_levels instead.
[AUTO TUNE]     [032: 64621.30]  time:3.910785e-01  MLUPS:025272  cache block size:168720kiB  reps:1  perf err: 100.0%
OMP: Info #276: omp_set_nested routine deprecated, please use omp_set_max_active_levels instead.
[AUTO TUNE]     [032: 75084.74]  time:9.579576e-01  MLUPS:071928  cache block size:168720kiB  reps:2  perf err: 13.9%
OMP: Info #276: omp_set_nested routine deprecated, please use omp_set_max_active_levels instead.
[AUTO TUNE]     [032: 76059.43]  time:1.559097e+00  MLUPS:118584  cache block size:168720kiB  reps:3  perf err:  1.3%
OMP: Info #276: omp_set_nested routine deprecated, please use omp_set_max_active_levels instead.
[AUTO TUNE]     [040: 65930.94]  time:3.833102e-01  MLUPS:025272  cache block size:199120kiB  reps:1  perf err: 100.0%
OMP: Info #276: omp_set_nested routine deprecated, please use omp_set_max_active_levels instead.
[AUTO TUNE]     [040: 76688.74]  time:9.379213e-01  MLUPS:071928  cache block size:199120kiB  reps:2  perf err: 14.0%
OMP: Info #276: omp_set_nested routine deprecated, please use omp_set_max_active_levels instead.
[AUTO TUNE]     [040: 76533.84]  time:1.549432e+00  MLUPS:118584  cache block size:199120kiB  reps:3  perf err:  0.2%
OMP: Info #276: omp_set_nested routine deprecated, please use omp_set_max_active_levels instead.
[AUTO TUNE]     [048: 68268.93]  time:3.701830e-01  MLUPS:025272  cache block size:229520kiB  reps:1  perf err: 100.0%
OMP: Info #276: omp_set_nested routine deprecated, please use omp_set_max_active_levels instead.
[AUTO TUNE]     [048: 78549.13]  time:9.157072e-01  MLUPS:071928  cache block size:229520kiB  reps:2  perf err: 13.1%
OMP: Info #276: omp_set_nested routine deprecated, please use omp_set_max_active_levels instead.
[AUTO TUNE]     [048: 78882.25]  time:1.503304e+00  MLUPS:118584  cache block size:229520kiB  reps:3  perf err:  0.4%
OMP: Info #276: omp_set_nested routine deprecated, please use omp_set_max_active_levels instead.
[AUTO TUNE]     [056: 65582.18]  time:3.853486e-01  MLUPS:025272  cache block size:259920kiB  reps:1  perf err: 100.0%
OMP: Info #276: omp_set_nested routine deprecated, please use omp_set_max_active_levels instead.
[AUTO TUNE]     [056: 78797.68]  time:9.128187e-01  MLUPS:071928  cache block size:259920kiB  reps:2  perf err: 16.8%
OMP: Info #276: omp_set_nested routine deprecated, please use omp_set_max_active_levels instead.
[AUTO TUNE]     [056: 79787.98]  time:1.486239e+00  MLUPS:118584  cache block size:259920kiB  reps:3  perf err:  1.2%
OMP: Info #276: omp_set_nested routine deprecated, please use omp_set_max_active_levels instead.
[AUTO TUNE]     [064: 76994.03]  time:3.282333e-01  MLUPS:025272  cache block size:290320kiB  reps:1  perf err: 100.0%
OMP: Info #276: omp_set_nested routine deprecated, please use omp_set_max_active_levels instead.
[AUTO TUNE]     [064: 79400.54]  time:9.058880e-01  MLUPS:071928  cache block size:290320kiB  reps:2  perf err:  3.0%
OMP: Info #276: omp_set_nested routine deprecated, please use omp_set_max_active_levels instead.
[AUTO TUNE]     [064: 80048.51]  time:1.481402e+00  MLUPS:118584  cache block size:290320kiB  reps:3  perf err:  0.8%
OMP: Info #276: omp_set_nested routine deprecated, please use omp_set_max_active_levels instead.
[AUTO TUNE]     [072: 57594.21]  time:4.387941e-01  MLUPS:025272  cache block size:320720kiB  reps:1  perf err: 100.0%
OMP: Info #276: omp_set_nested routine deprecated, please use omp_set_max_active_levels instead.
[AUTO TUNE]     [072: 79276.68]  time:9.073034e-01  MLUPS:071928  cache block size:320720kiB  reps:2  perf err: 27.4%
OMP: Info #276: omp_set_nested routine deprecated, please use omp_set_max_active_levels instead.
[AUTO TUNE]     [072: 78347.54]  time:1.513564e+00  MLUPS:118584  cache block size:320720kiB  reps:3  perf err:  1.2%
[AUTO TUNE] COMPLETE tune case #11: Thread group size:08  thc:01  thx:01  thy:01  thz:08  t_dim:11  bs_z:64  perf:80048.51 MLUP/s
[AUTO TUNE]  Tuning time: 732.7 seconds
###INFO: Modified nt from 1000 to 1010 for the intra-diamond method to work properly
Started on Fri Aug  1 11:46:18 2025

******************************************************
Parameters settings
******************************************************
Time stepper name: Diamond
Stencil Kernel name: box
Stencil Kernel semi-bandwidth: 1
Stencil Kernel coefficients: constant
Precision: DP
Global domain    size:1944000000    nx:600    ny:1800    nz:1800
Rank 0 domain    size:1944000000    nx:600    ny:1800    nz:1800
Number of time steps: 1010
Alignment size: 8 Bytes
Number of tests: 3
Verify:   0
Source point enabled: 0
Time unroll:   11
Using separate call to central line update: 0
Halo concatenation: 0
Enable wavefronts: 1
Wavefront parallel strategy: Fixed execution wavefronts
Intra-diamond width:   24
Wavefront width:  86
Cache block size/wf (kiB): 18145
Total cache block size (kiB): 290320
Next larger cache block size/wf (kiB): 21603 (diam_width=28)
Intra-diamond prologue/epilogue MStencils: 25272
Multi-wavefront updates: 64
User set thread group size: -1
Thread group size: 8
Threads along z-axis: 8
Threads along y-axis: 1
Threads along x-axis: 1
Threads per cell    : 1
Threads block: 1
Threads stride: 1
OpenMP Threads: 128
Assumed usable cache size: 0KiB
MPI size: 1
Processors topology (npx, npy, npz): 01,01,01
******************************************************
alignment error
[rank=0] alloc. dom(err=0):29.419363GiB coef(err=0):0.000000GiB total:29.419363GiB

******************************************************
Performance results
******************************************************
OMP: Info #276: omp_set_nested routine deprecated, please use omp_set_max_active_levels instead.
Rank 0 TEST#01 time: 2.440145e+01
OMP: Info #276: omp_set_nested routine deprecated, please use omp_set_max_active_levels instead.
Rank 0 TEST#02 time: 2.427435e+01
OMP: Info #276: omp_set_nested routine deprecated, please use omp_set_max_active_levels instead.
Rank 0 TEST#03 time: 2.427518e+01
******************************************************
Total memory allocation per MPI rank: 45188 MiB
Total time(s): 7.295098e+01
time/test(s): 2.431699e+01

Total RANK0 MStencil/s MIN: 80464.085933  
Total RANK0 MStencil/s MAX: 80885.366323  
******************************************************
MWD main-loop RANK0 MStencil/s MIN: 80894.373077
MWD main-loop RANK0 MStencil/s MAX: 81314.197205
******************************************************
RANK0 ts main loop:         23.835542 (s) - 98.19%
RANK0 ts prologue/epilogue: 0.438880 (s) - 01.81%
RANK0 ts others:            0.000757 (s) - 00.00%
******************************************************
Metric \ core:                  core 00       core 01       core 02       core 03       core 04       core 05       core 06       core 07       core 08       core 09       core 10       core 11       core 12       core 13       core 14       core 15       core 16       core 17       core 18       core 19       core 20       core 21       core 22       core 23       core 24       core 25       core 26       core 27       core 28       core 29       core 30       core 31       core 32       core 33       core 34       core 35       core 36       core 37       core 38       core 39       core 40       core 41       core 42       core 43       core 44       core 45       core 46       core 47       core 48       core 49       core 50       core 51       core 52       core 53       core 54       core 55       core 56       core 57       core 58       core 59       core 60       core 61       core 62       core 63       core 64       core 65       core 66       core 67       core 68       core 69       core 70       core 71       core 72       core 73       core 74       core 75       core 76       core 77       core 78       core 79       core 80       core 81       core 82       core 83       core 84       core 85       core 86       core 87       core 88       core 89       core 90       core 91       core 92       core 93       core 94       core 95       core 96       core 97       core 98       core 99       core 100       core 101       core 102       core 103       core 104       core 105       core 106       core 107       core 108       core 109       core 110       core 111       core 112       core 113       core 114       core 115       core 116       core 117       core 118       core 119       core 120       core 121       core 122       core 123       core 124       core 125       core 126       core 127     
Wavefront synchronization [s]:  1.157548e+00  1.264166e+00  1.296678e+00  7.548969e-01  6.431767e-01  6.842138e-01  6.994324e-01  9.521461e-01  1.211585e+00  1.291641e+00  1.356254e+00  7.764535e-01  6.604604e-01  7.089790e-01  7.583462e-01  1.020680e+00  1.245243e+00  1.326978e+00  1.391574e+00  8.184708e-01  7.183972e-01  7.654018e-01  7.262045e-01  1.061597e+00  1.183028e+00  1.282943e+00  1.334576e+00  7.493903e-01  6.412628e-01  6.752208e-01  7.131666e-01  9.942682e-01  1.145241e+00  1.241649e+00  1.288299e+00  7.106165e-01  6.147713e-01  6.636026e-01  7.058954e-01  9.505037e-01  1.181369e+00  1.268990e+00  1.327577e+00  7.384922e-01  6.479724e-01  7.016081e-01  7.292102e-01  1.004308e+00  1.169080e+00  1.262276e+00  1.303352e+00  7.465440e-01  6.410056e-01  6.916221e-01  7.264694e-01  9.763560e-01  1.156893e+00  1.248976e+00  1.319668e+00  7.436948e-01  6.158743e-01  6.636113e-01  6.887803e-01  9.527722e-01  1.160372e+00  1.254136e+00  1.319513e+00  7.236916e-01  6.221408e-01  6.761846e-01  7.082948e-01  9.846241e-01  1.146429e+00  1.255567e+00  1.302781e+00  7.438204e-01  6.383297e-01  6.925908e-01  7.239185e-01  9.842913e-01  1.200632e+00  1.307418e+00  1.332777e+00  7.765386e-01  6.841445e-01  7.158778e-01  7.673706e-01  1.008562e+00  1.171549e+00  1.287818e+00  1.342637e+00  7.591445e-01  6.750545e-01  6.899756e-01  7.533984e-01  1.016955e+00  1.165992e+00  1.283932e+00  1.323735e+00  7.219775e-01  6.369236e-01  6.633552e-01  7.201483e-01  9.849150e-01  1.158380e+00  1.256029e+00  1.304371e+00  7.246336e-01  6.138638e-01  6.793135e-01  7.178081e-01  9.877494e-01  1.232477e+00  1.309098e+00  1.366435e+00  7.814489e-01  6.934892e-01  7.405510e-01  7.623474e-01  1.015094e+00  1.152773e+00  1.252700e+00  1.288380e+00  7.146268e-01  6.147082e-01  6.747629e-01  7.433510e-01  1.030200e+00
Wavefront synchronization [%]:  04.77         05.21         05.34         03.11         02.65         02.82         02.88         03.92         04.99         05.32         05.59         03.20         02.72         02.92         03.12         04.20         05.13         05.47         05.73         03.37         02.96         03.15         02.99         04.37         04.87         05.29         05.50         03.09         02.64         02.78         02.94         04.10         04.72         05.12         05.31         02.93         02.53         02.73         02.91         03.92         04.87         05.23         05.47         03.04         02.67         02.89         03.00         04.14         04.82         05.20         05.37         03.08         02.64         02.85         02.99         04.02         04.77         05.15         05.44         03.06         02.54         02.73         02.84         03.93         04.78         05.17         05.44         02.98         02.56         02.79         02.92         04.06         04.72         05.17         05.37         03.06         02.63         02.85         02.98         04.05         04.95         05.39         05.49         03.20         02.82         02.95         03.16         04.15         04.83         05.31         05.53         03.13         02.78         02.84         03.10         04.19         04.80         05.29         05.45         02.97         02.62         02.73         02.97         04.06         04.77         05.17         05.37         02.99         02.53         02.80         02.96         04.07         05.08         05.39         05.63         03.22         02.86         03.05         03.14         04.18         04.75         05.16         05.31         02.94         02.53         02.78         03.06         04.24       

Metric \ thread group:       group 00      group 01      group 02      group 03      group 04      group 05      group 06      group 07      group 08      group 09      group 10      group 11      group 12      group 13      group 14      group 15    
Wavefront steady state [s]:  2.310875e+01  2.310794e+01  2.310439e+01  2.310611e+01  2.313773e+01  2.313839e+01  2.307703e+01  2.310116e+01  2.303522e+01  2.309092e+01  2.310661e+01  2.303755e+01  2.309578e+01  2.311340e+01  2.309433e+01  2.310268e+01
Wavefront steady state [%]:  95.20         95.19         95.18         95.19         95.32         95.32         95.07         95.17         94.90         95.12         95.19         94.90         95.14         95.22         95.14         95.17       
Wavefront startup/end [s]:   1.071086e+00  1.109610e+00  1.095541e+00  1.086530e+00  1.091335e+00  1.082322e+00  1.073438e+00  1.070835e+00  1.135345e+00  1.083533e+00  1.089912e+00  1.150700e+00  1.092057e+00  1.117367e+00  1.083828e+00  1.074124e+00
Wavefront startup/end [%]:   04.41         04.57         04.51         04.48         04.50         04.46         04.42         04.41         04.68         04.46         04.49         04.74         04.50         04.60         04.46         04.42       
Wavefront communication [s]:  1.008939e-04  1.078881e-04  1.011118e-04  9.463914e-05  1.020860e-04  9.158067e-05  1.023132e-04  9.771064e-05  1.081284e-04  1.086108e-04  1.098216e-04  1.058280e-04  1.105648e-04  1.088846e-04  1.100451e-04  1.074709e-04
Wavefront communication [%]:  00.00         00.00         00.00         00.00         00.00         00.00         00.00         00.00         00.00         00.00         00.00         00.00         00.00         00.00         00.00         00.00       
Wavefront others [s]:        9.448651e-02  5.676097e-02  7.439317e-02  8.169078e-02  4.525954e-02  5.362156e-02  1.238470e-01  1.023294e-01  1.037477e-01  9.985988e-02  7.778887e-02  8.606400e-02  8.647592e-02  4.354758e-02  9.615600e-02  9.750810e-02
Wavefront others [%]:        00.39         00.23         00.31         00.34         00.19         00.22         00.51         00.42         00.43         00.41         00.32         00.35         00.36         00.18         00.40         00.40       
Group spin-wait [s]:         1.383759e-05  1.201779e-05  1.555309e-05  1.637451e-05  1.924857e-05  1.182221e-05  1.250952e-05  1.183152e-05  1.089275e-05  1.144223e-05  1.173839e-05  1.102127e-05  1.114421e-05  1.169741e-05  1.106970e-05  1.126714e-05
Group spin-wait [%]:         00.00         00.00         00.00         00.00         00.00         00.00         00.00         00.00         00.00         00.00         00.00         00.00         00.00         00.00         00.00         00.00       
Resolved diamonds:           3.890000e+02  3.890000e+02  3.890000e+02  3.890000e+02  3.900000e+02  3.890000e+02  3.895000e+02  3.895000e+02  3.885000e+02  3.895000e+02  3.895000e+02  3.875000e+02  3.890000e+02  3.890000e+02  3.885000e+02  3.895000e+02
******************************************************
COMPLETED SUCCESSFULLY on Fri Aug  1 11:47:31 2025
